rpm,speed,temperature,throttle,battery
3.007745849609375000e+03,8.398337554931640625e+01,9.008862304687500000e+01,5.397323131561279297e+00,1.434135627746582031e+01
9.281000366210937500e+02,2.615060234069824219e+01,8.906886291503906250e+01,3.281435012817382812e+01,1.221621036529541016e+01
2.910152343750000000e+03,8.236823272705078125e+01,9.268647766113281250e+01,1.077409458160400391e+01,1.429002952575683594e+01
1.536684814453125000e+03,4.254461669921875000e+01,9.054852294921875000e+01,3.709222793579101562e+01,1.407447433471679688e+01
1.360127685546875000e+03,3.793458557128906250e+01,9.401470184326171875e+01,7.838935852050781250e+01,1.286119461059570312e+01
3.803639648437500000e+03,1.060378494262695312e+02,9.166085052490234375e+01,1.525459098815917969e+01,1.378438282012939453e+01
2.369945312500000000e+03,6.627361297607421875e+01,9.036567687988281250e+01,4.345631027221679688e+01,1.232938671112060547e+01
3.990142578125000000e+03,1.111814041137695312e+02,8.951685333251953125e+01,8.507338714599609375e+01,1.205951213836669922e+01
3.968466064453125000e+03,1.108061294555664062e+02,8.774238586425781250e+01,8.135265350341796875e+01,1.240099239349365234e+01
3.285586914062500000e+03,2.830237150192260742e-01,8.658721160888671875e+01,4.419326019287109375e+01,1.229819202423095703e+01
1.467825195312500000e+03,4.121532821655273438e+01,9.390763854980468750e+01,4.068571472167968750e+01,1.275448417663574219e+01
1.773020141601562500e+03,4.984159469604492188e+01,9.263510131835937500e+01,4.767329025268554688e+01,1.238458442687988281e+01
9.345518798828125000e+02,2.643634414672851562e+01,9.216751861572265625e+01,6.351681518554687500e+01,1.370040607452392578e+01
3.213287597656250000e+03,8.955693817138671875e+01,8.847654724121093750e+01,6.123368263244628906e+00,1.366431713104248047e+01
3.766177246093750000e+03,1.058399047851562500e+02,8.610169982910156250e+01,6.919570922851562500e+01,1.361990833282470703e+01
3.224172607421875000e+03,8.995047760009765625e+01,8.860554504394531250e+01,7.089315032958984375e+01,1.280831241607666016e+01
3.326562255859375000e+03,9.330310821533203125e+01,9.365959167480468750e+01,6.497276306152343750e+01,1.099586009979248047e+01
2.417272460937500000e+03,6.764443969726562500e+01,8.771439361572265625e+01,7.751913452148437500e+01,1.365553188323974609e+01
2.328930908203125000e+03,6.577732849121093750e+01,8.676402282714843750e+01,7.124966430664062500e+01,1.270253181457519531e+01
3.721014892578125000e+03,1.038726043701171875e+02,9.030332183837890625e+01,6.541302680969238281e+00,1.430976200103759766e+01
2.069964111328125000e+03,5.789482879638671875e+01,1.289668579101562500e+02,8.629795837402343750e+01,1.248820972442626953e+01
2.811395751953125000e+03,7.863647460937500000e+01,9.436625671386718750e+01,4.093911361694335938e+01,1.220623588562011719e+01
1.669009155273437500e+03,4.643580627441406250e+01,8.828122711181640625e+01,4.798444747924804688e+01,1.343445205688476562e+01
1.408295532226562500e+03,3.860177993774414062e+01,9.469086456298828125e+01,6.582402801513671875e+01,1.434112739562988281e+01
2.314998535156250000e+03,6.441682434082031250e+01,9.272931671142578125e+01,2.431395721435546875e+01,1.410705280303955078e+01
1.562683349609375000e+03,4.378186035156250000e+01,9.005277252197265625e+01,5.826443481445312500e+01,1.298775482177734375e+01
1.239076049804687500e+03,3.441338729858398438e+01,8.948729705810546875e+01,3.929181671142578125e+01,1.418771076202392578e+01
3.046378417968750000e+03,8.520742034912109375e+01,9.200412750244140625e+01,3.037756538391113281e+01,1.267958927154541016e+01
2.205920166015625000e+03,6.310164642333984375e+01,9.018304443359375000e+01,9.993181228637695312e+00,1.241063308715820312e+01
2.678609375000000000e+03,7.506420135498046875e+01,9.242866516113281250e+01,8.923062133789062500e+01,1.261670494079589844e+01
8.792586059570312500e+02,2.480126190185546875e+01,9.402608489990234375e+01,9.975431823730468750e+01,1.321897602081298828e+01
1.985198486328125000e+03,5.561296844482421875e+01,9.222727203369140625e+01,6.021539306640625000e+01,1.329594326019287109e+01
3.274560058593750000e+03,9.211970520019531250e+01,9.418423461914062500e+01,7.332045745849609375e+01,1.401177120208740234e+01
2.829386230468750000e+03,7.863694000244140625e+01,8.541152954101562500e+01,1.452724647521972656e+01,1.236597442626953125e+01
1.841518554687500000e+03,5.164325714111328125e+01,9.012243652343750000e+01,3.234444046020507812e+01,1.298254489898681641e+01
1.567117065429687500e+03,4.377412796020507812e+01,8.511906433105468750e+01,2.688828659057617188e+01,1.332771396636962891e+01
2.637678222656250000e+03,7.367359924316406250e+01,9.428594970703125000e+01,7.979312896728515625e+01,1.258454799652099609e+01
8.728452148437500000e+02,2.513088798522949219e+01,8.661865234375000000e+01,3.124183464050292969e+01,1.300746822357177734e+01
3.821003906250000000e+03,1.071374893188476562e+02,9.180013275146484375e+01,3.218320083618164062e+01,1.305883216857910156e+01
2.957261718750000000e+03,8.235843658447265625e+01,9.089790344238281250e+01,6.840000915527343750e+01,1.347036552429199219e+01
3.339488525390625000e+03,9.303977203369140625e+01,8.753223419189453125e+01,8.414394378662109375e+01,1.243025779724121094e+01
1.949429199218750000e+03,5.489967727661132812e+01,9.243848419189453125e+01,8.617526245117187500e+01,1.207498073577880859e+01
2.024260864257812500e+03,5.564574813842773438e+01,8.645860290527343750e+01,1.461278724670410156e+01,1.264051437377929688e+01
1.039749389648437500e+03,2.975174903869628906e+01,9.309579467773437500e+01,4.029627227783203125e+01,1.311208915710449219e+01
2.864594970703125000e+03,7.964376068115234375e+01,8.933121490478515625e+01,6.247640228271484375e+01,1.310892486572265625e+01
2.543081298828125000e+03,7.150854492187500000e+01,8.859378051757812500e+01,8.284725952148437500e+01,1.266003417968750000e+01
1.935947998046875000e+03,5.406888198852539062e+01,8.663005828857421875e+01,9.846160125732421875e+01,1.412396717071533203e+01
2.323924804687500000e+03,6.538800048828125000e+01,8.836864471435546875e+01,8.566683197021484375e+01,1.416549968719482422e+01
2.588139404296875000e+03,7.279016113281250000e+01,8.647164154052734375e+01,6.773546600341796875e+01,1.298941707611083984e+01
3.635108886718750000e+03,4.285390675067901611e-02,9.321633911132812500e+01,1.372892189025878906e+01,1.224437999725341797e+01
9.014948730468750000e+02,2.493691253662109375e+01,8.908354187011718750e+01,2.247911071777343750e+01,1.261830806732177734e+01
1.806142456054687500e+03,5.055866622924804688e+01,9.401690673828125000e+01,5.770508956909179688e+01,1.383265209197998047e+01
2.433852050781250000e+03,6.807411193847656250e+01,8.933430480957031250e+01,4.270321655273437500e+01,1.395424842834472656e+01
2.733773437500000000e+03,7.632425689697265625e+01,8.638109588623046875e+01,4.406082153320312500e+01,1.372166728973388672e+01
2.427215820312500000e+03,6.853471374511718750e+01,8.729557800292968750e+01,3.979368972778320312e+01,1.389970874786376953e+01
1.515873535156250000e+03,4.238001251220703125e+01,8.600840759277343750e+01,7.359243011474609375e+01,1.226485347747802734e+01
1.445401611328125000e+03,3.935089492797851562e+01,9.305586242675781250e+01,1.253260135650634766e+01,1.221686458587646484e+01
1.269581542968750000e+03,3.562128448486328125e+01,8.715619659423828125e+01,9.283055114746093750e+01,1.430171775817871094e+01
3.440683349609375000e+03,9.638152313232421875e+01,8.826633453369140625e+01,1.142910480499267578e+00,1.208831882476806641e+01
1.288320434570312500e+03,3.605381774902343750e+01,8.651930236816406250e+01,1.260527896881103516e+01,1.367620944976806641e+01
1.001330200195312500e+03,2.758150863647460938e+01,9.200575256347656250e+01,6.960016632080078125e+01,1.415347290039062500e+01
2.533177490234375000e+03,7.132749176025390625e+01,9.125086975097656250e+01,7.953041839599609375e+01,1.298366928100585938e+01
3.385338867187500000e+03,9.567477416992187500e+01,8.928379058837890625e+01,8.022356414794921875e+01,1.313750648498535156e+01
3.615158691406250000e+03,1.012333450317382812e+02,9.221339416503906250e+01,9.568927764892578125e+01,1.244657135009765625e+01
3.016284667968750000e+03,8.425804901123046875e+01,9.246913146972656250e+01,3.541031265258789062e+01,1.346372413635253906e+01
1.867277343750000000e+03,5.211310195922851562e+01,8.642043304443359375e+01,1.889856529235839844e+01,1.366960239410400391e+01
1.086043823242187500e+03,3.116595840454101562e+01,8.574181365966796875e+01,3.961654281616210938e+01,1.257572650909423828e+01
1.239957397460937500e+03,3.440424728393554688e+01,9.127532196044921875e+01,3.178358316421508789e+00,1.327749824523925781e+01
1.613322143554687500e+03,4.595225906372070312e+01,8.674600219726562500e+01,2.635544967651367188e+01,1.202055740356445312e+01
1.589614013671875000e+03,4.532388305664062500e+01,9.172309875488281250e+01,3.987652206420898438e+01,1.408869743347167969e+01
8.520227661132812500e+02,2.448114776611328125e+01,9.315763854980468750e+01,7.235593414306640625e+01,1.417272949218750000e+01
1.731514160156250000e+03,4.972702407836914062e+01,9.400682067871093750e+01,8.540887451171875000e+01,1.213428878784179688e+01
1.695442993164062500e+03,4.782307815551757812e+01,9.340944671630859375e+01,7.685169982910156250e+01,1.356937980651855469e+01
1.706578735351562500e+03,4.816389465332031250e+01,8.777697753906250000e+01,3.667430877685546875e+01,1.297740173339843750e+01
2.651549804687500000e+03,7.418680572509765625e+01,9.472346496582031250e+01,9.028926849365234375e+01,1.430474376678466797e+01
1.655624023437500000e+03,4.590524291992187500e+01,8.894046020507812500e+01,1.742505311965942383e+00,1.228598880767822266e+01
3.495341064453125000e+03,9.748193359375000000e+01,9.346270751953125000e+01,5.078350067138671875e+01,1.395674610137939453e+01
3.997476562500000000e+03,1.117760620117187500e+02,8.787345123291015625e+01,5.548706054687500000e+01,1.413508033752441406e+01
3.528452392578125000e+03,1.002077255249023438e+02,9.435343933105468750e+01,9.555423736572265625e+01,1.207679176330566406e+01
3.722819580078125000e+03,1.040727233886718750e+02,8.836380767822265625e+01,1.570254993438720703e+01,1.202952289581298828e+01
3.158110351562500000e+03,8.900686645507812500e+01,9.181529235839843750e+01,6.628572082519531250e+01,1.205577087402343750e+01
3.109240234375000000e+03,8.682672119140625000e+01,9.277674865722656250e+01,1.076448917388916016e+01,1.229552841186523438e+01
2.000504760742187500e+03,5.633208465576171875e+01,9.456947326660156250e+01,7.853582763671875000e+01,1.430683135986328125e+01
2.397635498046875000e+03,6.627355194091796875e+01,8.934209442138671875e+01,8.670767211914062500e+01,1.300831127166748047e+01
3.120586669921875000e+03,8.821733093261718750e+01,9.238580322265625000e+01,3.171531677246093750e+01,1.422504901885986328e+01
1.879659179687500000e+03,5.292252349853515625e+01,8.704380798339843750e+01,8.783017158508300781e+00,1.383256149291992188e+01
1.128080200195312500e+03,3.115952491760253906e+01,8.754822540283203125e+01,5.386671829223632812e+01,1.259058952331542969e+01
2.405490966796875000e+03,6.666295623779296875e+01,9.398342132568359375e+01,6.993123626708984375e+01,1.333120059967041016e+01
2.500754882812500000e+03,6.984577178955078125e+01,9.414146423339843750e+01,6.441363525390625000e+01,1.349242210388183594e+01
2.036713867187500000e+03,5.719688796997070312e+01,8.505850982666015625e+01,8.548863220214843750e+01,1.318288421630859375e+01
8.540507202148437500e+02,2.363128089904785156e+01,8.560594177246093750e+01,2.708715248107910156e+01,1.430354881286621094e+01
2.270596191406250000e+03,6.359138107299804688e+01,8.789569854736328125e+01,2.377178192138671875e+01,1.413581085205078125e+01
2.282815185546875000e+03,6.344024276733398438e+01,8.663999938964843750e+01,1.834660720825195312e+01,1.349006938934326172e+01
1.032163574218750000e+03,2.963692665100097656e+01,8.692549896240234375e+01,6.887295532226562500e+01,1.359188270568847656e+01
2.801485107421875000e+03,7.852595520019531250e+01,9.407261657714843750e+01,6.595903778076171875e+01,1.299036693572998047e+01
2.630922607421875000e+03,7.367179107666015625e+01,8.621690368652343750e+01,6.824893188476562500e+01,1.254178047180175781e+01
2.126553710937500000e+03,5.937170410156250000e+01,9.339303588867187500e+01,5.762347221374511719e+00,1.354021835327148438e+01
2.235972412109375000e+03,6.301525115966796875e+01,9.389730834960937500e+01,2.992300987243652344e+01,1.443554115295410156e+01
1.021648681640625000e+03,2.955414009094238281e+01,9.232209014892578125e+01,5.172842788696289062e+01,1.201412105560302734e+01
3.279779785156250000e+03,9.011154174804687500e+01,9.420962524414062500e+01,2.184648895263671875e+01,1.398916721343994141e+01
2.036197387695312500e+03,5.715139770507812500e+01,8.888393402099609375e+01,1.111770987510681152e+00,1.421565151214599609e+01
3.163234375000000000e+03,8.851569366455078125e+01,9.061818695068359375e+01,7.197825622558593750e+01,1.327233505249023438e+01
1.445065185546875000e+03,3.936055374145507812e+01,9.151277923583984375e+01,4.903080749511718750e+01,1.411083507537841797e+01
1.706032226562500000e+03,4.720010757446289062e+01,9.185867309570312500e+01,5.118223953247070312e+01,1.305729007720947266e+01
2.238977050781250000e+03,6.238523864746093750e+01,8.606449127197265625e+01,9.507943725585937500e+01,1.440364933013916016e+01
9.414106445312500000e+02,2.628816795349121094e+01,8.823463439941406250e+01,2.825960731506347656e+01,1.264822959899902344e+01
2.081357910156250000e+03,5.831105422973632812e+01,9.271416473388671875e+01,6.963311767578125000e+01,1.268038654327392578e+01
3.959214111328125000e+03,1.100182952880859375e+02,9.381568908691406250e+01,4.081418228149414062e+01,1.442831039428710938e+01
1.627497680664062500e+03,4.619955062866210938e+01,8.661103057861328125e+01,9.956607818603515625e+01,1.236384391784667969e+01
3.045318847656250000e+03,8.581090545654296875e+01,9.011538696289062500e+01,2.055584144592285156e+01,1.264527034759521484e+01
2.576135253906250000e+03,7.284977722167968750e+01,8.772045135498046875e+01,4.600374984741210938e+01,1.245380783081054688e+01
3.847349853515625000e+03,1.083968811035156250e+02,9.168035125732421875e+01,9.140605926513671875e+01,1.295188236236572266e+01
7.270955078125000000e+03,1.017266540527343750e+02,9.340785217285156250e+01,8.447716522216796875e+01,1.208010101318359375e+01
3.212066162109375000e+03,9.006053924560546875e+01,8.835047149658203125e+01,8.456993865966796875e+01,1.330017948150634766e+01
1.458635742187500000e+03,4.085675048828125000e+01,8.881703186035156250e+01,4.369381332397460938e+01,1.349595355987548828e+01
1.945657348632812500e+03,5.437477874755859375e+01,8.687236022949218750e+01,9.787133789062500000e+01,1.215465354919433594e+01
1.909608032226562500e+03,5.280731201171875000e+01,9.252165222167968750e+01,2.978748512268066406e+01,1.351669597625732422e+01
3.893421630859375000e+03,1.099039611816406250e+02,9.051472473144531250e+01,7.900382232666015625e+01,1.258498001098632812e+01
2.676771484375000000e+03,7.425933837890625000e+01,9.269977569580078125e+01,8.772647857666015625e+01,1.336662483215332031e+01
1.927303100585937500e+03,5.332788467407226562e+01,8.526768493652343750e+01,1.883265113830566406e+01,1.296623611450195312e+01
1.660018188476562500e+03,9.528650641441345215e-01,8.662102508544921875e+01,9.320929718017578125e+01,1.200108432769775391e+01
3.028390136718750000e+03,8.482104492187500000e+01,8.589505004882812500e+01,3.536837768554687500e+01,1.330108642578125000e+01
8.926749877929687500e+02,2.501284599304199219e+01,8.874003601074218750e+01,5.938061904907226562e+01,1.317711353302001953e+01
1.761149780273437500e+03,4.869559097290039062e+01,9.249701690673828125e+01,5.155916976928710938e+01,1.394908809661865234e+01
2.519013183593750000e+03,7.043535614013671875e+01,9.370565032958984375e+01,3.459128189086914062e+01,1.279060268402099609e+01
3.848661621093750000e+03,1.070523300170898438e+02,8.597325897216796875e+01,6.665464782714843750e+01,1.202380752563476562e+01
9.165822143554687500e+02,2.514763450622558594e+01,9.117128753662109375e+01,8.688852691650390625e+01,1.227701091766357422e+01
3.139295654296875000e+03,8.842330169677734375e+01,8.665753173828125000e+01,4.496424198150634766e+00,1.418309974670410156e+01
1.230381469726562500e+03,3.562757492065429688e+01,8.900199127197265625e+01,1.121104145050048828e+01,1.214958381652832031e+01
1.393909545898437500e+03,3.877180862426757812e+01,9.413027954101562500e+01,3.166075706481933594e+01,1.327015686035156250e+01
1.101508911132812500e+03,3.008798217773437500e+01,9.360839080810546875e+01,1.095062160491943359e+01,1.261699104309082031e+01
2.298625732421875000e+03,6.491610717773437500e+01,8.950576782226562500e+01,1.808844375610351562e+01,1.254229068756103516e+01
2.914256103515625000e+03,8.220225524902343750e+01,9.385097503662109375e+01,4.738446426391601562e+01,1.244496822357177734e+01
3.877429199218750000e+03,1.088058853149414062e+02,8.955928802490234375e+01,8.025260925292968750e+01,1.279475688934326172e+01
3.195458496093750000e+03,8.978182220458984375e+01,9.476761627197265625e+01,3.189720869064331055e+00,1.296644115447998047e+01
1.919583374023437500e+03,5.383802032470703125e+01,8.618130493164062500e+01,1.009493484497070312e+02,1.323525714874267578e+01
1.434553588867187500e+03,4.041268539428710938e+01,9.496756744384765625e+01,9.833927154541015625e+00,1.225082302093505859e+01
1.579875244140625000e+03,4.353196334838867188e+01,9.280639648437500000e+01,9.942567443847656250e+01,1.278477191925048828e+01
3.527569091796875000e+03,9.767582702636718750e+01,8.545829772949218750e+01,1.585873985290527344e+01,1.269891071319580078e+01
2.719374511718750000e+03,7.678830718994140625e+01,8.935025024414062500e+01,3.541819000244140625e+01,1.363797378540039062e+01
1.172555297851562500e+03,3.343570327758789062e+01,9.009651947021484375e+01,3.218504714965820312e+01,1.204091167449951172e+01
2.183473388671875000e+03,6.020813369750976562e+01,9.409050750732421875e+01,9.321102905273437500e+01,1.341074085235595703e+01
2.820881835937500000e+03,7.928796386718750000e+01,9.495507049560546875e+01,5.204957962036132812e+01,1.222950172424316406e+01
1.598583007812500000e+03,4.444075393676757812e+01,9.173522186279296875e+01,2.817005348205566406e+01,1.428811454772949219e+01
3.635120361328125000e+03,1.023160095214843750e+02,8.975488281250000000e+01,4.510673904418945312e+01,1.214697456359863281e+01
3.356656005859375000e+03,9.324727630615234375e+01,9.066462707519531250e+01,8.408047485351562500e+01,1.246287155151367188e+01
3.419356445312500000e+03,9.557955932617187500e+01,9.016493988037109375e+01,4.968173980712890625e+01,1.408881759643554688e+01
2.814732177734375000e+03,7.906713867187500000e+01,9.466934967041015625e+01,1.744810104370117188e+01,1.206667995452880859e+01
1.940215942382812500e+03,5.412618637084960938e+01,8.980609130859375000e+01,6.779428100585937500e+01,1.366740512847900391e+01
2.332116455078125000e+03,6.434535217285156250e+01,8.744099426269531250e+01,9.821797943115234375e+01,1.265987205505371094e+01
3.231645263671875000e+03,8.969156646728515625e+01,9.342570495605468750e+01,8.613484382629394531e+00,1.252880764007568359e+01
1.764677368164062500e+03,4.957339096069335938e+01,9.155915832519531250e+01,1.366044044494628906e+01,1.393856143951416016e+01
3.600015869140625000e+03,1.004396667480468750e+02,8.543475341796875000e+01,1.814984130859375000e+01,1.259186172485351562e+01
3.478635742187500000e+03,9.708209991455078125e+01,9.352478790283203125e+01,8.958132171630859375e+01,1.371602058410644531e+01
9.900499267578125000e+02,2.748533248901367188e+01,8.631253814697265625e+01,8.536994934082031250e+01,1.410073471069335938e+01
1.312143066406250000e+03,3.681915664672851562e+01,9.052545928955078125e+01,6.422976684570312500e+01,1.306856250762939453e+01
2.525157470703125000e+03,7.088684844970703125e+01,9.303678894042968750e+01,9.992576599121093750e+01,1.279879379272460938e+01
2.522018066406250000e+03,6.940999603271484375e+01,9.163860321044921875e+01,8.518106842041015625e+01,1.240509128570556641e+01
3.210105712890625000e+03,8.974530029296875000e+01,9.150943756103515625e+01,9.043576812744140625e+01,1.432076740264892578e+01
3.541914062500000000e+03,9.899667358398437500e+01,9.402818298339843750e+01,8.487327575683593750e+01,1.306121730804443359e+01
2.968507812500000000e+03,8.209313201904296875e+01,9.006330108642578125e+01,6.942624664306640625e+01,1.345279121398925781e+01
1.050162963867187500e+03,2.962195777893066406e+01,9.418862152099609375e+01,7.168687438964843750e+01,1.356277561187744141e+01
1.204781982421875000e+03,3.405810928344726562e+01,8.658461761474609375e+01,7.943290710449218750e+01,1.339273738861083984e+01
1.313661132812500000e+03,3.726023483276367188e+01,9.189109802246093750e+01,1.087962836027145386e-02,1.334217357635498047e+01
1.925300903320312500e+03,5.423295593261718750e+01,9.093443298339843750e+01,9.569090270996093750e+01,1.304156112670898438e+01
1.281221923828125000e+03,3.711378097534179688e+01,8.598135375976562500e+01,3.707642745971679688e+01,1.356138038635253906e+01
2.961102294921875000e+03,8.311102294921875000e+01,9.491000366210937500e+01,1.617824554443359375e+01,1.399878120422363281e+01
1.612888671875000000e+03,4.588850021362304688e+01,8.671722412109375000e+01,9.412325286865234375e+01,1.421729373931884766e+01
1.571994873046875000e+03,4.289863967895507812e+01,9.220265960693359375e+01,9.209751129150390625e+01,1.417558288574218750e+01
2.843690185546875000e+03,7.956998443603515625e+01,9.358873748779296875e+01,3.334587478637695312e+01,1.280557537078857422e+01
1.752890502929687500e+03,4.903443908691406250e+01,8.905417633056640625e+01,8.173428344726562500e+01,1.341133308410644531e+01
1.644907836914062500e+03,4.559325790405273438e+01,8.540431976318359375e+01,3.643615722656250000e+01,1.419742202758789062e+01
9.027775268554687500e+02,2.610407066345214844e+01,8.627585601806640625e+01,2.227320289611816406e+01,1.281635093688964844e+01
2.132496582031250000e+03,5.888900375366210938e+01,9.245137786865234375e+01,9.454745483398437500e+01,1.295202445983886719e+01
1.095254028320312500e+03,3.095773887634277344e+01,9.277038574218750000e+01,2.579897880554199219e+01,1.263707160949707031e+01
3.381460449218750000e+03,9.556715393066406250e+01,8.671572875976562500e+01,3.126323699951171875e+01,1.438395309448242188e+01
1.759892578125000000e+03,4.808317184448242188e+01,8.743832397460937500e+01,8.670967864990234375e+01,1.261754989624023438e+01
3.101460205078125000e+03,8.645642089843750000e+01,9.113964080810546875e+01,7.998809051513671875e+01,1.268715476989746094e+01
3.450222412109375000e+03,9.727635192871093750e+01,8.793037414550781250e+01,9.534202575683593750e+01,1.298778820037841797e+01
3.993924316406250000e+03,1.115349197387695312e+02,9.482608795166015625e+01,1.438962554931640625e+01,1.322981166839599609e+01
1.424642578125000000e+03,4.090814208984375000e+01,8.852106475830078125e+01,5.036123275756835938e+01,1.342486286163330078e+01
1.873220092773437500e+03,5.237392425537109375e+01,8.605815887451171875e+01,8.570027160644531250e+01,1.391834259033203125e+01
2.108449462890625000e+03,5.796867370605468750e+01,9.020197296142578125e+01,3.700007629394531250e+01,1.324587440490722656e+01
3.160211669921875000e+03,8.850802612304687500e+01,9.314665985107421875e+01,8.117740631103515625e+01,1.315756702423095703e+01
1.074962280273437500e+03,3.044164085388183594e+01,8.989923095703125000e+01,7.342852592468261719e+00,1.416064739227294922e+01
1.913166137695312500e+03,5.392483520507812500e+01,8.573149108886718750e+01,3.787985610961914062e+01,1.431549644470214844e+01
2.572359863281250000e+03,7.276499938964843750e+01,9.295974731445312500e+01,9.559842681884765625e+01,1.232667636871337891e+01
2.947441894531250000e+03,8.226628875732421875e+01,9.472186279296875000e+01,5.470080184936523438e+01,1.352472209930419922e+01
1.779061157226562500e+03,4.993258285522460938e+01,8.676773071289062500e+01,8.566143035888671875e+01,1.389629840850830078e+01
2.927780761718750000e+03,8.209945678710937500e+01,9.141753387451171875e+01,9.616234588623046875e+01,1.205889606475830078e+01
3.071682128906250000e+03,8.649925231933593750e+01,9.349552917480468750e+01,8.683598637580871582e-01,1.242598915100097656e+01
1.768868896484375000e+03,4.926246261596679688e+01,9.251541900634765625e+01,9.377667236328125000e+01,1.223512554168701172e+01
3.978779296875000000e+03,1.112779006958007812e+02,8.562062835693359375e+01,4.582620239257812500e+01,1.232257556915283203e+01
2.139298583984375000e+03,6.000883865356445312e+01,9.028367614746093750e+01,1.300464439392089844e+01,1.252483558654785156e+01
3.289379150390625000e+03,9.169010925292968750e+01,9.342804718017578125e+01,1.858584785461425781e+01,1.397524356842041016e+01
1.127509887695312500e+03,3.055241394042968750e+01,9.030346679687500000e+01,6.134505081176757812e+01,1.348933124542236328e+01
3.534011962890625000e+03,9.787717437744140625e+01,8.814285278320312500e+01,5.755465698242187500e+01,1.231737804412841797e+01
2.726681152343750000e+03,7.607730865478515625e+01,8.926634979248046875e+01,1.940000534057617188e+01,1.362699699401855469e+01
2.823397705078125000e+03,7.854172515869140625e+01,9.154447937011718750e+01,4.177257919311523438e+01,1.379525756835937500e+01
1.503979003906250000e+03,4.176438903808593750e+01,9.236354064941406250e+01,2.219540405273437500e+01,1.312803840637207031e+01
8.311410522460937500e+02,2.351105690002441406e+01,8.600744628906250000e+01,9.910199737548828125e+01,1.262316226959228516e+01
3.492224365234375000e+03,9.705575561523437500e+01,9.249683380126953125e+01,3.619935607910156250e+01,1.341493511199951172e+01
3.539706054687500000e+03,9.949382781982421875e+01,8.533058929443359375e+01,5.727041244506835938e+01,1.220822334289550781e+01
2.366684082031250000e+03,6.692835998535156250e+01,9.128913879394531250e+01,4.691094207763671875e+01,1.266017436981201172e+01
1.443533813476562500e+03,4.074072647094726562e+01,9.094947814941406250e+01,1.259886360168457031e+01,1.247914314270019531e+01
2.264559082031250000e+03,6.360493850708007812e+01,8.798851776123046875e+01,1.994278717041015625e+01,1.407609272003173828e+01
3.821266113281250000e+03,1.068102645874023438e+02,8.526201629638671875e+01,2.426740455627441406e+01,1.291671848297119141e+01
3.250927246093750000e+03,9.060229492187500000e+01,8.988976287841796875e+01,1.779827880859375000e+01,1.388446235656738281e+01
2.968619628906250000e+03,8.293902587890625000e+01,9.169482421875000000e+01,2.949148750305175781e+01,1.278698539733886719e+01
9.268072509765625000e+02,2.641393852233886719e+01,8.992961883544921875e+01,7.279543304443359375e+01,1.387675666809082031e+01
8.620996704101562500e+02,2.406013298034667969e+01,9.036486816406250000e+01,4.595471572875976562e+01,1.440503597259521484e+01
3.917111083984375000e+03,1.095957107543945312e+02,8.578939819335937500e+01,9.521925354003906250e+01,1.423155689239501953e+01
2.785055419921875000e+03,7.649434661865234375e+01,9.380001831054687500e+01,8.001288604736328125e+01,1.304934692382812500e+01
2.179348144531250000e+03,6.125068283081054688e+01,8.825179290771484375e+01,1.323550987243652344e+01,1.211790466308593750e+01
3.502123291015625000e+03,9.834181213378906250e+01,8.626241302490234375e+01,1.244488525390625000e+01,1.304183101654052734e+01
3.690840576171875000e+03,1.023490829467773438e+02,8.957263946533203125e+01,9.907977294921875000e+01,1.329090213775634766e+01
2.346014892578125000e+03,6.561566162109375000e+01,8.735796356201171875e+01,2.912095785140991211e+00,1.362639617919921875e+01
9.963289184570312500e+02,2.803499603271484375e+01,9.084491729736328125e+01,2.909671783447265625e+01,1.273280715942382812e+01
2.486045166015625000e+03,-3.843263685703277588e-01,8.849920654296875000e+01,6.340525054931640625e+01,1.386879348754882812e+01
2.174020751953125000e+03,6.120296859741210938e+01,9.169076538085937500e+01,4.349534606933593750e+01,1.311927413940429688e+01
1.482220458984375000e+03,4.188353729248046875e+01,8.615310668945312500e+01,2.787492179870605469e+01,1.241559219360351562e+01
2.476828369140625000e+03,6.930698394775390625e+01,9.326982116699218750e+01,2.322255611419677734e+00,1.219783020019531250e+01
2.103791015625000000e+03,5.925977325439453125e+01,8.695194244384765625e+01,9.931182098388671875e+01,1.277533721923828125e+01
2.311445556640625000e+03,6.501501464843750000e+01,9.279113769531250000e+01,7.701098632812500000e+01,1.326183891296386719e+01
3.002875000000000000e+03,8.348238372802734375e+01,8.983325195312500000e+01,5.201993560791015625e+01,1.347820472717285156e+01
1.258695068359375000e+03,3.459255218505859375e+01,8.644982910156250000e+01,5.218871688842773438e+01,1.249244976043701172e+01
3.136886718750000000e+03,8.810941314697265625e+01,9.293922424316406250e+01,7.367169952392578125e+01,1.321930503845214844e+01
3.704103271484375000e+03,1.042080688476562500e+02,9.163101959228515625e+01,7.931172180175781250e+01,1.230491828918457031e+01
2.612788818359375000e+03,7.332592010498046875e+01,8.828565979003906250e+01,9.948182106018066406e+00,1.430339050292968750e+01
3.557727539062500000e+03,9.859638977050781250e+01,9.174399566650390625e+01,1.346987438201904297e+01,1.014963912963867188e+01
2.259208740234375000e+03,6.385454177856445312e+01,8.632032012939453125e+01,7.018280792236328125e+01,1.448079395294189453e+01
1.156641967773437500e+03,3.214223480224609375e+01,8.925859069824218750e+01,6.108343124389648438e+01,1.200985622406005859e+01
3.096297851562500000e+03,8.748924255371093750e+01,8.702074432373046875e+01,2.659746360778808594e+01,1.392184638977050781e+01
1.896480957031250000e+03,5.348490142822265625e+01,8.994599914550781250e+01,1.239380550384521484e+01,1.259616565704345703e+01
2.973162841796875000e+03,8.288565063476562500e+01,9.306533050537109375e+01,8.963800811767578125e+01,1.295677661895751953e+01
2.499450927734375000e+03,6.985977935791015625e+01,8.783128356933593750e+01,5.856637954711914062e+01,1.309509754180908203e+01
3.418327636718750000e+03,9.634272766113281250e+01,8.763449096679687500e+01,9.295989990234375000e+01,1.228796482086181641e+01
2.256911865234375000e+03,6.274325942993164062e+01,8.753995513916015625e+01,8.870938110351562500e+01,1.427030658721923828e+01
1.033957885742187500e+03,2.905837249755859375e+01,8.552302551269531250e+01,3.946571731567382812e+01,1.234597587585449219e+01
2.057222412109375000e+03,5.738232803344726562e+01,9.230708312988281250e+01,3.492694091796875000e+01,1.442011642456054688e+01
8.736288452148437500e+02,2.334213829040527344e+01,8.860906219482421875e+01,1.500399208068847656e+01,1.294372749328613281e+01
8.627000732421875000e+02,2.400171089172363281e+01,9.328796386718750000e+01,5.450163650512695312e+01,1.289984130859375000e+01
3.117591552734375000e+03,8.697048187255859375e+01,8.775254821777343750e+01,5.838097000122070312e+01,1.330598163604736328e+01
1.066307006835937500e+03,2.899418640136718750e+01,8.539981842041015625e+01,7.795525360107421875e+01,1.416455841064453125e+01
3.820105468750000000e+03,1.067192459106445312e+02,8.865772247314453125e+01,1.993194580078125000e+01,1.448811912536621094e+01
3.489881103515625000e+03,9.831319427490234375e+01,9.031101226806640625e+01,2.490617752075195312e+01,1.398104667663574219e+01
1.697094604492187500e+03,4.740610504150390625e+01,9.214752197265625000e+01,6.178438568115234375e+01,1.403207969665527344e+01
3.933838623046875000e+03,1.099672164916992188e+02,8.968935394287109375e+01,1.598670482635498047e+01,1.244636058807373047e+01
3.718387207031250000e+03,1.038650588989257812e+02,9.345285797119140625e+01,3.111242485046386719e+01,1.337977313995361328e+01
2.346506591796875000e+03,6.613559722900390625e+01,9.469216156005859375e+01,9.608821105957031250e+01,1.308931255340576172e+01
3.941790039062500000e+03,1.102645645141601562e+02,9.406716156005859375e+01,5.259113693237304688e+01,1.358634471893310547e+01
3.484925292968750000e+03,9.782400512695312500e+01,1.323015441894531250e+02,5.028516769409179688e+01,1.212174415588378906e+01
1.004712158203125000e+03,2.755614280700683594e+01,8.601786041259765625e+01,8.555764198303222656e+00,1.277805805206298828e+01
3.639641113281250000e+03,1.017022018432617188e+02,9.423394775390625000e+01,1.388100528717041016e+01,1.403024768829345703e+01
2.153844482421875000e+03,-5.053173303604125977e-01,8.737685394287109375e+01,6.469350433349609375e+01,1.318121051788330078e+01
3.597666259765625000e+03,1.001696395874023438e+02,8.901284790039062500e+01,7.660893249511718750e+01,1.264809894561767578e+01
2.898056152343750000e+03,8.204273223876953125e+01,9.072814178466796875e+01,9.794187164306640625e+01,1.278990459442138672e+01
1.618008789062500000e+03,4.601741027832031250e+01,8.716399383544921875e+01,8.290382385253906250e+01,1.254779148101806641e+01
1.391420776367187500e+03,3.885792541503906250e+01,8.688557434082031250e+01,7.195345306396484375e+01,1.262502193450927734e+01
3.865170898437500000e+03,1.084269256591796875e+02,8.640890502929687500e+01,5.488396286964416504e-01,1.414222908020019531e+01
2.543653320312500000e+03,7.091957092285156250e+01,9.489440155029296875e+01,6.521566867828369141e+00,1.433028316497802734e+01
3.347782714843750000e+03,9.368870544433593750e+01,8.927400207519531250e+01,5.731535911560058594e+00,1.379435920715332031e+01
3.632135742187500000e+03,1.023654785156250000e+02,8.897924041748046875e+01,8.659040069580078125e+01,1.289523506164550781e+01
3.287656738281250000e+03,9.187151336669921875e+01,8.938336944580078125e+01,8.148398399353027344e+00,1.399682140350341797e+01
2.133453125000000000e+03,5.976260375976562500e+01,8.562570953369140625e+01,1.094873237609863281e+01,1.223838329315185547e+01
1.748600341796875000e+03,4.948966598510742188e+01,9.007046508789062500e+01,3.643518829345703125e+01,1.301078033447265625e+01
2.250495849609375000e+03,6.310257720947265625e+01,8.843292236328125000e+01,4.203817749023437500e+01,1.439802360534667969e+01
2.914819824218750000e+03,8.133834075927734375e+01,9.107881164550781250e+01,3.003670310974121094e+01,1.255257892608642578e+01
3.129098632812500000e+03,8.810159301757812500e+01,8.818326568603515625e+01,4.612088775634765625e+01,1.306194210052490234e+01
1.966320190429687500e+03,5.593864440917968750e+01,9.328615570068359375e+01,2.416811370849609375e+01,1.285719013214111328e+01
3.339782958984375000e+03,9.415114593505859375e+01,9.055461883544921875e+01,8.020597839355468750e+01,1.431175422668457031e+01
2.628956787109375000e+03,7.273869323730468750e+01,8.716941833496093750e+01,2.636211395263671875e+01,1.266741085052490234e+01
3.427429199218750000e+03,9.568287658691406250e+01,9.128473663330078125e+01,4.356124877929687500e+01,1.238414287567138672e+01
1.924711791992187500e+03,5.346818161010742188e+01,8.671831512451171875e+01,2.166717147827148438e+01,1.209673500061035156e+01
2.208752197265625000e+03,6.114748764038085938e+01,8.915467834472656250e+01,3.849867630004882812e+01,1.227785110473632812e+01
3.616495849609375000e+03,1.008037643432617188e+02,9.185752105712890625e+01,5.001622772216796875e+01,1.359244060516357422e+01
2.243666259765625000e+03,6.248820495605468750e+01,8.506716156005859375e+01,2.881993103027343750e+01,1.387830924987792969e+01
6.895028320312500000e+03,9.559108734130859375e+01,9.013095855712890625e+01,1.220614433288574219e+01,1.444629287719726562e+01
1.841958251953125000e+03,5.147694396972656250e+01,8.654827880859375000e+01,7.874442291259765625e+01,1.215179920196533203e+01
2.900767578125000000e+03,8.126817321777343750e+01,8.652449798583984375e+01,2.583962631225585938e+01,1.330431652069091797e+01
1.238969116210937500e+03,3.458311080932617188e+01,9.032959747314453125e+01,2.829936742782592773e-01,1.335725879669189453e+01
2.682459472656250000e+03,7.508869171142578125e+01,9.355962371826171875e+01,6.100244903564453125e+01,1.232284069061279297e+01
2.891492431640625000e+03,8.169628143310546875e+01,8.979045867919921875e+01,4.972875118255615234e+00,1.298768901824951172e+01
1.102293334960937500e+03,3.163209152221679688e+01,8.762460327148437500e+01,9.368131256103515625e+01,1.260242652893066406e+01
3.753166015625000000e+03,1.047563552856445312e+02,9.204396820068359375e+01,1.491841793060302734e+01,1.333346843719482422e+01
3.081551025390625000e+03,8.631008911132812500e+01,8.873587799072265625e+01,2.172317504882812500e+00,9.999057769775390625e+00
1.208192138671875000e+03,3.372201919555664062e+01,9.493589782714843750e+01,1.902086257934570312e+01,1.225285530090332031e+01
7.200088867187500000e+03,7.539670562744140625e+01,8.923091888427734375e+01,8.171611022949218750e+01,1.431565380096435547e+01
2.344971679687500000e+03,6.553919982910156250e+01,8.534844207763671875e+01,3.542579174041748047e+00,1.287342071533203125e+01
2.811552246093750000e+03,7.884564208984375000e+01,9.253706359863281250e+01,9.259623718261718750e+01,1.388458728790283203e+01
2.517919189453125000e+03,7.045897674560546875e+01,9.352776336669921875e+01,7.514178466796875000e+01,1.357053279876708984e+01
1.909026000976562500e+03,5.304088211059570312e+01,8.940746307373046875e+01,8.872856903076171875e+01,1.320233631134033203e+01
8.930291748046875000e+02,2.487699699401855469e+01,9.149208831787109375e+01,5.739842224121093750e+01,1.239060306549072266e+01
1.745003173828125000e+03,4.858686447143554688e+01,8.990831756591796875e+01,2.735493087768554688e+01,1.366823863983154297e+01
1.360991088867187500e+03,3.860371780395507812e+01,9.191674804687500000e+01,9.523171234130859375e+01,1.297321128845214844e+01
2.456265136718750000e+03,6.876427459716796875e+01,8.622972106933593750e+01,1.058533477783203125e+01,1.238259220123291016e+01
8.730389404296875000e+02,2.432273483276367188e+01,1.246268005371093750e+02,6.851665496826171875e+01,1.325835132598876953e+01
8.451028442382812500e+02,2.416791152954101562e+01,8.652812957763671875e+01,2.184113311767578125e+01,1.418187522888183594e+01
2.402371826171875000e+03,6.718469238281250000e+01,8.513936614990234375e+01,2.296560287475585938e+01,1.232955551147460938e+01
1.862776000976562500e+03,5.149000167846679688e+01,9.215544128417968750e+01,1.282973194122314453e+01,1.248786067962646484e+01
3.943301757812500000e+03,1.104612731933593750e+02,9.284197998046875000e+01,6.049504470825195312e+01,1.268273925781250000e+01
2.128101562500000000e+03,6.035808563232421875e+01,8.535446929931640625e+01,2.445043182373046875e+01,1.319532203674316406e+01
2.115689941406250000e+03,5.942604064941406250e+01,8.609089660644531250e+01,9.166599273681640625e+01,1.349786472320556641e+01
2.103842041015625000e+03,5.947409439086914062e+01,8.591726684570312500e+01,6.043034362792968750e+01,1.325424957275390625e+01
1.050428833007812500e+03,2.936920356750488281e+01,9.461833190917968750e+01,8.497475624084472656e+00,1.409028911590576172e+01
3.900238525390625000e+03,1.093176651000976562e+02,8.586991119384765625e+01,9.805200958251953125e+01,1.237370204925537109e+01
1.527228271484375000e+03,4.264652252197265625e+01,9.251879119873046875e+01,1.569692802429199219e+01,1.432460594177246094e+01
2.403604736328125000e+03,6.741656494140625000e+01,8.815058135986328125e+01,3.133226776123046875e+01,1.386279296875000000e+01
3.055482666015625000e+03,8.411998748779296875e+01,8.956404113769531250e+01,3.863414382934570312e+01,1.290399742126464844e+01
1.536001220703125000e+03,4.311809158325195312e+01,9.123268890380859375e+01,7.609288024902343750e+01,1.224443340301513672e+01
3.249498779296875000e+03,9.170813751220703125e+01,9.351995849609375000e+01,7.239723205566406250e+01,1.284823608398437500e+01
1.868776489257812500e+03,5.256796646118164062e+01,9.180556488037109375e+01,4.214675521850585938e+01,1.311316967010498047e+01
1.588722778320312500e+03,4.402400970458984375e+01,8.725778198242187500e+01,6.560475921630859375e+01,1.281877994537353516e+01
2.114254882812500000e+03,5.925246047973632812e+01,8.800364685058593750e+01,2.727771377563476562e+01,1.290152072906494141e+01
2.743076660156250000e+03,7.742259216308593750e+01,8.869984436035156250e+01,4.176192855834960938e+01,1.229599761962890625e+01
1.717580444335937500e+03,4.963650894165039062e+01,9.422389221191406250e+01,5.568324279785156250e+01,1.250669479370117188e+01
2.326450927734375000e+03,6.398014068603515625e+01,8.566215515136718750e+01,6.775231170654296875e+01,1.205915355682373047e+01
2.479836914062500000e+03,6.934056091308593750e+01,9.279929351806640625e+01,8.995301818847656250e+01,1.409720706939697266e+01
3.875362792968750000e+03,1.084021835327148438e+02,8.792642974853515625e+01,3.859633636474609375e+01,1.241201305389404297e+01
2.862394775390625000e+03,7.971910858154296875e+01,8.908296203613281250e+01,7.842097473144531250e+01,1.238716983795166016e+01
3.221278076171875000e+03,9.070699310302734375e+01,9.428526306152343750e+01,5.042193603515625000e+01,1.332955932617187500e+01
2.525338623046875000e+03,7.025707244873046875e+01,8.885414123535156250e+01,8.358629608154296875e+01,1.218784809112548828e+01
8.237100830078125000e+02,2.235642433166503906e+01,8.896498870849609375e+01,7.316377258300781250e+01,1.381729698181152344e+01
3.345035156250000000e+03,9.439188385009765625e+01,9.092176818847656250e+01,1.544446468353271484e+01,1.275895690917968750e+01
3.656962158203125000e+03,1.028171768188476562e+02,9.207740020751953125e+01,8.271642303466796875e+01,1.269421672821044922e+01
3.002629150390625000e+03,8.373316955566406250e+01,8.792691802978515625e+01,1.007401275634765625e+02,1.434252738952636719e+01
1.225417968750000000e+03,3.447636032104492188e+01,9.201406860351562500e+01,2.506829833984375000e+01,1.338517761230468750e+01
3.311878173828125000e+03,9.227999877929687500e+01,8.807131195068359375e+01,6.084503555297851562e+01,1.283025264739990234e+01
1.147588378906250000e+03,3.177414512634277344e+01,1.376695404052734375e+02,4.158329391479492188e+01,1.350315570831298828e+01
3.806480224609375000e+03,1.065842056274414062e+02,8.915107727050781250e+01,6.488469696044921875e+01,1.383372688293457031e+01
2.968386474609375000e+03,8.375848388671875000e+01,9.066938018798828125e+01,7.584222412109375000e+01,1.445854282379150391e+01
6.838309082031250000e+03,3.774220275878906250e+01,9.220727539062500000e+01,4.777687072753906250e+01,1.316266345977783203e+01
1.113226440429687500e+03,3.127603530883789062e+01,8.914177703857421875e+01,4.245795249938964844e+00,1.312054061889648438e+01
3.341985107421875000e+03,9.337358093261718750e+01,8.922956085205078125e+01,4.223230743408203125e+01,1.238313102722167969e+01
1.823633911132812500e+03,4.996860122680664062e+01,8.606489562988281250e+01,1.380617332458496094e+01,1.304333972930908203e+01
3.908348876953125000e+03,1.098653106689453125e+02,8.770920562744140625e+01,4.889755249023437500e+01,1.209327602386474609e+01
3.386790039062500000e+03,9.573754119873046875e+01,8.757332611083984375e+01,2.624306106567382812e+01,1.435748195648193359e+01
2.946948242187500000e+03,8.299381256103515625e+01,8.787861633300781250e+01,6.434898376464843750e+00,1.287557506561279297e+01
2.518687011718750000e+03,7.061734771728515625e+01,8.860510253906250000e+01,8.695114898681640625e+01,1.307290554046630859e+01
1.410056762695312500e+03,3.910647964477539062e+01,8.579069519042968750e+01,4.892290496826171875e+01,1.218832683563232422e+01
2.499364257812500000e+03,7.039833068847656250e+01,9.129521179199218750e+01,3.889475631713867188e+01,1.396706390380859375e+01
1.722649902343750000e+03,4.866991424560546875e+01,8.639752197265625000e+01,1.999081993103027344e+01,1.201840591430664062e+01
3.918631835937500000e+03,1.094191818237304688e+02,9.468572998046875000e+01,6.267923736572265625e+01,1.257337093353271484e+01
3.854747802734375000e+03,1.085375442504882812e+02,1.254407043457031250e+02,9.166939544677734375e+01,1.305501079559326172e+01
2.096862304687500000e+03,5.866101837158203125e+01,9.076448059082031250e+01,7.231606292724609375e+01,1.409101104736328125e+01
1.820396606445312500e+03,5.005614089965820312e+01,9.009182739257812500e+01,4.392814159393310547e+00,1.240422534942626953e+01
3.530915771484375000e+03,9.772629547119140625e+01,9.037705993652343750e+01,4.885990619659423828e+00,1.312075710296630859e+01
3.148322998046875000e+03,8.922631835937500000e+01,8.657712554931640625e+01,6.025852203369140625e+01,1.395256900787353516e+01
1.387089355468750000e+03,3.904897308349609375e+01,8.820524597167968750e+01,6.373344421386718750e+01,1.253185081481933594e+01
8.697804565429687500e+02,2.385045242309570312e+01,8.850285339355468750e+01,6.581372022628784180e-01,1.421146297454833984e+01
3.016723876953125000e+03,8.428100585937500000e+01,8.534182739257812500e+01,6.276794433593750000e+01,1.254541778564453125e+01
1.056897094726562500e+03,2.911227035522460938e+01,8.712704467773437500e+01,6.849364471435546875e+01,1.407010746002197266e+01
2.897469970703125000e+03,8.019792175292968750e+01,9.449851226806640625e+01,7.485144805908203125e+01,1.419066810607910156e+01
2.971553955078125000e+03,8.305529022216796875e+01,9.266877746582031250e+01,6.284761810302734375e+01,1.238143920898437500e+01
3.880362792968750000e+03,1.094597854614257812e+02,8.731753540039062500e+01,9.264944076538085938e+00,1.416565227508544922e+01
2.183440917968750000e+03,6.168935012817382812e+01,8.653528594970703125e+01,8.376172637939453125e+01,1.321096038818359375e+01
1.784861206054687500e+03,4.960952758789062500e+01,9.293201446533203125e+01,6.459211730957031250e+01,1.233263206481933594e+01
1.149488525390625000e+03,3.199510574340820312e+01,8.639324951171875000e+01,1.463043594360351562e+01,1.257575035095214844e+01
2.173553222656250000e+03,6.088022232055664062e+01,8.912854766845703125e+01,2.813221168518066406e+01,1.343550014495849609e+01
3.302173583984375000e+03,9.231868743896484375e+01,8.523643493652343750e+01,7.885244750976562500e+01,1.427367115020751953e+01
1.207467041015625000e+03,3.408959197998046875e+01,9.277435302734375000e+01,6.722735595703125000e+01,1.394048976898193359e+01
9.237811279296875000e+02,2.502501869201660156e+01,9.334979248046875000e+01,8.476112365722656250e+01,1.301097393035888672e+01
2.414736816406250000e+03,6.867929840087890625e+01,8.835897064208984375e+01,7.103395843505859375e+01,1.394916439056396484e+01
2.304844238281250000e+03,6.456597900390625000e+01,9.270651245117187500e+01,6.402895355224609375e+01,1.417814636230468750e+01
3.120564697265625000e+03,8.729399871826171875e+01,8.719060516357421875e+01,7.037897491455078125e+01,1.386968326568603516e+01
3.684924560546875000e+03,1.036409606933593750e+02,9.030599975585937500e+01,7.888309478759765625e+01,1.431588935852050781e+01
2.823048095703125000e+03,7.866418457031250000e+01,8.744204711914062500e+01,9.126718139648437500e+01,1.430968666076660156e+01
3.490511718750000000e+03,9.761503601074218750e+01,8.687165069580078125e+01,4.121288681030273438e+01,1.349084568023681641e+01
1.078246337890625000e+03,3.043470001220703125e+01,8.794014739990234375e+01,5.351122856140136719e+00,1.305789947509765625e+01
2.667781005859375000e+03,7.491216278076171875e+01,8.517288970947265625e+01,7.821417236328125000e+01,1.337344074249267578e+01
3.658829345703125000e+03,1.026026153564453125e+02,9.098300933837890625e+01,1.090482139587402344e+01,1.309055328369140625e+01
3.409124023437500000e+03,9.467870330810546875e+01,8.572693634033203125e+01,1.031223583221435547e+01,1.441740322113037109e+01
9.469345703125000000e+02,2.709643936157226562e+01,8.639886474609375000e+01,6.852655792236328125e+01,1.328080463409423828e+01
2.387763427734375000e+03,6.762955474853515625e+01,9.015167236328125000e+01,7.941545104980468750e+01,1.256117725372314453e+01
3.157281982421875000e+03,8.856008148193359375e+01,8.526742553710937500e+01,2.817427396774291992e+00,1.242561626434326172e+01
1.104600097656250000e+03,3.092485046386718750e+01,8.931945800781250000e+01,7.692425537109375000e+01,1.383366584777832031e+01
1.923606933593750000e+03,5.372919464111328125e+01,8.839859008789062500e+01,9.776973724365234375e+01,1.434089088439941406e+01
1.231603393554687500e+03,3.392581939697265625e+01,8.506362152099609375e+01,7.439554595947265625e+01,1.445348834991455078e+01
1.287445434570312500e+03,3.599538040161132812e+01,8.892927551269531250e+01,9.218524169921875000e+01,1.279789161682128906e+01
3.982714599609375000e+03,1.110276031494140625e+02,9.443868255615234375e+01,1.677262878417968750e+01,1.238671112060546875e+01
3.872074462890625000e+03,1.084792785644531250e+02,9.062227630615234375e+01,9.287065887451171875e+01,1.240702724456787109e+01
1.688692871093750000e+03,4.727536010742187500e+01,8.844496154785156250e+01,7.047923278808593750e+01,1.298278331756591797e+01
2.310862304687500000e+03,6.431852722167968750e+01,9.245648193359375000e+01,3.413784790039062500e+01,1.400144290924072266e+01
3.609365966796875000e+03,1.014490966796875000e+02,8.814076995849609375e+01,5.368283843994140625e+01,1.284953594207763672e+01
9.519152221679687500e+02,2.627252769470214844e+01,8.890276336669921875e+01,2.576870918273925781e+01,1.242485141754150391e+01
3.922169189453125000e+03,1.114374847412109375e+02,8.701313018798828125e+01,6.208752822875976562e+01,1.339046669006347656e+01
2.004098388671875000e+03,5.668318939208984375e+01,9.315930938720703125e+01,8.612373352050781250e+01,1.404710960388183594e+01
1.732254272460937500e+03,4.878477478027343750e+01,9.382825469970703125e+01,7.605460357666015625e+01,1.377039432525634766e+01
1.815132446289062500e+03,5.079440689086914062e+01,9.142440795898437500e+01,7.202175140380859375e+01,1.363028621673583984e+01
2.898237792968750000e+03,8.203971862792968750e+01,8.617416381835937500e+01,3.239074707031250000e+01,1.301576519012451172e+01
2.417895263671875000e+03,6.741766357421875000e+01,9.104978942871093750e+01,3.099647331237792969e+01,1.261826610565185547e+01
2.829691894531250000e+03,8.018222045898437500e+01,9.494427490234375000e+01,2.025662040710449219e+01,1.373705387115478516e+01
3.387855224609375000e+03,9.511676788330078125e+01,8.792407989501953125e+01,1.644664382934570312e+01,1.302402973175048828e+01
2.944148925781250000e+03,8.266987609863281250e+01,8.807229614257812500e+01,6.156834793090820312e+01,1.253903961181640625e+01
3.996251464843750000e+03,1.109081268310546875e+02,8.786892700195312500e+01,2.504330825805664062e+01,1.265717792510986328e+01
1.717677490234375000e+03,4.801029968261718750e+01,9.049317932128906250e+01,4.465966796875000000e+01,1.328046607971191406e+01
1.314588623046875000e+03,-3.648062944412231445e-01,8.946078491210937500e+01,8.784832763671875000e+01,1.393064022064208984e+01
3.230694580078125000e+03,9.063873291015625000e+01,8.980381011962890625e+01,7.391933441162109375e+01,1.356914806365966797e+01
2.412124267578125000e+03,6.748011016845703125e+01,8.724173736572265625e+01,4.636551284790039062e+01,1.299742031097412109e+01
8.785792236328125000e+02,2.459930992126464844e+01,9.382959747314453125e+01,7.293134307861328125e+01,1.439533042907714844e+01
9.729738159179687500e+02,2.689603424072265625e+01,9.480757141113281250e+01,7.390746307373046875e+01,1.316303157806396484e+01
3.340496093750000000e+03,9.390406036376953125e+01,9.322547912597656250e+01,6.299819946289062500e+01,1.294670867919921875e+01
2.455386962890625000e+03,6.870156860351562500e+01,8.605014038085937500e+01,5.403159141540527344e+00,1.445925521850585938e+01
2.707670654296875000e+03,7.584190368652343750e+01,9.220526123046875000e+01,5.802939987182617188e+01,1.243616676330566406e+01
1.676271118164062500e+03,4.694289016723632812e+01,9.176878356933593750e+01,1.684899520874023438e+01,1.403951644897460938e+01
1.590481567382812500e+03,4.405756759643554688e+01,9.221099090576171875e+01,9.065781402587890625e+01,1.249489402770996094e+01
3.725356933593750000e+03,1.049757308959960938e+02,8.782819366455078125e+01,4.537241744995117188e+01,1.256543064117431641e+01
3.721155273437500000e+03,1.041870956420898438e+02,8.716712188720703125e+01,9.963512420654296875e+01,1.382023811340332031e+01
1.934804565429687500e+03,5.408904266357421875e+01,9.047834777832031250e+01,1.796799278259277344e+01,1.383683490753173828e+01
3.773455322265625000e+03,1.058004302978515625e+02,9.080870819091796875e+01,3.159298515319824219e+01,1.245621395111083984e+01
2.285122802734375000e+03,6.388096618652343750e+01,8.684269714355468750e+01,5.887667083740234375e+01,1.373554229736328125e+01
3.975867919921875000e+03,1.108276367187500000e+02,8.809433746337890625e+01,2.493357276916503906e+01,1.266883182525634766e+01
9.570369262695312500e+02,2.670538520812988281e+01,9.082978057861328125e+01,5.851913452148437500e+01,1.364333534240722656e+01
3.645720214843750000e+03,1.010759811401367188e+02,8.948556518554687500e+01,2.601411056518554688e+01,1.413275909423828125e+01
1.374446044921875000e+03,3.868227767944335938e+01,8.636520385742187500e+01,3.379730606079101562e+01,1.249732875823974609e+01
2.538525146484375000e+03,7.109977722167968750e+01,9.369363403320312500e+01,5.405632400512695312e+01,1.223532390594482422e+01
1.199596801757812500e+03,3.345772171020507812e+01,8.966993713378906250e+01,3.241460037231445312e+01,1.405989837646484375e+01
2.888409667968750000e+03,8.077605438232421875e+01,9.232318878173828125e+01,7.054492950439453125e+01,1.259066867828369141e+01
1.255305541992187500e+03,3.361204147338867188e+01,8.632385253906250000e+01,7.755167484283447266e+00,1.418658828735351562e+01
2.691660156250000000e+03,7.587284088134765625e+01,8.893630218505859375e+01,3.179911041259765625e+01,1.326131534576416016e+01
1.853037597656250000e+03,5.226254653930664062e+01,8.768569946289062500e+01,2.410103034973144531e+01,1.407098293304443359e+01
2.564985351562500000e+03,7.234592437744140625e+01,9.119542694091796875e+01,7.316631317138671875e+01,1.233737564086914062e+01
2.576952148437500000e+03,7.279253387451171875e+01,9.019188690185546875e+01,9.798359680175781250e+01,1.311154460906982422e+01
3.753574462890625000e+03,1.052618179321289062e+02,8.758834838867187500e+01,8.457858276367187500e+01,1.208882522583007812e+01
3.161275390625000000e+03,8.852114868164062500e+01,8.524429321289062500e+01,1.274743175506591797e+01,1.256930637359619141e+01
2.155599121093750000e+03,6.074942016601562500e+01,9.395725250244140625e+01,7.399652099609375000e+01,1.391749000549316406e+01
2.935669921875000000e+03,8.259249877929687500e+01,9.253460693359375000e+01,3.158133029937744141e+00,1.236039257049560547e+01
3.356499023437500000e+03,9.448979949951171875e+01,9.241761779785156250e+01,7.117330932617187500e+01,1.308058452606201172e+01
2.595085937500000000e+03,7.186536407470703125e+01,8.527934265136718750e+01,7.436000823974609375e+01,1.260731315612792969e+01
1.023407836914062500e+03,2.795769119262695312e+01,9.018341827392578125e+01,3.097749328613281250e+01,1.202484512329101562e+01
1.203836059570312500e+03,3.322238159179687500e+01,8.658975982666015625e+01,1.501907920837402344e+01,1.441951465606689453e+01
1.666457885742187500e+03,4.758679962158203125e+01,8.928529357910156250e+01,5.793793869018554688e+01,1.324968814849853516e+01
3.795441650390625000e+03,1.073828735351562500e+02,9.067848968505859375e+01,9.191777038574218750e+01,1.362452030181884766e+01
3.137688964843750000e+03,8.848703002929687500e+01,9.187815093994140625e+01,2.004941558837890625e+01,1.391712093353271484e+01
3.604463134765625000e+03,1.011261901855468750e+02,8.700270843505859375e+01,8.485844612121582031e+00,1.327882766723632812e+01
3.655949951171875000e+03,1.031867752075195312e+02,8.670391845703125000e+01,6.428037261962890625e+01,1.442998600006103516e+01
1.238466308593750000e+03,3.381396102905273438e+01,8.830073547363281250e+01,6.377313137054443359e+00,1.275239562988281250e+01
3.409452636718750000e+03,9.525184631347656250e+01,9.221739959716796875e+01,1.055889415740966797e+01,1.362754917144775391e+01
2.539937011718750000e+03,7.091688537597656250e+01,8.852801513671875000e+01,3.303544998168945312e+01,1.256182670593261719e+01
1.463530639648437500e+03,4.169440841674804688e+01,9.036614990234375000e+01,8.286478424072265625e+01,1.234712886810302734e+01
2.919015869140625000e+03,8.149327850341796875e+01,8.722363281250000000e+01,7.452093505859375000e+01,1.265072536468505859e+01
3.612941894531250000e+03,1.014205780029296875e+02,9.031321716308593750e+01,4.524473953247070312e+01,1.218147850036621094e+01
2.611858642578125000e+03,7.375308990478515625e+01,9.470223236083984375e+01,9.469799041748046875e+01,1.354955101013183594e+01
3.551905761718750000e+03,9.983798217773437500e+01,8.703860473632812500e+01,5.285417175292968750e+01,1.408209228515625000e+01
3.453307861328125000e+03,9.778871154785156250e+01,9.132742309570312500e+01,3.904038619995117188e+01,1.385947704315185547e+01
3.240546630859375000e+03,9.063536834716796875e+01,8.631812286376953125e+01,8.631515502929687500e+01,1.200104236602783203e+01
3.051479248046875000e+03,8.566075134277343750e+01,8.965440368652343750e+01,9.871972656250000000e+01,1.419774246215820312e+01
3.563751708984375000e+03,9.954888916015625000e+01,8.651575469970703125e+01,9.604475402832031250e+01,1.441194248199462891e+01
3.917131347656250000e+03,1.104434661865234375e+02,8.888366699218750000e+01,6.672357177734375000e+01,1.343642711639404297e+01
2.427336914062500000e+03,6.882485961914062500e+01,9.180751800537109375e+01,4.993518066406250000e+01,1.251229953765869141e+01
1.930526611328125000e+03,5.358253097534179688e+01,9.270395660400390625e+01,9.982284545898437500e+01,1.323115730285644531e+01
1.360585815429687500e+03,3.856343841552734375e+01,9.286128234863281250e+01,5.854555130004882812e+00,1.398792552947998047e+01
2.247840820312500000e+03,6.278971481323242188e+01,8.690045166015625000e+01,8.983753967285156250e+01,1.263326930999755859e+01
3.890012207031250000e+03,1.081210784912109375e+02,8.708319854736328125e+01,8.321936035156250000e+01,1.272870540618896484e+01
3.692130371093750000e+03,1.036808242797851562e+02,9.078060913085937500e+01,7.544312286376953125e+01,1.292512416839599609e+01
2.470800292968750000e+03,6.846141815185546875e+01,8.947393035888671875e+01,3.460638046264648438e+01,1.316913127899169922e+01
3.406842041015625000e+03,9.570744323730468750e+01,9.201276397705078125e+01,4.603293991088867188e+01,1.217676258087158203e+01
1.838880493164062500e+03,5.132295227050781250e+01,8.598403930664062500e+01,9.836843109130859375e+01,1.338002777099609375e+01
2.754586181640625000e+03,7.717710876464843750e+01,8.697816467285156250e+01,8.428034210205078125e+01,1.441066074371337891e+01
2.189109130859375000e+03,6.200040817260742188e+01,9.334852600097656250e+01,3.612858581542968750e+01,1.240887641906738281e+01
1.364340454101562500e+03,3.806318283081054688e+01,9.052185058593750000e+01,5.007661437988281250e+01,1.371540737152099609e+01
1.812081176757812500e+03,5.045491790771484375e+01,8.953614044189453125e+01,5.468134689331054688e+01,1.429771804809570312e+01
1.696909790039062500e+03,4.728976440429687500e+01,8.854189300537109375e+01,4.321261215209960938e+01,1.344040966033935547e+01
1.032150512695312500e+03,2.856659126281738281e+01,8.963230895996093750e+01,9.183323669433593750e+01,1.204240131378173828e+01
1.657354248046875000e+03,4.598748779296875000e+01,9.312167358398437500e+01,1.956100845336914062e+01,1.382987880706787109e+01
1.884811157226562500e+03,5.297618865966796875e+01,9.104370880126953125e+01,9.036476898193359375e+01,1.051422595977783203e+01
2.805733154296875000e+03,7.874083709716796875e+01,8.539641571044921875e+01,7.573778533935546875e+01,1.066685676574707031e+01
1.198216064453125000e+03,3.342444610595703125e+01,9.494090270996093750e+01,8.766572570800781250e+01,1.428084468841552734e+01
8.994915161132812500e+02,2.476969146728515625e+01,8.704721832275390625e+01,5.472519302368164062e+01,1.429686069488525391e+01
8.362908325195312500e+02,2.346253776550292969e+01,8.663217926025390625e+01,1.803244400024414062e+01,1.339726924896240234e+01
2.700115966796875000e+03,7.487546539306640625e+01,8.722691345214843750e+01,3.528094482421875000e+01,1.435533046722412109e+01
1.360593261718750000e+03,3.746113586425781250e+01,8.977751922607421875e+01,8.745056152343750000e+01,1.325009059906005859e+01
2.390240722656250000e+03,6.715493011474609375e+01,8.603389739990234375e+01,1.499569511413574219e+01,1.358495616912841797e+01
3.776337646484375000e+03,1.057447967529296875e+02,9.471134948730468750e+01,2.588356399536132812e+01,1.326136302947998047e+01
8.720603027343750000e+02,2.384420776367187500e+01,8.894996643066406250e+01,4.667066192626953125e+01,1.234115409851074219e+01
9.489049682617187500e+02,2.672210502624511719e+01,9.369335174560546875e+01,1.761476707458496094e+01,1.269592285156250000e+01
2.011496948242187500e+03,5.719173812866210938e+01,8.666062927246093750e+01,7.231137847900390625e+01,1.297274208068847656e+01
3.284035156250000000e+03,9.184502410888671875e+01,9.258404541015625000e+01,9.990876770019531250e+01,1.399071979522705078e+01
1.634064331054687500e+03,4.680371856689453125e+01,8.733245086669921875e+01,3.040447807312011719e+01,1.329697132110595703e+01
1.103127197265625000e+03,3.111578750610351562e+01,9.457282257080078125e+01,6.569518280029296875e+01,1.356518936157226562e+01
3.315681396484375000e+03,9.255574035644531250e+01,9.320787048339843750e+01,6.566378021240234375e+01,1.262433910369873047e+01
1.143988891601562500e+03,3.279793548583984375e+01,9.106306457519531250e+01,8.378414154052734375e+01,1.235895729064941406e+01
9.205490722656250000e+02,2.632498168945312500e+01,8.699871826171875000e+01,9.960218048095703125e+01,1.202295589447021484e+01
2.494256835937500000e+03,6.945979309082031250e+01,9.499279785156250000e+01,6.226830291748046875e+01,1.333400917053222656e+01
1.313082031250000000e+03,3.612981796264648438e+01,9.290865325927734375e+01,8.218807220458984375e+01,1.277385902404785156e+01
3.656659423828125000e+03,1.020949707031250000e+02,9.355163574218750000e+01,1.631781578063964844e+01,1.326812171936035156e+01
2.374890380859375000e+03,6.546530914306640625e+01,9.431236267089843750e+01,1.197335910797119141e+01,1.229275894165039062e+01
3.466384033203125000e+03,9.688504028320312500e+01,8.638370513916015625e+01,7.978245544433593750e+01,1.316217803955078125e+01
1.164705932617187500e+03,3.282472610473632812e+01,9.403922271728515625e+01,5.191485977172851562e+01,1.356185531616210938e+01
1.843061401367187500e+03,5.151715087890625000e+01,9.050134277343750000e+01,2.696096420288085938e+01,1.373853397369384766e+01
3.455931640625000000e+03,9.781765747070312500e+01,9.107637023925781250e+01,9.565084075927734375e+01,1.303265476226806641e+01
1.288531982421875000e+03,3.635911178588867188e+01,9.145061492919921875e+01,2.509646987915039062e+01,1.375374698638916016e+01
2.007653686523437500e+03,5.630637741088867188e+01,9.497691345214843750e+01,6.179861068725585938e+01,1.309845542907714844e+01
3.906664550781250000e+03,1.086966171264648438e+02,8.827019500732421875e+01,4.748207569122314453e+00,1.209212875366210938e+01
9.303079223632812500e+02,2.566276741027832031e+01,9.338361358642578125e+01,1.025817871093750000e+01,1.406018733978271484e+01
2.103559570312500000e+03,5.905436706542968750e+01,9.052162933349609375e+01,8.366130065917968750e+01,1.227164268493652344e+01
9.427647094726562500e+02,2.691890716552734375e+01,9.079817962646484375e+01,3.482178497314453125e+01,1.260776710510253906e+01
3.005644287109375000e+03,8.518895721435546875e+01,8.775405120849609375e+01,1.365818214416503906e+01,1.209355258941650391e+01
3.835698730468750000e+03,1.072962875366210938e+02,9.216950225830078125e+01,6.630139160156250000e+01,1.208900928497314453e+01
2.897751953125000000e+03,8.156725311279296875e+01,9.414160156250000000e+01,4.985115814208984375e+01,1.247068691253662109e+01
2.191429443359375000e+03,6.159777832031250000e+01,8.925991821289062500e+01,2.357711791992187500e+01,1.268422222137451172e+01
2.825938476562500000e+03,7.867655181884765625e+01,9.419396972656250000e+01,1.030994701385498047e+01,1.201719474792480469e+01
9.670878295898437500e+02,2.618515014648437500e+01,8.588168334960937500e+01,9.526222229003906250e+01,1.371012878417968750e+01
3.975723876953125000e+03,1.109920196533203125e+02,9.349937438964843750e+01,4.700998306274414062e+01,1.232280921936035156e+01
2.512076171875000000e+03,7.039197540283203125e+01,8.724771881103515625e+01,7.916645050048828125e+01,1.027540874481201172e+01
2.444033447265625000e+03,6.826886749267578125e+01,9.179010009765625000e+01,7.165402221679687500e+01,1.330906772613525391e+01
1.291281616210937500e+03,3.633190536499023438e+01,8.567518615722656250e+01,5.280710220336914062e+00,1.200129699707031250e+01
1.360921752929687500e+03,3.831520080566406250e+01,9.076625823974609375e+01,7.208794403076171875e+01,1.251176643371582031e+01
2.585110839843750000e+03,7.206842041015625000e+01,8.699268341064453125e+01,4.447639465332031250e+01,1.216956901550292969e+01
1.071480957031250000e+03,2.995897293090820312e+01,8.761171722412109375e+01,9.520502471923828125e+01,1.302896499633789062e+01
3.459488037109375000e+03,9.715450286865234375e+01,9.449370574951171875e+01,3.143846511840820312e+01,1.299480342864990234e+01
2.152666992187500000e+03,6.088687133789062500e+01,9.154069519042968750e+01,9.352021026611328125e+01,1.236337566375732422e+01
1.857017211914062500e+03,5.148223114013671875e+01,9.147410583496093750e+01,1.350508022308349609e+01,1.310260486602783203e+01
3.182346191406250000e+03,8.892849731445312500e+01,9.060724639892578125e+01,3.750880432128906250e+01,1.334802722930908203e+01
1.213283691406250000e+03,3.355267715454101562e+01,9.000505828857421875e+01,7.458817291259765625e+01,1.384857177734375000e+01
3.687687255859375000e+03,1.026619873046875000e+02,9.482662963867187500e+01,2.854125595092773438e+01,1.381413269042968750e+01
1.899666992187500000e+03,5.277576446533203125e+01,9.005733489990234375e+01,9.843140411376953125e+01,1.255830669403076172e+01
1.302972167968750000e+03,3.662606048583984375e+01,9.037612915039062500e+01,5.819222640991210938e+01,1.441927051544189453e+01
2.818082519531250000e+03,7.959075164794921875e+01,8.553056335449218750e+01,2.009633445739746094e+01,1.334317016601562500e+01
3.134492919921875000e+03,8.836164093017578125e+01,9.091737365722656250e+01,5.911471939086914062e+01,1.291208457946777344e+01
3.917372314453125000e+03,1.102508392333984375e+02,9.004304504394531250e+01,7.459358215332031250e+01,1.337769985198974609e+01
2.428397460937500000e+03,6.853969573974609375e+01,9.386930847167968750e+01,5.769744873046875000e+01,1.229081821441650391e+01
9.320097045898437500e+02,2.694965553283691406e+01,9.154995727539062500e+01,9.955552673339843750e+01,1.203950786590576172e+01
2.206341552734375000e+03,6.095180511474609375e+01,9.416695404052734375e+01,9.765799713134765625e+01,1.274911689758300781e+01
2.053307128906250000e+03,5.726815032958984375e+01,8.907615661621093750e+01,8.223481750488281250e+01,1.225074672698974609e+01
8.084136352539062500e+02,2.308512878417968750e+01,9.131734466552734375e+01,8.743614959716796875e+01,1.212257099151611328e+01
1.252030273437500000e+03,3.496173858642578125e+01,9.155902099609375000e+01,4.790643692016601562e+01,1.392523097991943359e+01
1.847630737304687500e+03,5.126692962646484375e+01,8.702622222900390625e+01,4.007800674438476562e+01,1.337863540649414062e+01
3.073737792968750000e+03,8.575640869140625000e+01,8.573165130615234375e+01,1.193533039093017578e+01,1.200073242187500000e+01
2.668127685546875000e+03,7.560297393798828125e+01,8.554666900634765625e+01,4.997743225097656250e+01,1.340892314910888672e+01
9.592424316406250000e+02,-3.598718047142028809e-01,8.763756561279296875e+01,3.844649887084960938e+01,1.334340763092041016e+01
9.515640869140625000e+02,2.591741561889648438e+01,8.525501251220703125e+01,5.996189117431640625e+01,1.217891120910644531e+01
3.557972900390625000e+03,9.976481628417968750e+01,9.068572998046875000e+01,7.142762756347656250e+01,1.303988647460937500e+01
3.316504638671875000e+03,9.315895080566406250e+01,9.351046752929687500e+01,8.463022232055664062e+00,1.414741325378417969e+01
2.799836181640625000e+03,7.908335876464843750e+01,9.366374969482421875e+01,8.756580352783203125e+01,1.370089244842529297e+01
3.072105468750000000e+03,8.648336029052734375e+01,8.677729797363281250e+01,5.181638336181640625e+01,1.371556949615478516e+01
2.662646728515625000e+03,7.523938751220703125e+01,8.576526641845703125e+01,2.140962028503417969e+01,1.373560523986816406e+01
2.126137695312500000e+03,5.924858093261718750e+01,9.380587768554687500e+01,6.499581146240234375e+01,1.410916805267333984e+01
2.061030273437500000e+03,5.742862319946289062e+01,8.877837371826171875e+01,5.304411697387695312e+01,1.348378944396972656e+01
1.781655395507812500e+03,4.839982604980468750e+01,9.457174682617187500e+01,1.710651588439941406e+01,1.392865943908691406e+01
2.748606933593750000e+03,7.744885253906250000e+01,8.503362274169921875e+01,5.107857513427734375e+01,1.294218635559082031e+01
3.017623291015625000e+03,8.431098175048828125e+01,8.676743316650390625e+01,5.033907318115234375e+01,1.387603950500488281e+01
1.040055419921875000e+03,2.963500404357910156e+01,9.348978424072265625e+01,4.724686813354492188e+01,1.327457618713378906e+01
2.864900878906250000e+03,8.025639343261718750e+01,9.284015655517578125e+01,4.204597854614257812e+01,1.399652767181396484e+01
3.501384277343750000e+03,9.856534576416015625e+01,9.455438995361328125e+01,1.995250129699707031e+01,1.246284008026123047e+01
1.832734863281250000e+03,5.173263549804687500e+01,8.812129211425781250e+01,2.188859367370605469e+01,1.403846263885498047e+01
3.232341308593750000e+03,9.063681793212890625e+01,8.649220275878906250e+01,5.125785064697265625e+01,1.205974864959716797e+01
3.419196533203125000e+03,9.518687438964843750e+01,8.852082824707031250e+01,7.508937835693359375e+00,1.305186939239501953e+01
8.387496948242187500e+02,2.296098136901855469e+01,8.951408386230468750e+01,7.586074066162109375e+01,1.435640430450439453e+01
1.358967285156250000e+03,3.888156509399414062e+01,8.672061920166015625e+01,4.645128631591796875e+01,1.304718971252441406e+01
3.360907470703125000e+03,9.448965454101562500e+01,8.758408355712890625e+01,4.194033432006835938e+01,1.338454818725585938e+01
2.012398071289062500e+03,5.634432601928710938e+01,9.347968292236328125e+01,1.945051765441894531e+01,1.232387733459472656e+01
2.424583740234375000e+03,6.806002807617187500e+01,9.112805938720703125e+01,1.812058830261230469e+01,1.281552791595458984e+01
3.177730957031250000e+03,8.902295684814453125e+01,8.873715209960937500e+01,5.155365753173828125e+01,1.212367439270019531e+01
2.268183349609375000e+03,6.355903244018554688e+01,1.306507110595703125e+02,2.765831375122070312e+01,1.263173770904541016e+01
3.073149414062500000e+03,8.550173950195312500e+01,9.492807769775390625e+01,3.415382766723632812e+01,1.240714168548583984e+01
2.172501464843750000e+03,6.062607192993164062e+01,9.321668243408203125e+01,4.307128906250000000e+01,1.280241870880126953e+01
3.015268798828125000e+03,8.456030273437500000e+01,8.996307373046875000e+01,3.370307540893554688e+01,1.285600948333740234e+01
2.424600830078125000e+03,6.822393798828125000e+01,9.316241455078125000e+01,9.108513641357421875e+01,1.396694660186767578e+01
3.648046875000000000e+03,1.024241027832031250e+02,8.740473175048828125e+01,4.198105621337890625e+01,1.252805233001708984e+01
1.710837280273437500e+03,4.807921600341796875e+01,8.819847869873046875e+01,5.974510574340820312e+01,1.238949203491210938e+01
1.329830444335937500e+03,3.822655105590820312e+01,9.235475921630859375e+01,1.201372146606445312e+01,1.367048549652099609e+01
3.315836669921875000e+03,9.245866394042968750e+01,9.393652343750000000e+01,3.802589035034179688e+01,1.416082382202148438e+01
2.304968750000000000e+03,6.465081787109375000e+01,8.996900939941406250e+01,8.152238464355468750e+01,1.414885711669921875e+01
2.943640380859375000e+03,8.214743041992187500e+01,9.058122253417968750e+01,3.506882095336914062e+01,1.316711807250976562e+01
1.075196655273437500e+03,3.055719566345214844e+01,8.955530548095703125e+01,9.301819610595703125e+01,1.340469455718994141e+01
9.809053955078125000e+02,2.775714874267578125e+01,9.063003540039062500e+01,5.308405685424804688e+01,1.326377201080322266e+01
2.522703369140625000e+03,7.039168548583984375e+01,9.222933959960937500e+01,5.449829483032226562e+01,1.267685222625732422e+01
3.996558105468750000e+03,1.126880950927734375e+02,9.027638244628906250e+01,6.226331329345703125e+01,1.419917678833007812e+01
3.722987792968750000e+03,1.045357437133789062e+02,9.329087829589843750e+01,6.312859344482421875e+01,1.355036640167236328e+01
3.892723876953125000e+03,1.085600814819335938e+02,9.017739868164062500e+01,8.473506164550781250e+01,1.206886863708496094e+01
3.302505371093750000e+03,9.198869323730468750e+01,9.147187805175781250e+01,2.669874572753906250e+01,1.326692390441894531e+01
2.700257812500000000e+03,7.561324310302734375e+01,8.643718719482421875e+01,6.930953979492187500e+01,1.243235969543457031e+01
3.156837646484375000e+03,8.789490509033203125e+01,9.325385284423828125e+01,2.187493324279785156e+00,1.213671112060546875e+01
2.135561279296875000e+03,6.026865386962890625e+01,9.412826538085937500e+01,6.729892730712890625e+01,1.400794887542724609e+01
2.694014160156250000e+03,7.532790374755859375e+01,8.767536163330078125e+01,5.745931625366210938e+00,1.288345050811767578e+01
2.257962402343750000e+03,6.273574066162109375e+01,8.545104980468750000e+01,9.130210113525390625e+01,1.347982883453369141e+01
1.891964233398437500e+03,5.269344711303710938e+01,9.169480133056640625e+01,7.828577423095703125e+01,1.220036792755126953e+01
1.492787719726562500e+03,4.096013641357421875e+01,9.249507141113281250e+01,6.081259918212890625e+01,1.298610687255859375e+01
1.680418457031250000e+03,4.704799652099609375e+01,9.077945709228515625e+01,8.061675262451171875e+01,1.335671997070312500e+01
3.144605468750000000e+03,8.838217163085937500e+01,9.103860473632812500e+01,8.009219360351562500e+01,1.222573566436767578e+01
1.877142456054687500e+03,5.234393310546875000e+01,8.759284973144531250e+01,6.051768493652343750e+01,1.302507400512695312e+01
1.007379333496093750e+03,2.791716003417968750e+01,8.828597259521484375e+01,5.793901824951171875e+01,1.226161384582519531e+01
3.016328125000000000e+03,8.468795013427734375e+01,8.691801452636718750e+01,2.081772232055664062e+01,1.433210372924804688e+01
1.817805297851562500e+03,5.052828979492187500e+01,9.085147857666015625e+01,5.964324569702148438e+01,1.278674983978271484e+01
1.214333862304687500e+03,3.394403076171875000e+01,8.712448883056640625e+01,7.243464660644531250e+01,1.407128524780273438e+01
1.849218994140625000e+03,5.093722915649414062e+01,9.416956329345703125e+01,4.903984069824218750e+01,1.439085006713867188e+01
1.993253784179687500e+03,5.616430282592773438e+01,9.481397247314453125e+01,1.196304512023925781e+01,1.389237213134765625e+01
3.616063476562500000e+03,1.015887298583984375e+02,9.054062652587890625e+01,5.025163269042968750e+01,1.209430980682373047e+01
1.798538818359375000e+03,5.028694152832031250e+01,8.917601013183593750e+01,4.687978363037109375e+01,1.314699745178222656e+01
3.720488281250000000e+03,1.039951858520507812e+02,8.851416015625000000e+01,9.809117889404296875e+01,1.256159400939941406e+01
3.457863281250000000e+03,9.611795806884765625e+01,9.080179595947265625e+01,2.233951950073242188e+01,1.253784561157226562e+01
1.578982421875000000e+03,4.481489944458007812e+01,9.321491241455078125e+01,6.288959980010986328e+00,1.358299922943115234e+01
2.793872802734375000e+03,7.798917388916015625e+01,9.486589813232421875e+01,6.516987609863281250e+01,1.374980545043945312e+01
3.274773681640625000e+03,9.109848022460937500e+01,9.412041473388671875e+01,9.708605957031250000e+01,1.381962871551513672e+01
8.804783935546875000e+02,2.508070182800292969e+01,8.596409606933593750e+01,1.248873424530029297e+01,1.417741012573242188e+01
1.863996337890625000e+03,5.222674179077148438e+01,8.804119110107421875e+01,8.095314025878906250e+01,1.432596778869628906e+01
1.053814086914062500e+03,2.901624488830566406e+01,8.571777343750000000e+01,4.770828628540039062e+01,1.284673881530761719e+01
8.172092285156250000e+02,2.208538246154785156e+01,9.040206909179687500e+01,7.817414760589599609e+00,1.335895729064941406e+01
2.823978271484375000e+03,8.000048065185546875e+01,9.023867034912109375e+01,1.941872024536132812e+01,1.337420558929443359e+01
3.870708007812500000e+03,1.092210159301757812e+02,9.431824493408203125e+01,5.712131881713867188e+01,1.305623817443847656e+01
3.026507812500000000e+03,8.405729675292968750e+01,8.977651977539062500e+01,8.171028137207031250e+01,1.386338901519775391e+01
2.998451660156250000e+03,8.376073455810546875e+01,9.394462585449218750e+01,2.408752250671386719e+01,1.242557716369628906e+01
1.267301147460937500e+03,3.537097167968750000e+01,8.600914764404296875e+01,8.634911346435546875e+01,1.324452400207519531e+01
3.172181640625000000e+03,8.845108795166015625e+01,8.774107360839843750e+01,7.462834167480468750e+01,1.326248073577880859e+01
1.442711791992187500e+03,4.048984146118164062e+01,9.184280395507812500e+01,6.072322368621826172e+00,1.436914157867431641e+01
9.303225708007812500e+02,2.527538299560546875e+01,8.866587066650390625e+01,6.825018310546875000e+01,1.407923412322998047e+01
1.950369384765625000e+03,5.357816314697265625e+01,8.797694396972656250e+01,3.261301422119140625e+01,1.415166854858398438e+01
3.969638916015625000e+03,1.113106613159179688e+02,8.882978057861328125e+01,2.377806282043457031e+01,1.272664546966552734e+01
2.096561523437500000e+03,5.905703735351562500e+01,8.774829864501953125e+01,2.960301399230957031e+01,1.349952697753906250e+01
2.286085205078125000e+03,6.464353942871093750e+01,9.322936248779296875e+01,1.983829689025878906e+01,1.379155731201171875e+01
3.052892089843750000e+03,8.609232330322265625e+01,9.193519592285156250e+01,1.316855661571025848e-03,1.214860534667968750e+01
1.069318237304687500e+03,3.034324836730957031e+01,9.084388732910156250e+01,6.535256958007812500e+01,1.245056819915771484e+01
1.337300659179687500e+03,3.813287353515625000e+01,9.101850891113281250e+01,3.371643447875976562e+01,1.382720851898193359e+01
3.798656982421875000e+03,1.069426193237304688e+02,9.019400787353515625e+01,5.095845413208007812e+01,1.358702087402343750e+01
2.006021362304687500e+03,5.652837753295898438e+01,9.159672546386718750e+01,9.292388916015625000e+01,1.318603134155273438e+01
3.703728515625000000e+03,1.038326339721679688e+02,9.212001037597656250e+01,7.278736877441406250e+01,1.428831672668457031e+01
1.521229003906250000e+03,4.372036361694335938e+01,9.248317718505859375e+01,7.737611389160156250e+01,1.209799003601074219e+01
2.598210937500000000e+03,7.224011230468750000e+01,8.822338867187500000e+01,7.085354328155517578e-01,1.349059867858886719e+01
1.444862670898437500e+03,4.090117645263671875e+01,9.311174774169921875e+01,3.815301895141601562e+01,1.446063804626464844e+01
3.701783203125000000e+03,1.034186706542968750e+02,9.110958862304687500e+01,6.088077926635742188e+01,1.266824913024902344e+01
2.305803222656250000e+03,6.479612731933593750e+01,9.248892974853515625e+01,4.966421127319335938e+01,1.305305194854736328e+01
1.203073242187500000e+03,3.411506271362304688e+01,9.325910949707031250e+01,1.182991313934326172e+01,1.352013301849365234e+01
1.158769897460937500e+03,3.271277618408203125e+01,9.087417602539062500e+01,5.971501159667968750e+01,1.241119575500488281e+01
1.400999633789062500e+03,3.897809600830078125e+01,8.764060211181640625e+01,6.165770721435546875e+01,1.321423149108886719e+01
3.823636474609375000e+03,1.064210281372070312e+02,9.215093231201171875e+01,8.827429199218750000e+01,1.242695522308349609e+01
1.957887329101562500e+03,5.409635162353515625e+01,8.577822113037109375e+01,5.226198196411132812e+01,1.249922275543212891e+01
3.279048339843750000e+03,9.134090423583984375e+01,8.688732910156250000e+01,7.273085784912109375e+01,1.317136287689208984e+01
3.351852294921875000e+03,9.400001525878906250e+01,8.864398193359375000e+01,5.151805496215820312e+01,1.207445621490478516e+01
2.765752197265625000e+03,7.753855895996093750e+01,9.317011260986328125e+01,7.634265136718750000e+01,1.277055931091308594e+01
1.159035034179687500e+03,3.282038879394531250e+01,8.577687072753906250e+01,9.288191986083984375e+01,1.356041526794433594e+01
2.274980468750000000e+03,6.429871368408203125e+01,8.515805816650390625e+01,4.772006225585937500e+01,1.323578643798828125e+01
9.152901000976562500e+02,2.572564697265625000e+01,9.291227722167968750e+01,6.634095764160156250e+01,1.432324218750000000e+01
1.131767089843750000e+03,3.147123527526855469e+01,9.277442932128906250e+01,3.232895278930664062e+01,1.317704200744628906e+01
1.999214721679687500e+03,5.566912841796875000e+01,8.768640136718750000e+01,5.708019638061523438e+01,1.342240428924560547e+01
1.183991333007812500e+03,3.376979827880859375e+01,9.073534393310546875e+01,3.914462280273437500e+01,1.407170391082763672e+01
9.275554809570312500e+02,2.516928100585937500e+01,8.810908508300781250e+01,2.121461153030395508e+00,1.220370292663574219e+01
3.018585693359375000e+03,8.403266143798828125e+01,8.859575653076171875e+01,1.576244163513183594e+01,1.290838050842285156e+01
1.774807617187500000e+03,4.908031845092773438e+01,9.381952667236328125e+01,6.463162231445312500e+01,1.258259773254394531e+01
2.636304931640625000e+03,7.432714843750000000e+01,8.969133758544921875e+01,6.508123016357421875e+01,1.232045555114746094e+01
1.202762084960937500e+03,3.389984130859375000e+01,8.511936187744140625e+01,9.860513305664062500e+01,1.349596023559570312e+01
3.392453369140625000e+03,9.499715423583984375e+01,9.116615295410156250e+01,6.131554412841796875e+01,1.292870330810546875e+01
9.557358398437500000e+02,2.654914665222167969e+01,9.489658355712890625e+01,4.934715270996093750e+01,1.288879776000976562e+01
2.415888427734375000e+03,6.831469726562500000e+01,9.322431182861328125e+01,8.270071029663085938e+00,1.308419609069824219e+01
3.730453369140625000e+03,4.678973853588104248e-01,8.507596588134765625e+01,8.721639633178710938e+00,1.449434375762939453e+01
1.178391845703125000e+03,3.228787231445312500e+01,9.273167419433593750e+01,8.474744415283203125e+01,1.416799068450927734e+01
1.055834106445312500e+03,2.980729675292968750e+01,9.108132934570312500e+01,6.015953063964843750e+01,1.267910766601562500e+01
1.441808837890625000e+03,4.056336975097656250e+01,9.425431823730468750e+01,4.033357620239257812e+01,1.312220001220703125e+01
2.991536865234375000e+03,8.446180725097656250e+01,9.419862365722656250e+01,2.075552177429199219e+01,1.287456512451171875e+01
2.425248046875000000e+03,6.908579254150390625e+01,9.203208923339843750e+01,1.321073627471923828e+01,1.206642436981201172e+01
1.277194946289062500e+03,3.538727951049804688e+01,8.981507110595703125e+01,7.091608428955078125e+01,1.375652885437011719e+01
2.628271240234375000e+03,7.382367706298828125e+01,9.018768310546875000e+01,5.145927810668945312e+01,1.405905723571777344e+01
1.026561523437500000e+03,2.864312744140625000e+01,9.372805786132812500e+01,5.821670532226562500e+01,1.302993679046630859e+01
2.466742919921875000e+03,7.003131103515625000e+01,8.609655761718750000e+01,3.809403610229492188e+01,1.326491069793701172e+01
1.304056396484375000e+03,3.614654159545898438e+01,8.534915924072265625e+01,2.812459754943847656e+01,1.365029430389404297e+01
3.474995117187500000e+03,9.745481109619140625e+01,9.256093597412109375e+01,4.823089218139648438e+01,1.262780570983886719e+01
1.238353637695312500e+03,3.511262893676757812e+01,8.597486114501953125e+01,9.132505798339843750e+01,1.359327507019042969e+01
1.581085571289062500e+03,4.463934326171875000e+01,9.356021881103515625e+01,4.923066711425781250e+01,1.354682540893554688e+01
3.977126220703125000e+03,1.101058731079101562e+02,9.452635192871093750e+01,7.158521652221679688e+00,1.253037834167480469e+01
2.847728027343750000e+03,7.941399383544921875e+01,9.280084228515625000e+01,4.285007476806640625e+01,1.361355209350585938e+01
1.862846313476562500e+03,5.131231689453125000e+01,9.136310577392578125e+01,4.283055114746093750e+01,1.440533828735351562e+01
2.265488281250000000e+03,6.389167022705078125e+01,8.571495819091796875e+01,9.896134948730468750e+01,1.345208930969238281e+01
1.356733398437500000e+03,3.818322372436523438e+01,9.496164703369140625e+01,6.511061096191406250e+01,1.446180915832519531e+01
3.488849853515625000e+03,9.798311614990234375e+01,9.431152343750000000e+01,2.093143081665039062e+01,1.378808212280273438e+01
2.235914550781250000e+03,6.272291564941406250e+01,8.876499176025390625e+01,3.196633148193359375e+01,1.408558750152587891e+01
2.534665283203125000e+03,7.102768707275390625e+01,9.459400177001953125e+01,5.756062316894531250e+01,1.347289562225341797e+01
2.102405273437500000e+03,5.827034759521484375e+01,9.466744232177734375e+01,2.279589653015136719e+01,1.323566722869873047e+01
2.817041992187500000e+03,7.836507415771484375e+01,8.897860717773437500e+01,4.083837509155273438e+01,1.231582832336425781e+01
2.750743164062500000e+03,7.663222503662109375e+01,8.679851531982421875e+01,5.322390365600585938e+01,1.373636913299560547e+01
3.304678710937500000e+03,9.284742736816406250e+01,8.907423400878906250e+01,9.191693115234375000e+01,1.242899513244628906e+01
1.333063232421875000e+03,3.780372619628906250e+01,9.015782165527343750e+01,5.954987525939941406e+00,1.399606800079345703e+01
3.179446289062500000e+03,8.764685821533203125e+01,9.059994506835937500e+01,6.066274261474609375e+01,1.300488948822021484e+01
2.377829101562500000e+03,6.661803436279296875e+01,9.384970092773437500e+01,7.728256988525390625e+01,1.331572723388671875e+01
3.787308349609375000e+03,1.062383117675781250e+02,8.577460479736328125e+01,4.073031234741210938e+01,1.217003726959228516e+01
3.916055908203125000e+03,1.092622451782226562e+02,8.817514038085937500e+01,2.506932449340820312e+01,1.264908599853515625e+01
1.642615356445312500e+03,4.619572067260742188e+01,8.866580963134765625e+01,5.214432144165039062e+01,1.315557003021240234e+01
2.286996582031250000e+03,6.336375045776367188e+01,9.016389465332031250e+01,3.851720428466796875e+01,1.298733425140380859e+01
3.841776123046875000e+03,1.069549255371093750e+02,8.732379150390625000e+01,8.619773864746093750e+00,1.293607234954833984e+01
9.589374389648437500e+02,2.642902565002441406e+01,8.819081115722656250e+01,3.197731018066406250e+01,1.439601707458496094e+01
2.942005126953125000e+03,8.206721496582031250e+01,9.340558624267578125e+01,4.773842239379882812e+01,1.367292022705078125e+01
8.995552978515625000e+02,2.559044456481933594e+01,9.194231414794921875e+01,1.776516532897949219e+01,1.443547630310058594e+01
2.292749023437500000e+03,6.470171356201171875e+01,9.497994232177734375e+01,4.861959075927734375e+01,1.381088829040527344e+01
3.896944580078125000e+03,1.102209625244140625e+02,8.871662902832031250e+01,2.270054817199707031e+01,1.448217487335205078e+01
1.318975830078125000e+03,3.719274520874023438e+01,8.831250762939453125e+01,4.541790008544921875e+01,1.247604846954345703e+01
1.267222290039062500e+03,3.570450973510742188e+01,8.814243316650390625e+01,7.603000640869140625e+01,1.373549938201904297e+01
3.256450683593750000e+03,9.164061737060546875e+01,9.215979766845703125e+01,2.042175054550170898e+00,1.406600093841552734e+01
3.891739990234375000e+03,1.090980377197265625e+02,8.732733154296875000e+01,6.186861038208007812e+01,1.219342041015625000e+01
1.728107788085937500e+03,4.951469039916992188e+01,9.308052825927734375e+01,8.938728332519531250e+01,1.436687088012695312e+01
2.080216308593750000e+03,5.817761993408203125e+01,8.909176635742187500e+01,9.206333160400390625e+01,1.245197200775146484e+01
3.206147705078125000e+03,9.002952575683593750e+01,8.901277923583984375e+01,9.600380706787109375e+01,1.343364238739013672e+01
3.467104003906250000e+03,9.756145477294921875e+01,9.010585021972656250e+01,3.711466217041015625e+01,1.436384868621826172e+01
2.761195068359375000e+03,7.701064300537109375e+01,8.627257537841796875e+01,4.999574661254882812e+01,1.386584758758544922e+01
1.269401245117187500e+03,3.552037811279296875e+01,8.817909240722656250e+01,8.873859405517578125e+01,1.247359466552734375e+01
3.112227050781250000e+03,8.740434265136718750e+01,8.722606658935546875e+01,1.296755552291870117e+00,1.327451896667480469e+01
3.114910400390625000e+03,8.789440917968750000e+01,9.166178894042968750e+01,2.037809753417968750e+01,1.428304004669189453e+01
3.376945068359375000e+03,9.519819641113281250e+01,9.405821228027343750e+01,7.066457366943359375e+01,1.213679981231689453e+01
3.670751464843750000e+03,1.030825119018554688e+02,8.684207916259765625e+01,9.147023200988769531e+00,1.242360115051269531e+01
2.618616699218750000e+03,7.332247161865234375e+01,8.729049682617187500e+01,5.833295440673828125e+01,1.200297641754150391e+01
2.665423095703125000e+03,7.538072204589843750e+01,8.838926696777343750e+01,8.340070343017578125e+01,1.305483245849609375e+01
3.003322021484375000e+03,8.427272796630859375e+01,8.778263854980468750e+01,2.160675430297851562e+01,1.370781421661376953e+01
1.108459106445312500e+03,3.011335754394531250e+01,9.012612915039062500e+01,4.733610153198242188e+01,1.249609851837158203e+01
2.764387451171875000e+03,7.744269561767578125e+01,9.378405761718750000e+01,2.460502624511718750e+01,1.399366664886474609e+01
2.981154785156250000e+03,8.408231353759765625e+01,9.174926757812500000e+01,8.803549194335937500e+01,1.443555164337158203e+01
1.554867309570312500e+03,4.307415008544921875e+01,8.870921325683593750e+01,8.885968780517578125e+01,1.296963310241699219e+01
3.242595458984375000e+03,9.028926086425781250e+01,9.386087799072265625e+01,9.545635223388671875e+01,1.208669376373291016e+01
2.134569335937500000e+03,5.974543380737304688e+01,8.557290649414062500e+01,2.126747131347656250e+01,1.427086448669433594e+01
3.356631103515625000e+03,9.401113891601562500e+01,8.579859924316406250e+01,9.620394134521484375e+01,1.232592296600341797e+01
2.011826171875000000e+03,5.697931289672851562e+01,8.848457336425781250e+01,1.317371875047683716e-01,1.223484516143798828e+01
2.818002197265625000e+03,7.902795410156250000e+01,9.263033294677734375e+01,2.625677108764648438e+01,1.375539207458496094e+01
1.080621459960937500e+03,3.100978279113769531e+01,9.346786499023437500e+01,5.178251743316650391e+00,1.319276523590087891e+01
1.441304199218750000e+03,4.127621459960937500e+01,9.325276184082031250e+01,4.602698516845703125e+01,1.420652770996093750e+01
2.647740722656250000e+03,7.448932647705078125e+01,8.925479125976562500e+01,7.576628875732421875e+01,1.299930381774902344e+01
1.673387939453125000e+03,4.737448883056640625e+01,8.825963592529296875e+01,2.712740707397460938e+01,1.362128067016601562e+01
3.260220947265625000e+03,9.178134155273437500e+01,8.884522247314453125e+01,6.971681213378906250e+01,1.442225360870361328e+01
1.748968017578125000e+03,4.872138214111328125e+01,8.615055084228515625e+01,8.305915069580078125e+01,1.361501598358154297e+01
1.224723999023437500e+03,3.409096908569335938e+01,9.139532470703125000e+01,9.284904479980468750e+01,1.375796318054199219e+01
2.024101318359375000e+03,5.693393707275390625e+01,9.487045288085937500e+01,6.431837463378906250e+01,1.243386173248291016e+01
3.124965087890625000e+03,8.781532287597656250e+01,9.338642120361328125e+01,7.571695804595947266e+00,1.337793636322021484e+01
1.873394775390625000e+03,5.174375152587890625e+01,8.510245513916015625e+01,3.394619750976562500e+01,1.264029026031494141e+01
3.343201904296875000e+03,9.327209472656250000e+01,8.784397125244140625e+01,3.037966156005859375e+01,1.418583583831787109e+01
1.003733581542968750e+03,2.828433990478515625e+01,9.113002014160156250e+01,7.134815979003906250e+01,1.404021072387695312e+01
3.824474609375000000e+03,1.068178787231445312e+02,9.249705505371093750e+01,2.576126098632812500e+01,1.416652202606201172e+01
3.516329589843750000e+03,9.857632446289062500e+01,9.077559661865234375e+01,2.597533607482910156e+01,1.418859767913818359e+01
3.242838623046875000e+03,9.051732635498046875e+01,8.568560028076171875e+01,8.888164520263671875e+01,1.400112438201904297e+01
2.699562255859375000e+03,7.514630889892578125e+01,9.182289886474609375e+01,7.401461791992187500e+01,1.283053207397460938e+01
1.085595703125000000e+03,3.025350379943847656e+01,8.924827575683593750e+01,2.354205703735351562e+01,1.411233711242675781e+01
1.506106323242187500e+03,4.286208724975585938e+01,8.908139801025390625e+01,1.172895145416259766e+01,1.365198040008544922e+01
3.626819824218750000e+03,1.022637252807617188e+02,9.090773773193359375e+01,3.603818511962890625e+01,1.272185230255126953e+01
2.555366455078125000e+03,7.258580017089843750e+01,8.882629394531250000e+01,7.738954925537109375e+01,1.380883693695068359e+01
3.232531738281250000e+03,9.044128417968750000e+01,8.935147094726562500e+01,2.243412017822265625e+01,1.436610317230224609e+01
1.892272094726562500e+03,5.323566436767578125e+01,8.740013122558593750e+01,8.804432678222656250e+01,1.441301822662353516e+01
3.817161865234375000e+03,1.072042465209960938e+02,8.849189758300781250e+01,2.317238807678222656e+01,1.214145565032958984e+01
3.778275878906250000e+03,1.058460693359375000e+02,9.121458435058593750e+01,4.577351760864257812e+01,1.205065250396728516e+01
2.480087890625000000e+03,6.927420043945312500e+01,9.385630798339843750e+01,5.672650146484375000e+01,1.298016548156738281e+01
1.016170959472656250e+03,2.879503631591796875e+01,8.590332031250000000e+01,4.062141036987304688e+01,1.300880050659179688e+01
2.337550781250000000e+03,6.480754852294921875e+01,9.374818420410156250e+01,5.104696655273437500e+01,1.217321872711181641e+01
2.237906250000000000e+03,6.338040924072265625e+01,9.069830322265625000e+01,3.634323501586914062e+01,1.381321334838867188e+01
2.201450927734375000e+03,6.200157546997070312e+01,8.781755828857421875e+01,6.251472091674804688e+01,1.321528148651123047e+01
1.254130981445312500e+03,3.591202545166015625e+01,8.878251647949218750e+01,3.020110130310058594e+01,1.369345474243164062e+01
1.745048217773437500e+03,4.905875778198242188e+01,9.459026336669921875e+01,9.443692016601562500e+01,1.378729248046875000e+01
1.087081298828125000e+03,3.081903076171875000e+01,8.628668212890625000e+01,5.457037353515625000e+01,1.300348758697509766e+01
2.715723144531250000e+03,7.592194366455078125e+01,9.390162658691406250e+01,4.544617462158203125e+01,1.402892684936523438e+01
3.177970214843750000e+03,8.973278045654296875e+01,8.634857177734375000e+01,6.561616516113281250e+01,1.434003067016601562e+01
1.209223632812500000e+03,3.341249847412109375e+01,9.198144531250000000e+01,2.215584945678710938e+01,1.281192684173583984e+01
2.234744873046875000e+03,6.368874740600585938e+01,9.168166351318359375e+01,7.624018096923828125e+01,1.345873355865478516e+01
3.673320556640625000e+03,1.034249191284179688e+02,9.156697082519531250e+01,7.875555419921875000e+01,1.301646232604980469e+01
2.490396240234375000e+03,7.005595397949218750e+01,8.585418701171875000e+01,1.260496711730957031e+01,1.390068912506103516e+01
1.962635498046875000e+03,5.493347930908203125e+01,8.750905609130859375e+01,9.517668151855468750e+01,1.268865489959716797e+01
1.593086547851562500e+03,4.396271514892578125e+01,9.246014404296875000e+01,8.165687561035156250e+01,1.226319503784179688e+01
3.780019531250000000e+03,1.049718322753906250e+02,9.250788879394531250e+01,3.664076232910156250e+01,1.418312740325927734e+01
3.741523193359375000e+03,1.044275436401367188e+02,8.704096221923828125e+01,7.549294281005859375e+01,1.357752513885498047e+01
1.409014526367187500e+03,3.990842056274414062e+01,8.660197448730468750e+01,3.469521331787109375e+01,1.260816097259521484e+01
3.689585937500000000e+03,1.035231552124023438e+02,9.452105712890625000e+01,9.826528930664062500e+01,1.414391803741455078e+01
2.407792968750000000e+03,6.752628326416015625e+01,8.779935455322265625e+01,6.687815856933593750e+01,1.201265525817871094e+01
3.594357910156250000e+03,1.001001892089843750e+02,9.062898254394531250e+01,1.512654781341552734e+01,1.272312450408935547e+01
2.513391357421875000e+03,7.124692535400390625e+01,9.152587127685546875e+01,8.043918609619140625e+01,1.333180522918701172e+01
2.184938476562500000e+03,6.094419860839843750e+01,9.498847961425781250e+01,3.703029251098632812e+01,1.205031776428222656e+01
1.080694213867187500e+03,2.946760749816894531e+01,9.376933288574218750e+01,6.368899154663085938e+01,1.296399307250976562e+01
2.565144775390625000e+03,7.313150787353515625e+01,9.350017547607421875e+01,7.292813873291015625e+01,1.419034862518310547e+01
3.026987548828125000e+03,8.425881195068359375e+01,9.220918273925781250e+01,1.739875602722167969e+01,1.291554260253906250e+01
3.667590576171875000e+03,1.020540313720703125e+02,8.764540100097656250e+01,8.464785003662109375e+01,1.244873046875000000e+01
3.236584228515625000e+03,9.080608367919921875e+01,9.220696258544921875e+01,9.632112121582031250e+01,1.395501327514648438e+01
3.948549316406250000e+03,1.116427993774414062e+02,9.339788055419921875e+01,4.947339630126953125e+01,1.227747821807861328e+01
1.609711181640625000e+03,4.496194458007812500e+01,9.271849060058593750e+01,3.783180236816406250e+01,1.408781433105468750e+01
2.075508056640625000e+03,5.862487030029296875e+01,8.838893890380859375e+01,6.895980072021484375e+01,1.401297664642333984e+01
2.638741210937500000e+03,7.407889556884765625e+01,9.035727691650390625e+01,5.100972175598144531e+00,1.366679954528808594e+01
2.891140380859375000e+03,8.079849243164062500e+01,9.094568634033203125e+01,7.511751556396484375e+01,1.397750282287597656e+01
3.187533447265625000e+03,8.912749481201171875e+01,9.224107360839843750e+01,2.448344230651855469e+00,1.375934123992919922e+01
1.900223632812500000e+03,5.421116638183593750e+01,8.686789703369140625e+01,4.909798431396484375e+01,1.340956783294677734e+01
1.026794189453125000e+03,2.857637405395507812e+01,9.106703948974609375e+01,9.271739196777343750e+01,1.206435108184814453e+01
3.380187255859375000e+03,9.363233184814453125e+01,9.410086059570312500e+01,3.040717124938964844e+01,1.411539363861083984e+01
2.006863037109375000e+03,5.706900787353515625e+01,9.387570953369140625e+01,3.946298980712890625e+01,1.279783153533935547e+01
3.705732910156250000e+03,1.043742523193359375e+02,8.550953674316406250e+01,8.839923095703125000e+01,1.406666851043701172e+01
9.652403564453125000e+02,2.596703338623046875e+01,8.514781188964843750e+01,7.184847259521484375e+01,1.219862747192382812e+01
8.747603149414062500e+02,2.423190307617187500e+01,8.704125213623046875e+01,9.967687988281250000e+01,1.432391548156738281e+01
3.985683837890625000e+03,1.121639328002929688e+02,8.965000152587890625e+01,8.660587310791015625e+01,1.260892105102539062e+01
1.553446411132812500e+03,4.434338378906250000e+01,9.229818725585937500e+01,2.027217483520507812e+01,1.252834987640380859e+01
1.644786987304687500e+03,4.605741500854492188e+01,8.506789398193359375e+01,2.745876884460449219e+01,1.331713676452636719e+01
3.798564697265625000e+03,1.064719543457031250e+02,8.685974121093750000e+01,3.232658767700195312e+01,1.346908760070800781e+01
3.175062255859375000e+03,8.970614624023437500e+01,9.471924591064453125e+01,4.005730819702148438e+01,1.396431922912597656e+01
9.503749389648437500e+02,2.590526008605957031e+01,9.185839080810546875e+01,6.020888900756835938e+01,1.444059848785400391e+01
2.004623535156250000e+03,5.586508178710937500e+01,9.239181518554687500e+01,4.221841812133789062e+01,1.235845470428466797e+01
2.901190429687500000e+03,8.082384490966796875e+01,8.807109069824218750e+01,7.309693908691406250e+01,1.271516895294189453e+01
3.335266601562500000e+03,9.336884307861328125e+01,9.392541503906250000e+01,8.057727050781250000e+01,1.261816787719726562e+01
3.028162841796875000e+03,8.459307098388671875e+01,8.814511108398437500e+01,7.161209869384765625e+01,1.238000488281250000e+01
1.470185058593750000e+03,4.208493423461914062e+01,9.279138183593750000e+01,2.859249496459960938e+01,1.217896842956542969e+01
3.756400146484375000e+03,1.044872817993164062e+02,9.393736267089843750e+01,1.102252006530761719e+01,1.431348037719726562e+01
3.022197509765625000e+03,8.429544830322265625e+01,8.637396240234375000e+01,1.473632621765136719e+01,1.349769592285156250e+01
3.034450683593750000e+03,8.591764831542968750e+01,8.853170013427734375e+01,3.046753108501434326e-01,1.319772148132324219e+01
3.985209716796875000e+03,1.119585113525390625e+02,9.305296325683593750e+01,3.660527801513671875e+01,1.344945907592773438e+01
3.007808105468750000e+03,8.341606140136718750e+01,8.567293548583984375e+01,4.027951049804687500e+01,1.265147209167480469e+01
3.193739501953125000e+03,9.015147399902343750e+01,8.640656280517578125e+01,4.294335937500000000e+01,1.407254791259765625e+01
1.146800781250000000e+03,3.251346206665039062e+01,8.900701904296875000e+01,6.712709045410156250e+01,1.295432376861572266e+01
2.060416748046875000e+03,5.829935073852539062e+01,9.132190704345703125e+01,7.407009124755859375e+01,1.430315494537353516e+01
1.681634643554687500e+03,4.699166107177734375e+01,9.180822753906250000e+01,8.956720733642578125e+01,1.238975334167480469e+01
3.785536132812500000e+03,1.056453857421875000e+02,9.024811553955078125e+01,9.278582000732421875e+01,1.440056514739990234e+01
1.735845336914062500e+03,4.880604934692382812e+01,9.012544250488281250e+01,3.729905319213867188e+01,1.282367038726806641e+01
1.430254882812500000e+03,4.015894699096679688e+01,9.100951385498046875e+01,5.348112869262695312e+01,1.328484630584716797e+01
3.071588134765625000e+03,8.547341156005859375e+01,9.125582885742187500e+01,1.952874755859375000e+01,1.265906906127929688e+01
2.265098388671875000e+03,6.310219955444335938e+01,8.834555053710937500e+01,3.768260955810546875e+01,1.214169883728027344e+01
1.535426635742187500e+03,4.299779129028320312e+01,8.588011932373046875e+01,6.230402755737304688e+01,1.306424713134765625e+01
3.749447998046875000e+03,1.056012725830078125e+02,9.491088104248046875e+01,9.645487976074218750e+01,1.278613853454589844e+01
1.054642333984375000e+03,3.000083541870117188e+01,9.365372467041015625e+01,8.207593536376953125e+01,1.386189174652099609e+01
2.089756103515625000e+03,5.812927246093750000e+01,9.009209442138671875e+01,4.694895172119140625e+01,1.386568450927734375e+01
1.326816894531250000e+03,3.677205276489257812e+01,9.219689941406250000e+01,4.871897506713867188e+01,1.405200576782226562e+01
2.695087402343750000e+03,7.506111145019531250e+01,9.368501281738281250e+01,7.594440460205078125e+01,1.202204608917236328e+01
3.179677734375000000e+03,9.768489003181457520e-01,8.804477691650390625e+01,5.647880554199218750e+01,1.385925865173339844e+01
1.461927612304687500e+03,4.072885894775390625e+01,8.646587371826171875e+01,8.043512725830078125e+01,1.246432113647460938e+01
3.390495849609375000e+03,9.558935546875000000e+01,8.717832946777343750e+01,1.780921459197998047e+00,1.309315395355224609e+01
3.794291748046875000e+03,1.062215194702148438e+02,8.578828430175781250e+01,1.008230781555175781e+01,1.363619613647460938e+01
1.670559082031250000e+03,4.716154861450195312e+01,9.083489227294921875e+01,8.548941040039062500e+01,1.208334159851074219e+01
1.948841064453125000e+03,5.418037414550781250e+01,8.705667114257812500e+01,5.533982086181640625e+01,1.375513744354248047e+01
1.082690673828125000e+03,2.973968315124511719e+01,8.722963714599609375e+01,5.325067043304443359e+00,1.424537086486816406e+01
1.683815307617187500e+03,4.716159057617187500e+01,8.531726837158203125e+01,7.387377166748046875e+01,1.252568531036376953e+01
2.123004150390625000e+03,5.915208053588867188e+01,9.422537231445312500e+01,5.663996887207031250e+01,1.301354980468750000e+01
1.406303955078125000e+03,3.924140930175781250e+01,8.841089630126953125e+01,5.255725479125976562e+01,1.266632938385009766e+01
1.809701782226562500e+03,5.071989822387695312e+01,9.188328552246093750e+01,1.106904792785644531e+01,1.254785633087158203e+01
2.809827148437500000e+03,7.864717102050781250e+01,8.661463928222656250e+01,3.025413513183593750e+01,1.273556613922119141e+01
2.924118896484375000e+03,8.204720306396484375e+01,9.235459136962890625e+01,2.583634185791015625e+01,1.324870586395263672e+01
2.710905761718750000e+03,7.599800872802734375e+01,8.615962982177734375e+01,3.051230621337890625e+01,1.290163993835449219e+01
1.839267578125000000e+03,5.116742324829101562e+01,8.502790832519531250e+01,3.801493453979492188e+01,1.319836044311523438e+01
3.336394531250000000e+03,9.251049804687500000e+01,8.649722290039062500e+01,3.585056304931640625e+01,1.241326332092285156e+01
3.113675781250000000e+03,8.712686157226562500e+01,8.734290313720703125e+01,7.345296478271484375e+01,1.301579761505126953e+01
1.881510131835937500e+03,5.305542373657226562e+01,9.352176666259765625e+01,2.383458328247070312e+01,1.262697887420654297e+01
2.246649414062500000e+03,6.330809783935546875e+01,8.710369873046875000e+01,7.248379516601562500e+01,1.233238124847412109e+01
2.684637695312500000e+03,7.514610290527343750e+01,9.103223419189453125e+01,5.164574432373046875e+01,1.392495632171630859e+01
1.156654541015625000e+03,3.202768325805664062e+01,8.561341857910156250e+01,5.360499572753906250e+01,1.373167610168457031e+01
1.206960083007812500e+03,3.374278640747070312e+01,9.173049163818359375e+01,4.400202941894531250e+01,1.399498176574707031e+01
2.554424804687500000e+03,7.100897979736328125e+01,8.812045288085937500e+01,5.382540225982666016e+00,1.201056480407714844e+01
3.990620849609375000e+03,1.117750854492187500e+02,9.148774719238281250e+01,9.679067230224609375e+01,1.214400291442871094e+01
8.445366210937500000e+02,2.269452285766601562e+01,8.602439117431640625e+01,9.997136688232421875e+01,1.357020664215087891e+01
8.817912597656250000e+02,2.491985702514648438e+01,8.731742095947265625e+01,7.935820007324218750e+01,1.312323284149169922e+01
3.624383300781250000e+03,1.017802963256835938e+02,8.744017791748046875e+01,7.104048156738281250e+01,1.358863639831542969e+01
7.193151367187500000e+03,9.534510040283203125e+01,8.932514953613281250e+01,3.250498056411743164e+00,1.360745143890380859e+01
3.653445800781250000e+03,1.019705276489257812e+02,8.957338714599609375e+01,6.605319976806640625e+01,1.421927738189697266e+01
1.750203979492187500e+03,4.977865982055664062e+01,8.927894592285156250e+01,1.673572731018066406e+01,1.286601734161376953e+01
3.659023437500000000e+03,1.021003341674804688e+02,8.719443511962890625e+01,6.571665191650390625e+01,1.233063793182373047e+01
1.870418457031250000e+03,5.230347824096679688e+01,9.219687652587890625e+01,9.285281372070312500e+01,1.426950550079345703e+01
1.164861450195312500e+03,3.176150703430175781e+01,9.447492980957031250e+01,3.147174453735351562e+01,1.288791179656982422e+01
3.408165283203125000e+03,9.538615417480468750e+01,9.137945556640625000e+01,9.875560760498046875e+01,1.423753738403320312e+01
1.368148925781250000e+03,3.819120025634765625e+01,9.448320007324218750e+01,7.055162811279296875e+01,1.274700832366943359e+01
1.150027954101562500e+03,3.278364562988281250e+01,8.995696258544921875e+01,1.388292503356933594e+01,1.255862712860107422e+01
3.678834472656250000e+03,1.023512496948242188e+02,8.709185028076171875e+01,9.791274261474609375e+01,1.336610412597656250e+01
3.255455810546875000e+03,9.125283813476562500e+01,9.154943084716796875e+01,1.942713546752929688e+01,1.202758121490478516e+01
2.175021484375000000e+03,6.020946884155273438e+01,9.414666748046875000e+01,5.531706619262695312e+01,1.039196014404296875e+01
3.652119140625000000e+03,1.028527755737304688e+02,9.034079742431640625e+01,5.948048782348632812e+01,1.210188007354736328e+01
9.916502685546875000e+02,2.726983261108398438e+01,8.727230072021484375e+01,8.787537384033203125e+01,1.429109954833984375e+01
1.460588134765625000e+03,4.122901916503906250e+01,8.963395690917968750e+01,4.050002288818359375e+01,1.373080825805664062e+01
1.515109130859375000e+03,4.346180725097656250e+01,9.092008209228515625e+01,6.717404937744140625e+01,1.397960090637207031e+01
3.576260986328125000e+03,1.006289672851562500e+02,8.673308563232421875e+01,5.840483474731445312e+01,1.305142021179199219e+01
3.075556640625000000e+03,8.638398742675781250e+01,8.741989135742187500e+01,3.918959140777587891e+00,1.408170509338378906e+01
1.929742553710937500e+03,5.405979919433593750e+01,9.496595001220703125e+01,6.865833282470703125e+01,1.229466533660888672e+01
3.919294189453125000e+03,1.093059310913085938e+02,8.766908264160156250e+01,3.714716720581054688e+01,1.305620765686035156e+01
2.669246582031250000e+03,7.436452484130859375e+01,9.330252075195312500e+01,1.113851070404052734e+01,1.344411277770996094e+01
3.950728027343750000e+03,1.106773681640625000e+02,8.963465881347656250e+01,3.612744140625000000e+01,1.297616863250732422e+01
3.044483642578125000e+03,8.496620941162109375e+01,9.040080261230468750e+01,5.473278045654296875e+01,1.389188098907470703e+01
1.575416748046875000e+03,4.339194488525390625e+01,9.285871887207031250e+01,9.542894744873046875e+01,1.236896419525146484e+01
8.559357910156250000e+02,2.347028923034667969e+01,8.800388336181640625e+01,4.268314361572265625e+01,1.331763076782226562e+01
2.513581054687500000e+03,7.026828002929687500e+01,8.603138732910156250e+01,1.496892261505126953e+01,1.295862388610839844e+01
1.682500000000000000e+03,4.689338684082031250e+01,8.823049163818359375e+01,7.632689666748046875e+01,1.287003898620605469e+01
1.228700927734375000e+03,3.503127670288085938e+01,9.481963348388671875e+01,4.360552215576171875e+01,1.224509716033935547e+01
8.301943359375000000e+02,2.271386718750000000e+01,9.133603668212890625e+01,9.152612304687500000e+01,1.303430461883544922e+01
9.012354736328125000e+02,2.481957054138183594e+01,9.344202423095703125e+01,9.779441070556640625e+01,1.060145282745361328e+01
3.173826904296875000e+03,8.789350128173828125e+01,9.480640411376953125e+01,2.277871894836425781e+01,1.259171009063720703e+01
9.767224731445312500e+02,2.691744995117187500e+01,9.401895904541015625e+01,4.893369674682617188e+00,1.409577941894531250e+01
3.371193847656250000e+03,-8.613885939121246338e-02,9.107713317871093750e+01,4.119172668457031250e+01,1.250403690338134766e+01
1.363338623046875000e+03,3.770817947387695312e+01,8.645582580566406250e+01,5.701930236816406250e+01,1.310917377471923828e+01
1.038733764648437500e+03,2.935128211975097656e+01,9.402781677246093750e+01,6.829724884033203125e+01,1.261494827270507812e+01
2.169123046875000000e+03,6.112975311279296875e+01,9.328224945068359375e+01,3.156969070434570312e+01,1.236334419250488281e+01
1.521897216796875000e+03,4.213207626342773438e+01,9.065772247314453125e+01,7.020021820068359375e+01,1.361987113952636719e+01
7.100128906250000000e+03,7.472090148925781250e+01,9.315422058105468750e+01,2.675664424896240234e+00,1.400511550903320312e+01
3.578356689453125000e+03,1.013327026367187500e+02,9.067745971679687500e+01,6.913994312286376953e+00,1.242579746246337891e+01
1.573339477539062500e+03,4.483091735839843750e+01,8.758358001708984375e+01,8.279139709472656250e+01,1.428500366210937500e+01
2.557189941406250000e+03,7.138796997070312500e+01,8.609519958496093750e+01,2.555975723266601562e+01,1.380296039581298828e+01
2.898321533203125000e+03,8.143986511230468750e+01,9.419232940673828125e+01,6.555200958251953125e+01,1.364599132537841797e+01
2.890041748046875000e+03,-7.770612835884094238e-01,8.934888458251953125e+01,7.973639488220214844e+00,1.392752933502197266e+01
9.619097900390625000e+02,2.741600036621093750e+01,8.670094299316406250e+01,5.270674514770507812e+01,1.220132637023925781e+01
3.445122558593750000e+03,9.612181091308593750e+01,9.370272064208984375e+01,9.475720214843750000e+01,1.404792404174804688e+01
2.820853515625000000e+03,7.937733459472656250e+01,8.670693206787109375e+01,4.340864562988281250e+01,1.232209300994873047e+01
2.053880615234375000e+03,5.787707519531250000e+01,9.180034637451171875e+01,1.813214492797851562e+01,1.368703174591064453e+01
6.803445800781250000e+03,5.188128280639648438e+01,9.031175231933593750e+01,8.931305694580078125e+01,1.364671993255615234e+01
2.469485595703125000e+03,6.926893615722656250e+01,9.098168182373046875e+01,8.981201171875000000e+01,1.448752307891845703e+01
2.075344482421875000e+03,5.786294937133789062e+01,9.297925567626953125e+01,9.845115661621093750e+01,1.341266918182373047e+01
2.432051757812500000e+03,6.858432006835937500e+01,9.183052062988281250e+01,1.371978092193603516e+01,1.308922386169433594e+01
1.133230957031250000e+03,3.176127243041992188e+01,8.569611358642578125e+01,4.932448577880859375e+01,1.220192909240722656e+01
9.930585937500000000e+02,2.806059074401855469e+01,9.148183441162109375e+01,7.817570495605468750e+01,1.307042503356933594e+01
1.009180725097656250e+03,2.810244369506835938e+01,9.217080688476562500e+01,1.570713615417480469e+01,1.287084960937500000e+01
3.488182373046875000e+03,9.812156677246093750e+01,8.601768493652343750e+01,9.397202301025390625e+01,1.216905021667480469e+01
2.153996582031250000e+03,6.122469329833984375e+01,8.534960937500000000e+01,1.782949638366699219e+01,1.402297878265380859e+01
3.290316406250000000e+03,9.220942687988281250e+01,9.153907012939453125e+01,1.480957221984863281e+01,1.323854923248291016e+01
2.949884765625000000e+03,8.308673858642578125e+01,9.331982421875000000e+01,5.106581878662109375e+01,1.356748676300048828e+01
2.143407470703125000e+03,6.033938217163085938e+01,9.352059936523437500e+01,4.251008605957031250e+01,1.363821411132812500e+01
3.958576904296875000e+03,1.115039443969726562e+02,8.775847625732421875e+01,3.782076263427734375e+01,1.395564079284667969e+01
1.315031738281250000e+03,3.709222793579101562e+01,9.379776763916015625e+01,4.743821334838867188e+01,1.285338306427001953e+01
2.894623779296875000e+03,8.048131561279296875e+01,8.737835693359375000e+01,8.284969329833984375e+01,1.442534160614013672e+01
3.371644531250000000e+03,9.397723388671875000e+01,9.049404144287109375e+01,8.083753204345703125e+01,1.308732128143310547e+01
3.739597900390625000e+03,1.045038757324218750e+02,9.150619506835937500e+01,5.420077514648437500e+01,1.422439479827880859e+01
2.558074462890625000e+03,7.149172210693359375e+01,1.230249938964843750e+02,8.760147857666015625e+01,1.334829521179199219e+01
1.560686035156250000e+03,4.358367919921875000e+01,8.595233917236328125e+01,4.531919479370117188e+01,1.284915637969970703e+01
1.649679931640625000e+03,4.578690338134765625e+01,9.486060333251953125e+01,4.306216812133789062e+01,1.257533454895019531e+01
1.419887451171875000e+03,3.969707107543945312e+01,8.741987609863281250e+01,6.766239929199218750e+01,1.329424381256103516e+01
3.512689697265625000e+03,9.851873779296875000e+01,9.039925384521484375e+01,3.368605041503906250e+01,1.259615802764892578e+01
1.347463378906250000e+03,3.786921310424804688e+01,9.268551635742187500e+01,1.635484123229980469e+01,1.236401271820068359e+01
1.500218505859375000e+03,4.213455963134765625e+01,8.618814086914062500e+01,6.894338989257812500e+01,1.384398937225341797e+01
3.831705810546875000e+03,1.070717468261718750e+02,8.744987487792968750e+01,4.871082305908203125e+01,1.296753978729248047e+01
3.943138183593750000e+03,1.099551849365234375e+02,8.642571258544921875e+01,7.149243164062500000e+01,1.350201225280761719e+01
3.611485107421875000e+03,1.012344741821289062e+02,8.512791442871093750e+01,9.857624053955078125e+01,1.215789127349853516e+01
3.055266845703125000e+03,8.548896789550781250e+01,9.399092864990234375e+01,9.643087768554687500e+01,1.220568656921386719e+01
8.131083984375000000e+02,2.312522125244140625e+01,8.501412200927734375e+01,3.482446289062500000e+01,1.362721633911132812e+01
3.510998291015625000e+03,9.786605834960937500e+01,8.982386779785156250e+01,8.388788604736328125e+01,1.436812973022460938e+01
1.262673217773437500e+03,3.534984207153320312e+01,8.729731750488281250e+01,4.525083923339843750e+01,1.288183593750000000e+01
3.063360351562500000e+03,8.638111114501953125e+01,8.871182250976562500e+01,6.903150177001953125e+01,1.265962123870849609e+01
1.194481689453125000e+03,3.363612365722656250e+01,8.561577606201171875e+01,4.646359634399414062e+01,1.435956573486328125e+01
1.432427856445312500e+03,3.962069320678710938e+01,8.739150238037109375e+01,4.027184295654296875e+01,1.355907535552978516e+01
3.073598388671875000e+03,8.692876434326171875e+01,9.444241333007812500e+01,3.561727523803710938e+01,1.304843711853027344e+01
2.823827880859375000e+03,7.862228393554687500e+01,9.173328399658203125e+01,2.706106948852539062e+01,1.268208980560302734e+01
1.345488647460937500e+03,3.826330566406250000e+01,8.673217010498046875e+01,9.330339050292968750e+01,1.255323600769042969e+01
2.217477294921875000e+03,6.219196701049804688e+01,9.400765991210937500e+01,5.503755187988281250e+01,1.369091987609863281e+01
2.955243896484375000e+03,8.323481750488281250e+01,8.654985046386718750e+01,2.441190719604492188e+01,1.413598155975341797e+01
2.093268066406250000e+03,5.770598983764648438e+01,9.312956237792968750e+01,7.642401123046875000e+01,1.004251575469970703e+01
3.617373779296875000e+03,1.018674163818359375e+02,9.492216491699218750e+01,5.864019393920898438e+01,1.440646934509277344e+01
3.152998535156250000e+03,-5.779642462730407715e-01,9.006814575195312500e+01,3.463806390762329102e+00,1.393063259124755859e+01
1.152491699218750000e+03,3.300569152832031250e+01,9.104587554931640625e+01,4.811892318725585938e+01,1.374391651153564453e+01
3.047838623046875000e+03,8.569505310058593750e+01,8.886033630371093750e+01,2.369227647781372070e+00,1.404563522338867188e+01
1.924318969726562500e+03,5.371221542358398438e+01,9.383126831054687500e+01,2.923382186889648438e+01,1.330192661285400391e+01
2.833793212890625000e+03,7.818352508544921875e+01,9.031613159179687500e+01,4.761338043212890625e+01,1.312383079528808594e+01
3.542434082031250000e+03,9.941963195800781250e+01,8.978169250488281250e+01,7.877558898925781250e+01,1.248770141601562500e+01
3.891942138671875000e+03,1.099128036499023438e+02,9.433023071289062500e+01,8.043608856201171875e+01,1.316845417022705078e+01
3.066190429687500000e+03,8.515649414062500000e+01,8.807628631591796875e+01,2.991251373291015625e+01,1.209880924224853516e+01
1.028182250976562500e+03,2.828285217285156250e+01,9.006354522705078125e+01,1.354934787750244141e+01,1.336584472656250000e+01
3.008081054687500000e+03,8.321472167968750000e+01,9.151854705810546875e+01,3.991556167602539062e+01,1.201695442199707031e+01
1.745547607421875000e+03,4.886385345458984375e+01,9.118866729736328125e+01,4.707782363891601562e+01,1.363840103149414062e+01
2.129607910156250000e+03,5.921710586547851562e+01,9.398062133789062500e+01,4.552357482910156250e+01,1.373577213287353516e+01
2.656714111328125000e+03,7.419408416748046875e+01,9.121913146972656250e+01,6.516072082519531250e+01,1.216580104827880859e+01
3.847972412109375000e+03,1.080714721679687500e+02,9.380641174316406250e+01,8.691069793701171875e+01,1.203658676147460938e+01
2.721097167968750000e+03,7.604914855957031250e+01,9.247278594970703125e+01,1.275244522094726562e+01,1.449995613098144531e+01
2.269427490234375000e+03,6.347779846191406250e+01,9.290412902832031250e+01,2.414890670776367188e+01,1.416112613677978516e+01
9.344321289062500000e+02,2.717928123474121094e+01,9.210678863525390625e+01,9.719167327880859375e+01,1.236440753936767578e+01
2.578068115234375000e+03,7.160651397705078125e+01,9.015766906738281250e+01,3.425310134887695312e+01,1.368846511840820312e+01
2.623788330078125000e+03,7.290218353271484375e+01,9.403973388671875000e+01,8.655725097656250000e+01,1.399524402618408203e+01
2.338904785156250000e+03,6.454767608642578125e+01,9.211238098144531250e+01,2.026950263977050781e+01,1.209163856506347656e+01
3.797343017578125000e+03,1.058611068725585938e+02,8.607312011718750000e+01,4.976477050781250000e+01,1.329887390136718750e+01
8.844667358398437500e+02,2.478242111206054688e+01,8.583605194091796875e+01,2.740675926208496094e+01,1.448095798492431641e+01
2.996846435546875000e+03,8.391235351562500000e+01,9.246927642822265625e+01,3.389687347412109375e+01,1.344059944152832031e+01
3.381309326171875000e+03,9.522424316406250000e+01,9.388197326660156250e+01,9.591608428955078125e+01,1.210867023468017578e+01
1.750322265625000000e+03,4.853079223632812500e+01,9.057527923583984375e+01,3.082028007507324219e+01,1.382236194610595703e+01
9.772545776367187500e+02,2.715350914001464844e+01,8.727391052246093750e+01,8.427713012695312500e+01,1.355370140075683594e+01
3.293609863281250000e+03,9.214001464843750000e+01,8.892752075195312500e+01,9.607712745666503906e+00,1.266540431976318359e+01
3.821710693359375000e+03,1.072879714965820312e+02,8.898619842529296875e+01,2.756713104248046875e+01,1.206457996368408203e+01
3.994089599609375000e+03,1.111737213134765625e+02,9.012619018554687500e+01,5.738634490966796875e+01,1.424330425262451172e+01
2.951806640625000000e+03,8.251738739013671875e+01,8.689768218994140625e+01,1.063886833190917969e+01,1.441285514831542969e+01
3.340156738281250000e+03,9.394922637939453125e+01,8.701907348632812500e+01,3.507339477539062500e+01,1.302512645721435547e+01
1.986553710937500000e+03,5.601239776611328125e+01,9.143865203857421875e+01,8.227616119384765625e+01,1.310853576660156250e+01
3.631532470703125000e+03,1.019905395507812500e+02,8.913529205322265625e+01,6.317210388183593750e+01,1.292509555816650391e+01
1.219282714843750000e+03,3.306431198120117188e+01,8.953486633300781250e+01,4.119366455078125000e+01,1.375773525238037109e+01
1.486662475585937500e+03,4.238737869262695312e+01,8.508721160888671875e+01,8.691303253173828125e+01,1.213897037506103516e+01
2.946030517578125000e+03,8.230937194824218750e+01,9.160558319091796875e+01,9.209811401367187500e+01,1.329293441772460938e+01
1.177352416992187500e+03,3.326305770874023438e+01,8.577289581298828125e+01,9.788571166992187500e+01,1.278751945495605469e+01
2.795440429687500000e+03,7.896486663818359375e+01,8.776245880126953125e+01,5.031771850585937500e+01,1.273580741882324219e+01
2.564377441406250000e+03,7.210261535644531250e+01,8.973651885986328125e+01,7.423593139648437500e+01,1.448047161102294922e+01
2.402421142578125000e+03,6.700633239746093750e+01,9.064385986328125000e+01,5.616738796234130859e+00,1.262442684173583984e+01
2.428234619140625000e+03,6.860491943359375000e+01,9.417888641357421875e+01,9.696369171142578125e+01,1.345909118652343750e+01
1.863156738281250000e+03,5.267964553833007812e+01,8.821941375732421875e+01,6.905739593505859375e+01,1.444591903686523438e+01
2.856340820312500000e+03,8.020630645751953125e+01,9.338501739501953125e+01,8.715518188476562500e+01,1.240014839172363281e+01
1.065268432617187500e+03,2.914459609985351562e+01,9.002508544921875000e+01,4.759526252746582031e+00,1.269978809356689453e+01
3.258728027343750000e+03,9.052123260498046875e+01,9.167922973632812500e+01,4.152638626098632812e+01,1.300810337066650391e+01
1.108875610351562500e+03,3.159790039062500000e+01,8.697804260253906250e+01,2.827507019042968750e+01,1.324101448059082031e+01
3.995550537109375000e+03,1.114189758300781250e+02,8.653963470458984375e+01,4.228003311157226562e+01,1.354917144775390625e+01
3.882049804687500000e+03,1.080056457519531250e+02,9.301624298095703125e+01,9.992858886718750000e+01,1.356456089019775391e+01
3.413268066406250000e+03,9.563984680175781250e+01,9.039714050292968750e+01,9.133372497558593750e+01,1.349681377410888672e+01
2.227301513671875000e+03,6.198121261596679688e+01,8.681942749023437500e+01,7.316270446777343750e+01,1.312114524841308594e+01
6.764648925781250000e+03,6.044841384887695312e+01,9.205424499511718750e+01,1.537743091583251953e+01,1.388803291320800781e+01
2.346806884765625000e+03,6.516802978515625000e+01,9.360504913330078125e+01,1.772237896919250488e+00,1.414846324920654297e+01
1.673025512695312500e+03,4.656761932373046875e+01,9.430558013916015625e+01,3.058936119079589844e+01,1.235712718963623047e+01
2.348719970703125000e+03,6.589755249023437500e+01,8.696978759765625000e+01,8.961448669433593750e+01,1.443537044525146484e+01
3.505836425781250000e+03,9.739638519287109375e+01,9.124063110351562500e+01,1.239317512512207031e+01,1.374741363525390625e+01
1.070134643554687500e+03,3.030481338500976562e+01,9.432135009765625000e+01,8.291209411621093750e+01,1.271446800231933594e+01
1.610172607421875000e+03,4.506303405761718750e+01,8.917369079589843750e+01,4.763931274414062500e+01,1.309270381927490234e+01
1.229974121093750000e+03,3.527322006225585938e+01,8.567166900634765625e+01,2.019790458679199219e+01,1.204417228698730469e+01
3.565243652343750000e+03,1.002015991210937500e+02,9.175170898437500000e+01,4.670183563232421875e+01,1.280782032012939453e+01
2.898600097656250000e+03,8.087878417968750000e+01,9.196970367431640625e+01,8.294736480712890625e+01,1.240622711181640625e+01
3.195885009765625000e+03,8.821656799316406250e+01,9.199182128906250000e+01,2.612711668014526367e+00,1.264989948272705078e+01
3.416303466796875000e+03,9.556491088867187500e+01,9.427379608154296875e+01,1.592734813690185547e+01,1.330568695068359375e+01
2.947768798828125000e+03,8.335036468505859375e+01,9.140669250488281250e+01,1.892576980590820312e+01,1.323402500152587891e+01
2.944298095703125000e+03,8.212655639648437500e+01,9.234194946289062500e+01,8.675978851318359375e+01,1.389593029022216797e+01
1.797116943359375000e+03,5.134518051147460938e+01,8.933749389648437500e+01,9.079331207275390625e+01,1.322483921051025391e+01
3.452821777343750000e+03,9.727111816406250000e+01,8.886089324951171875e+01,6.594819641113281250e+01,1.281284046173095703e+01
8.801286621093750000e+02,2.476805877685546875e+01,8.963719940185546875e+01,3.099478960037231445e+00,1.354417324066162109e+01
2.159222656250000000e+03,6.032418441772460938e+01,8.720281219482421875e+01,6.480770111083984375e+00,1.228821372985839844e+01
1.339663574218750000e+03,3.770878601074218750e+01,8.918276977539062500e+01,3.244056701660156250e+01,1.399587726593017578e+01
1.643121337890625000e+03,4.646871948242187500e+01,8.848860931396484375e+01,7.167517852783203125e+01,1.316627311706542969e+01
2.420943359375000000e+03,6.809373474121093750e+01,9.100849151611328125e+01,4.374446105957031250e+01,1.429868316650390625e+01
2.385184326171875000e+03,6.661746978759765625e+01,8.536189270019531250e+01,4.270214843750000000e+01,1.224956989288330078e+01
3.900097900390625000e+03,1.090951919555664062e+02,9.059150695800781250e+01,1.832221221923828125e+01,1.276607131958007812e+01
8.625687866210937500e+02,2.454924011230468750e+01,8.744501495361328125e+01,7.259200286865234375e+01,1.393955516815185547e+01
1.622463989257812500e+03,4.545071792602539062e+01,8.513972473144531250e+01,2.235204726457595825e-01,1.327665138244628906e+01
3.360227294921875000e+03,9.411937713623046875e+01,8.880516815185546875e+01,9.755331420898437500e+01,1.284671306610107422e+01
1.047057739257812500e+03,2.904953002929687500e+01,8.756439971923828125e+01,8.780280303955078125e+01,1.388064384460449219e+01
3.872065185546875000e+03,1.076442108154296875e+02,8.848739624023437500e+01,8.599064636230468750e+01,1.439619445800781250e+01
3.863465820312500000e+03,1.082452926635742188e+02,8.691185760498046875e+01,2.743038368225097656e+01,1.291105175018310547e+01
9.539472656250000000e+02,2.609785842895507812e+01,8.891448974609375000e+01,7.969713592529296875e+01,1.395987892150878906e+01
1.796986083984375000e+03,5.057596969604492188e+01,9.285205841064453125e+01,9.598138427734375000e+01,1.323124980926513672e+01
2.662198730468750000e+03,7.406629943847656250e+01,9.252320861816406250e+01,7.736426544189453125e+01,1.370465850830078125e+01
3.245218994140625000e+03,9.112934875488281250e+01,9.461179351806640625e+01,4.052545928955078125e+01,1.398285961151123047e+01
1.328456909179687500e+03,3.743130874633789062e+01,8.550591278076171875e+01,3.496377944946289062e+01,1.449705982208251953e+01
1.801785644531250000e+03,5.061571121215820312e+01,8.961878204345703125e+01,3.178888320922851562e+01,1.209324645996093750e+01
2.833456787109375000e+03,7.943776702880859375e+01,9.143174743652343750e+01,8.956264495849609375e+01,1.449763298034667969e+01
2.030339111328125000e+03,5.694207763671875000e+01,9.039595794677734375e+01,8.223933410644531250e+01,1.235276031494140625e+01
3.437533935546875000e+03,9.643514251708984375e+01,8.542918395996093750e+01,9.639147949218750000e+01,1.395137310028076172e+01
3.199947265625000000e+03,8.938656616210937500e+01,8.623870086669921875e+01,4.094696044921875000e+00,1.394335746765136719e+01
1.600665893554687500e+03,4.495940780639648438e+01,8.962508392333984375e+01,7.805044555664062500e+01,1.260022544860839844e+01
1.981256591796875000e+03,5.523197174072265625e+01,8.625064086914062500e+01,3.828248214721679688e+01,1.414182662963867188e+01
3.009585449218750000e+03,8.378702545166015625e+01,8.977428436279296875e+01,5.831069183349609375e+01,1.371620559692382812e+01
1.918492309570312500e+03,5.350969314575195312e+01,9.337429809570312500e+01,6.168279647827148438e+01,1.257325744628906250e+01
1.046718994140625000e+03,3.027073669433593750e+01,8.784712982177734375e+01,9.613807678222656250e+01,1.432884693145751953e+01
1.420136352539062500e+03,4.070904922485351562e+01,9.090369415283203125e+01,5.066111373901367188e+01,1.237154960632324219e+01
3.057414794921875000e+03,8.560165405273437500e+01,8.523279571533203125e+01,6.903002166748046875e+01,1.303161239624023438e+01
1.727082153320312500e+03,4.835760116577148438e+01,9.474825286865234375e+01,1.742401885986328125e+01,1.208108711242675781e+01
1.685324951171875000e+03,4.720590591430664062e+01,8.786359405517578125e+01,2.149963378906250000e+01,1.375796318054199219e+01
2.886273437500000000e+03,8.053661346435546875e+01,8.585059356689453125e+01,3.739270782470703125e+01,1.386094284057617188e+01
2.631271484375000000e+03,7.345076751708984375e+01,8.896385192871093750e+01,9.601006317138671875e+01,1.255171298980712891e+01
3.838632812500000000e+03,1.078883514404296875e+02,9.130235290527343750e+01,2.326044082641601562e+00,1.269677543640136719e+01
2.265933593750000000e+03,6.311705017089843750e+01,8.765792846679687500e+01,1.691889762878417969e+01,1.295446014404296875e+01
2.052821777343750000e+03,5.810339355468750000e+01,8.577436065673828125e+01,7.798698425292968750e+01,1.311518192291259766e+01
3.195492431640625000e+03,8.945441436767578125e+01,9.143090820312500000e+01,5.110062408447265625e+01,1.439100646972656250e+01
2.470004638671875000e+03,6.900678253173828125e+01,8.532043457031250000e+01,6.143861007690429688e+01,1.293429470062255859e+01
2.641606201171875000e+03,7.432188415527343750e+01,8.772662353515625000e+01,9.814105224609375000e+01,1.268165493011474609e+01
3.547474853515625000e+03,9.945569610595703125e+01,9.183524322509765625e+01,2.732217025756835938e+01,1.319027328491210938e+01
3.542629882812500000e+03,9.907924652099609375e+01,8.698237609863281250e+01,6.185113525390625000e+01,1.323932743072509766e+01
8.336219482421875000e+02,2.302219963073730469e+01,9.442839813232421875e+01,5.426363372802734375e+01,1.312611484527587891e+01
3.748065673828125000e+03,1.047321777343750000e+02,8.607544708251953125e+01,2.432461357116699219e+01,1.313805103302001953e+01
1.521294311523437500e+03,4.319651794433593750e+01,9.303566741943359375e+01,7.619679927825927734e+00,1.323321533203125000e+01
3.155437011718750000e+03,8.882965850830078125e+01,8.505793762207031250e+01,2.444858360290527344e+01,1.364493465423583984e+01
2.202835937500000000e+03,6.199195098876953125e+01,9.494701385498046875e+01,6.745974731445312500e+01,1.403659629821777344e+01
1.818170654296875000e+03,5.120720291137695312e+01,8.639698791503906250e+01,3.579089355468750000e+01,1.403358554840087891e+01
1.461192749023437500e+03,4.157271575927734375e+01,1.398425750732421875e+02,3.488338470458984375e+01,1.314951133728027344e+01
2.197926513671875000e+03,6.123124313354492188e+01,8.546064758300781250e+01,4.626303100585937500e+01,1.403693866729736328e+01
3.833509765625000000e+03,1.075455474853515625e+02,9.476897430419921875e+01,3.100460433959960938e+01,1.341073513031005859e+01
2.441104492187500000e+03,6.764808654785156250e+01,8.655200958251953125e+01,7.564476490020751953e+00,1.404909801483154297e+01
1.426717529296875000e+03,3.957952499389648438e+01,9.446147155761718750e+01,5.683608627319335938e+01,1.298506069183349609e+01
2.033415039062500000e+03,5.707143402099609375e+01,8.512617492675781250e+01,5.379020309448242188e+01,1.390199184417724609e+01
3.171839843750000000e+03,8.921311187744140625e+01,9.273615264892578125e+01,2.835745239257812500e+01,1.203818130493164062e+01
2.136128662109375000e+03,6.008564758300781250e+01,9.453501129150390625e+01,9.955975341796875000e+01,1.292733955383300781e+01
3.111706298828125000e+03,8.703861236572265625e+01,8.569580078125000000e+01,8.039617156982421875e+01,1.430708980560302734e+01
1.262477416992187500e+03,3.608102035522460938e+01,9.087644195556640625e+01,1.705929756164550781e+01,1.431280040740966797e+01
3.649495361328125000e+03,1.025754241943359375e+02,8.712512207031250000e+01,3.847598266601562500e+01,1.441956329345703125e+01
2.071916992187500000e+03,5.767087554931640625e+01,8.687715911865234375e+01,7.563071441650390625e+01,1.280350208282470703e+01
1.659545166015625000e+03,4.680969238281250000e+01,9.279177093505859375e+01,8.663517761230468750e+01,1.290647792816162109e+01
3.530702880859375000e+03,9.865705108642578125e+01,9.090320587158203125e+01,3.969400787353515625e+01,1.268706226348876953e+01
2.580105224609375000e+03,7.226410675048828125e+01,9.138003540039062500e+01,5.096097946166992188e+00,1.379989719390869141e+01
3.170561767578125000e+03,8.895552825927734375e+01,8.988175964355468750e+01,8.445234680175781250e+01,1.420038890838623047e+01
2.821944580078125000e+03,7.857184600830078125e+01,9.272869110107421875e+01,1.883653831481933594e+01,1.379051399230957031e+01
1.154144042968750000e+03,3.252222442626953125e+01,9.030244445800781250e+01,2.754350471496582031e+01,1.357257938385009766e+01
1.655992431640625000e+03,4.610306549072265625e+01,1.318272705078125000e+02,5.579849624633789062e+01,1.280697250366210938e+01
9.614750366210937500e+02,2.614512825012207031e+01,9.307812500000000000e+01,3.091793060302734375e+01,1.317716693878173828e+01
3.563782470703125000e+03,1.002541122436523438e+02,8.844036865234375000e+01,5.192261123657226562e+01,1.273116970062255859e+01
8.461913452148437500e+02,2.359122276306152344e+01,8.997559356689453125e+01,3.104016685485839844e+01,1.373595714569091797e+01
1.217496215820312500e+03,3.392097473144531250e+01,8.809410095214843750e+01,6.767742919921875000e+01,1.233992385864257812e+01
2.984068847656250000e+03,8.440393829345703125e+01,8.839909362792968750e+01,6.838211822509765625e+01,1.365219688415527344e+01
3.345311035156250000e+03,9.385905456542968750e+01,9.457273101806640625e+01,7.117703247070312500e+01,1.351848888397216797e+01
3.921991455078125000e+03,1.098796844482421875e+02,9.286064147949218750e+01,1.281136322021484375e+01,1.312596511840820312e+01
3.236824707031250000e+03,9.083753967285156250e+01,9.416680145263671875e+01,6.493926239013671875e+01,1.432059669494628906e+01
1.534887451171875000e+03,4.357484054565429688e+01,8.659117889404296875e+01,9.802445983886718750e+01,1.256380844116210938e+01
2.530312255859375000e+03,7.044781494140625000e+01,9.179640960693359375e+01,7.711808204650878906e+00,1.254738712310791016e+01
2.963260742187500000e+03,8.235654449462890625e+01,9.146427154541015625e+01,1.866921234130859375e+01,1.434426403045654297e+01
1.955754638671875000e+03,5.518637084960937500e+01,8.889047241210937500e+01,9.017314147949218750e+01,1.360595226287841797e+01
3.304514160156250000e+03,9.175941467285156250e+01,9.027682495117187500e+01,6.656273651123046875e+01,1.236106014251708984e+01
1.204917114257812500e+03,3.443634414672851562e+01,9.188147735595703125e+01,3.050507783889770508e+00,1.283899497985839844e+01
3.696278564453125000e+03,1.028378448486328125e+02,8.921344757080078125e+01,4.343127441406250000e+01,1.389498901367187500e+01
3.409608886718750000e+03,9.577257537841796875e+01,9.256936645507812500e+01,9.982559204101562500e+01,1.319628143310546875e+01
1.704480102539062500e+03,4.738822174072265625e+01,9.113407897949218750e+01,3.596105575561523438e+01,1.446160125732421875e+01
3.937222656250000000e+03,1.101334838867187500e+02,8.550956726074218750e+01,9.297664642333984375e+01,1.307041835784912109e+01
3.368964111328125000e+03,9.512055206298828125e+01,8.543360137939453125e+01,1.783558082580566406e+01,1.385350704193115234e+01
2.445358398437500000e+03,6.834926605224609375e+01,9.285881042480468750e+01,4.971942520141601562e+01,1.334697246551513672e+01
1.619088256835937500e+03,4.500708007812500000e+01,8.664608001708984375e+01,4.491062164306640625e+00,1.308774280548095703e+01
3.518193115234375000e+03,9.855892181396484375e+01,9.353369140625000000e+01,6.191190719604492188e+01,1.240685844421386719e+01
2.406824951171875000e+03,6.695841217041015625e+01,9.045034790039062500e+01,8.490656280517578125e+01,1.256310558319091797e+01
3.837089599609375000e+03,1.075113677978515625e+02,8.704430389404296875e+01,1.944498634338378906e+01,1.419942855834960938e+01
1.608053100585937500e+03,4.463529586791992188e+01,8.705587005615234375e+01,9.174227905273437500e+01,1.327391910552978516e+01
2.630792968750000000e+03,7.360758972167968750e+01,9.276399230957031250e+01,8.752443695068359375e+01,1.429401016235351562e+01
1.638068359375000000e+03,4.587295150756835938e+01,8.888153839111328125e+01,3.453833770751953125e+01,1.333476448059082031e+01
1.843562866210937500e+03,5.263018035888671875e+01,8.521347808837890625e+01,7.558934020996093750e+01,1.256827163696289062e+01
3.233010498046875000e+03,9.103816223144531250e+01,8.618636322021484375e+01,3.733647918701171875e+01,1.433521175384521484e+01
3.974439208984375000e+03,1.112721023559570312e+02,9.185616302490234375e+01,4.251465225219726562e+01,1.237130069732666016e+01
3.621665283203125000e+03,1.010764846801757812e+02,8.977613830566406250e+01,6.329524993896484375e+01,1.253975391387939453e+01
9.260328979492187500e+02,2.703186225891113281e+01,9.221299743652343750e+01,3.342982864379882812e+01,1.322524642944335938e+01
2.173285644531250000e+03,6.116970443725585938e+01,8.547125244140625000e+01,7.108876800537109375e+01,1.271723461151123047e+01
3.398003662109375000e+03,9.552362060546875000e+01,9.238759613037109375e+01,9.605304718017578125e+01,1.267634868621826172e+01
2.868130371093750000e+03,8.061413574218750000e+01,9.390264129638671875e+01,4.699559402465820312e+01,1.319022941589355469e+01
8.022085571289062500e+02,2.301935386657714844e+01,8.862837982177734375e+01,3.813330459594726562e+01,1.261129951477050781e+01
3.081921875000000000e+03,8.543622589111328125e+01,9.154300689697265625e+01,3.130949783325195312e+01,1.299413013458251953e+01
3.222593017578125000e+03,9.038590240478515625e+01,8.841371917724609375e+01,3.888798952102661133e+00,1.220426845550537109e+01
2.603545410156250000e+03,7.281033325195312500e+01,9.180175781250000000e+01,9.625542449951171875e+01,1.364965534210205078e+01
1.422296142578125000e+03,3.929513168334960938e+01,8.672268676757812500e+01,2.652495574951171875e+01,1.281074523925781250e+01
2.935856689453125000e+03,8.337542724609375000e+01,9.321991729736328125e+01,4.436550140380859375e+00,1.200952720642089844e+01
1.275903442382812500e+03,3.589012145996093750e+01,8.638772583007812500e+01,6.291975021362304688e+01,1.407562065124511719e+01
8.821525878906250000e+02,2.458271789550781250e+01,9.182884979248046875e+01,1.234423542022705078e+01,1.212072944641113281e+01
3.407386718750000000e+03,9.514897918701171875e+01,9.145181274414062500e+01,7.377336883544921875e+01,1.339406204223632812e+01
2.752927734375000000e+03,7.832894134521484375e+01,8.588438415527343750e+01,9.745008850097656250e+01,1.251003265380859375e+01
3.918214599609375000e+03,1.100200424194335938e+02,9.486891937255859375e+01,8.493915557861328125e+01,1.432232475280761719e+01
1.234053710937500000e+03,3.482583999633789062e+01,8.969806671142578125e+01,5.301396179199218750e+01,1.330132484436035156e+01
2.597910156250000000e+03,7.198587799072265625e+01,9.070538330078125000e+01,8.915757751464843750e+01,1.363094997406005859e+01
3.738889892578125000e+03,1.048974990844726562e+02,9.478450012207031250e+01,3.288703155517578125e+01,1.258084106445312500e+01
3.538770263671875000e+03,9.956147003173828125e+01,8.948165893554687500e+01,4.997181701660156250e+01,1.049233436584472656e+01
1.301807739257812500e+03,3.691051864624023438e+01,8.861598205566406250e+01,5.343854904174804688e+01,1.200468730926513672e+01
1.414765502929687500e+03,3.962902450561523438e+01,9.004210662841796875e+01,5.283143997192382812e+01,1.364472961425781250e+01
2.343371093750000000e+03,6.577114868164062500e+01,8.582730102539062500e+01,4.866583251953125000e+01,1.322676753997802734e+01
2.158333251953125000e+03,6.127978515625000000e+01,8.790454864501953125e+01,4.131440353393554688e+01,1.425715255737304688e+01
2.684342529296875000e+03,7.463851928710937500e+01,8.868209838867187500e+01,5.086251831054687500e+01,1.256890106201171875e+01
1.422294677734375000e+03,3.971636199951171875e+01,9.186250305175781250e+01,1.527393245697021484e+01,1.384957218170166016e+01
1.598040283203125000e+03,4.553180313110351562e+01,8.916262054443359375e+01,4.925412178039550781e+00,1.293403530120849609e+01
2.001316894531250000e+03,5.560891723632812500e+01,8.808889007568359375e+01,9.534670257568359375e+01,1.272664070129394531e+01
1.562664550781250000e+03,4.403399658203125000e+01,9.415607452392578125e+01,5.836295318603515625e+01,1.377052402496337891e+01
3.680690673828125000e+03,1.036891326904296875e+02,9.430285644531250000e+01,8.029222869873046875e+01,1.237565040588378906e+01
1.744786254882812500e+03,4.876701354980468750e+01,8.931204986572265625e+01,1.700005340576171875e+01,1.404637813568115234e+01
2.887770996093750000e+03,8.124629211425781250e+01,8.791919708251953125e+01,5.965256118774414062e+01,1.232811641693115234e+01
3.343736328125000000e+03,9.311157226562500000e+01,9.132582092285156250e+01,7.567498016357421875e+01,1.386421489715576172e+01
1.032851196289062500e+03,2.932604217529296875e+01,9.481523895263671875e+01,9.309196472167968750e+01,1.331310844421386719e+01
8.245991821289062500e+02,2.309387969970703125e+01,9.223753356933593750e+01,9.725407409667968750e+01,1.205275535583496094e+01
3.032001708984375000e+03,8.499011993408203125e+01,9.255158233642578125e+01,2.232898521423339844e+01,1.348516368865966797e+01
2.875393798828125000e+03,8.138733673095703125e+01,9.410260772705078125e+01,3.350820541381835938e+01,1.256173229217529297e+01
3.754159423828125000e+03,1.055195007324218750e+02,8.754434204101562500e+01,8.472636413574218750e+01,1.213766098022460938e+01
2.634384521484375000e+03,7.385073089599609375e+01,8.609194946289062500e+01,9.882492828369140625e+01,1.314255809783935547e+01
3.024202880859375000e+03,8.440296936035156250e+01,9.329428863525390625e+01,2.771303176879882812e+01,1.284920978546142578e+01
2.054753417968750000e+03,5.715781021118164062e+01,9.067097473144531250e+01,8.898052978515625000e+01,1.389422512054443359e+01
2.732366699218750000e+03,7.696861267089843750e+01,9.304291534423828125e+01,4.375363540649414062e+01,1.376561069488525391e+01
9.902335205078125000e+02,2.729000854492187500e+01,9.101167297363281250e+01,6.238646316528320312e+01,1.211793613433837891e+01
2.779703857421875000e+03,7.841641235351562500e+01,9.323178863525390625e+01,1.052508449554443359e+01,1.283143711090087891e+01
2.605029785156250000e+03,7.305506896972656250e+01,8.930884552001953125e+01,3.902586364746093750e+01,1.306953430175781250e+01
3.363056884765625000e+03,9.395845794677734375e+01,9.173420715332031250e+01,8.568372344970703125e+01,1.404941940307617188e+01
2.620683837890625000e+03,7.340169525146484375e+01,8.874454498291015625e+01,8.263893890380859375e+01,1.315751647949218750e+01
1.765157226562500000e+03,4.938669967651367188e+01,9.332543182373046875e+01,6.364961242675781250e+01,1.234951496124267578e+01
1.819692016601562500e+03,5.127644348144531250e+01,9.107948303222656250e+01,2.257685089111328125e+01,1.395223808288574219e+01
8.767051391601562500e+02,2.473576545715332031e+01,8.963675689697265625e+01,6.901268005371093750e+01,1.240847969055175781e+01
2.881046142578125000e+03,8.124349975585937500e+01,8.604268646240234375e+01,6.874960327148437500e+01,1.279666042327880859e+01
1.113486816406250000e+03,3.122262382507324219e+01,8.560564422607421875e+01,7.699080944061279297e+00,1.349287223815917969e+01
3.333201416015625000e+03,9.282907104492187500e+01,9.026076507568359375e+01,1.963478279113769531e+01,1.381105422973632812e+01
3.621002197265625000e+03,1.014732284545898438e+02,8.822536468505859375e+01,9.063131713867187500e+01,1.274680900573730469e+01
1.380654296875000000e+03,3.818853759765625000e+01,8.979212951660156250e+01,8.426492309570312500e+01,1.389500427246093750e+01
1.800433105468750000e+03,5.068495941162109375e+01,8.885852813720703125e+01,9.733541107177734375e+01,1.345682716369628906e+01
1.835670532226562500e+03,5.214903259277343750e+01,8.501473236083984375e+01,2.357152557373046875e+01,1.229609680175781250e+01
3.021729980468750000e+03,8.474587249755859375e+01,8.816953277587890625e+01,6.217440795898437500e+01,1.206698322296142578e+01
3.370411376953125000e+03,9.385029602050781250e+01,8.881546020507812500e+01,3.499232101440429688e+01,1.326226997375488281e+01
1.771375244140625000e+03,4.897757339477539062e+01,8.947972869873046875e+01,2.865891075134277344e+01,1.410271167755126953e+01
3.728417480468750000e+03,1.050155792236328125e+02,9.003802490234375000e+01,1.058534622192382812e+00,1.424415588378906250e+01
2.894192138671875000e+03,8.032083892822265625e+01,9.109911346435546875e+01,1.411661052703857422e+01,1.324218750000000000e+01
2.638279052734375000e+03,7.488311004638671875e+01,8.674552154541015625e+01,9.316558837890625000e+01,1.332599925994873047e+01
2.957133300781250000e+03,8.377105712890625000e+01,8.561755371093750000e+01,9.939141845703125000e+01,1.213605022430419922e+01
2.803107177734375000e+03,7.901754760742187500e+01,9.346495056152343750e+01,5.690417861938476562e+01,1.272472953796386719e+01
3.295641845703125000e+03,9.236180877685546875e+01,9.341518402099609375e+01,4.455131530761718750e+01,1.408498001098632812e+01
3.562661865234375000e+03,1.002229537963867188e+02,8.559571075439453125e+01,6.670604228973388672e+00,1.349650096893310547e+01
2.138857910156250000e+03,5.992025756835937500e+01,8.923958587646484375e+01,3.894449234008789062e+01,1.208642959594726562e+01
1.598300659179687500e+03,4.548212814331054688e+01,8.633717346191406250e+01,6.722248840332031250e+01,1.317521762847900391e+01
2.619423095703125000e+03,7.347180175781250000e+01,9.037219238281250000e+01,6.259895706176757812e+01,1.250466823577880859e+01
2.274234863281250000e+03,6.408809661865234375e+01,8.588373565673828125e+01,5.767320632934570312e+01,1.380099868774414062e+01
1.684851928710937500e+03,4.675435638427734375e+01,9.018598937988281250e+01,8.421195983886718750e+01,1.272147369384765625e+01
2.569120361328125000e+03,7.243908691406250000e+01,9.241355133056640625e+01,6.695392608642578125e+01,1.341258144378662109e+01
2.280956542968750000e+03,6.435064697265625000e+01,9.183844757080078125e+01,6.431675720214843750e+01,1.362456893920898438e+01
1.318213012695312500e+03,3.693324279785156250e+01,9.282905578613281250e+01,2.109343910217285156e+01,1.429348850250244141e+01
2.678861816406250000e+03,7.470945739746093750e+01,9.056383514404296875e+01,5.328087615966796875e+01,1.431183242797851562e+01
2.885416259765625000e+03,8.025709533691406250e+01,8.767036437988281250e+01,4.827522659301757812e+01,1.295384025573730469e+01
9.177580566406250000e+02,2.564362144470214844e+01,9.259672546386718750e+01,7.528858184814453125e+01,1.221477222442626953e+01
2.026303588867187500e+03,5.607694625854492188e+01,8.601206207275390625e+01,4.232821273803710938e+01,1.314272880554199219e+01
3.880312744140625000e+03,1.085159683227539062e+02,8.645100402832031250e+01,1.532982349395751953e+01,1.423901653289794922e+01
2.205434570312500000e+03,6.291752243041992188e+01,8.720168304443359375e+01,4.032227325439453125e+01,1.215754604339599609e+01
1.924923706054687500e+03,5.435540008544921875e+01,8.895245361328125000e+01,6.061323928833007812e+01,1.330710792541503906e+01
7.257506347656250000e+03,4.991439437866210938e+01,9.371091461181640625e+01,3.620185470581054688e+01,1.292116832733154297e+01
3.990484375000000000e+03,1.116182937622070312e+02,9.097335815429687500e+01,6.502122497558593750e+01,1.370447349548339844e+01
3.804177246093750000e+03,1.056265869140625000e+02,9.057001495361328125e+01,2.962996292114257812e+01,1.242449951171875000e+01
9.315657348632812500e+02,2.574932289123535156e+01,9.324976348876953125e+01,2.049062156677246094e+01,1.238500690460205078e+01
1.959911621093750000e+03,5.501471328735351562e+01,8.973899841308593750e+01,7.077777385711669922e+00,1.290381813049316406e+01
3.669892333984375000e+03,1.029357299804687500e+02,9.213061523437500000e+01,2.156942558288574219e+01,1.318474674224853516e+01
1.878463623046875000e+03,5.249126052856445312e+01,8.786692810058593750e+01,2.392044258117675781e+01,1.396716213226318359e+01
2.254132568359375000e+03,6.286228561401367188e+01,8.641077423095703125e+01,3.985754489898681641e+00,1.374483489990234375e+01
2.644860107421875000e+03,7.432463836669921875e+01,8.828604125976562500e+01,5.716651153564453125e+01,1.305730915069580078e+01
2.646423583984375000e+03,7.419321441650390625e+01,9.372304534912109375e+01,6.719109535217285156e+00,1.225607013702392578e+01
3.227939453125000000e+03,9.076594543457031250e+01,8.877510833740234375e+01,8.715940856933593750e+01,1.447163105010986328e+01
8.636560058593750000e+02,2.422124671936035156e+01,9.059173583984375000e+01,4.002728271484375000e+01,1.445186996459960938e+01
2.694971923828125000e+03,7.549852752685546875e+01,9.042942047119140625e+01,3.204549026489257812e+01,1.270866394042968750e+01
1.055089843750000000e+03,2.922196769714355469e+01,8.591558837890625000e+01,8.872119140625000000e+01,1.294175434112548828e+01
3.934649169921875000e+03,1.103723297119140625e+02,8.835263061523437500e+01,1.690084457397460938e+01,1.449441528320312500e+01
3.040840820312500000e+03,8.575687408447265625e+01,8.730068969726562500e+01,7.321282196044921875e+01,1.237427997589111328e+01
2.351778808593750000e+03,6.543688964843750000e+01,9.409401702880859375e+01,7.635022735595703125e+01,1.097589206695556641e+01
1.582917968750000000e+03,4.421791839599609375e+01,9.167288208007812500e+01,1.150893688201904297e+01,1.384852504730224609e+01
3.187417480468750000e+03,8.933690643310546875e+01,8.715924835205078125e+01,5.312927627563476562e+01,1.394817447662353516e+01
8.738238525390625000e+02,2.443338203430175781e+01,9.018251037597656250e+01,3.096722793579101562e+01,1.441417407989501953e+01
2.262443115234375000e+03,6.387702560424804688e+01,9.172642517089843750e+01,6.528717803955078125e+01,1.387232208251953125e+01
2.574142822265625000e+03,7.158250427246093750e+01,9.180431365966796875e+01,3.875005340576171875e+01,1.290866947174072266e+01
3.729485839843750000e+03,1.043380432128906250e+02,9.154463958740234375e+01,1.983679389953613281e+01,1.269242095947265625e+01
6.538994628906250000e+03,3.305028533935546875e+01,9.139608764648437500e+01,5.705210494995117188e+01,1.378229045867919922e+01
3.629539306640625000e+03,1.016109619140625000e+02,8.644530487060546875e+01,8.622548675537109375e+01,1.264275455474853516e+01
1.671441894531250000e+03,4.639945220947265625e+01,8.858515167236328125e+01,3.169305992126464844e+01,1.410937500000000000e+01
2.760693603515625000e+03,7.650582122802734375e+01,9.115036010742187500e+01,4.545517349243164062e+01,1.448817157745361328e+01
1.593430419921875000e+03,4.429693603515625000e+01,9.297262573242187500e+01,9.697937011718750000e+01,1.225190353393554688e+01
1.702911132812500000e+03,4.786947250366210938e+01,8.937381744384765625e+01,2.836130332946777344e+01,1.200373268127441406e+01
2.757261962890625000e+03,7.631720733642578125e+01,8.611461639404296875e+01,9.934812927246093750e+01,1.283058547973632812e+01
2.444894287109375000e+03,6.771882629394531250e+01,8.641457366943359375e+01,4.870161437988281250e+01,1.327732372283935547e+01
3.221495849609375000e+03,9.057704162597656250e+01,9.470391845703125000e+01,9.476741790771484375e+01,1.338764381408691406e+01
1.246945678710937500e+03,3.518325805664062500e+01,8.607270050048828125e+01,1.133156013488769531e+01,1.300069904327392578e+01
3.016772705078125000e+03,8.502855682373046875e+01,8.647728729248046875e+01,8.161155700683593750e+01,1.209318733215332031e+01
2.782621582031250000e+03,7.731572723388671875e+01,9.352382659912109375e+01,7.542715454101562500e+01,1.404952239990234375e+01
2.211137451171875000e+03,6.063716125488281250e+01,8.824018859863281250e+01,2.907719230651855469e+01,1.367164230346679688e+01
1.020247741699218750e+03,2.902198791503906250e+01,9.023423767089843750e+01,9.071973419189453125e+01,1.419497680664062500e+01
2.532397949218750000e+03,7.092277526855468750e+01,1.289968261718750000e+02,9.054650115966796875e+01,1.388642311096191406e+01
3.775668457031250000e+03,1.055654449462890625e+02,9.038798522949218750e+01,5.450222396850585938e+01,1.412382793426513672e+01
3.237637207031250000e+03,9.104826354980468750e+01,9.276404571533203125e+01,1.423879241943359375e+01,1.337758636474609375e+01
3.518212646484375000e+03,9.873235321044921875e+01,9.445545196533203125e+01,7.624943733215332031e+00,1.393852806091308594e+01
1.622333129882812500e+03,4.556738281250000000e+01,8.721572113037109375e+01,5.078406906127929688e+01,1.411677837371826172e+01
3.982942382812500000e+03,1.119761352539062500e+02,8.619510650634765625e+01,9.822799682617187500e+01,1.260666370391845703e+01
2.302068115234375000e+03,6.474571990966796875e+01,9.316792297363281250e+01,8.081800079345703125e+01,1.416520214080810547e+01
2.176122802734375000e+03,6.074467468261718750e+01,9.149008178710937500e+01,6.906017303466796875e+01,1.331597042083740234e+01
3.282273193359375000e+03,9.146322631835937500e+01,9.007233428955078125e+01,9.469076538085937500e+01,1.250089931488037109e+01
3.628368652343750000e+03,1.021168441772460938e+02,9.397325897216796875e+01,8.080653381347656250e+01,1.341766071319580078e+01
2.085854980468750000e+03,5.844484710693359375e+01,9.042333984375000000e+01,6.039313125610351562e+01,1.240285873413085938e+01
7.098552734375000000e+03,1.091058120727539062e+02,8.696756744384765625e+01,8.043002319335937500e+01,1.328964614868164062e+01
3.972473876953125000e+03,1.122591476440429688e+02,8.762290954589843750e+01,9.255893707275390625e+00,1.338504886627197266e+01
3.864618896484375000e+03,1.082083663940429688e+02,8.653578186035156250e+01,7.766886901855468750e+01,1.236986732482910156e+01
3.446778564453125000e+03,9.515921783447265625e+01,9.470719909667968750e+01,5.958569717407226562e+01,1.351102542877197266e+01
3.977152832031250000e+03,1.116230010986328125e+02,8.953204345703125000e+01,7.660605621337890625e+01,1.280306720733642578e+01
2.005552856445312500e+03,5.670795059204101562e+01,8.638580322265625000e+01,4.283926391601562500e+01,1.372440433502197266e+01
2.474666259765625000e+03,6.917338562011718750e+01,9.354929351806640625e+01,4.431693649291992188e+01,1.220707988739013672e+01
2.019313720703125000e+03,5.609314346313476562e+01,9.118796539306640625e+01,5.447802352905273438e+01,1.208979511260986328e+01
2.574388671875000000e+03,7.179100036621093750e+01,9.155035400390625000e+01,2.141470909118652344e+01,1.345610046386718750e+01
2.917094970703125000e+03,8.159770965576171875e+01,9.358881378173828125e+01,1.237832164764404297e+01,1.284102725982666016e+01
2.594757080078125000e+03,7.214215087890625000e+01,8.602931213378906250e+01,4.805137252807617188e+01,1.310570621490478516e+01
1.840430908203125000e+03,5.142887878417968750e+01,9.154801940917968750e+01,6.955413818359375000e+01,1.271435260772705078e+01
3.370573974609375000e+03,9.468091583251953125e+01,9.349761962890625000e+01,3.762982177734375000e+01,1.235226345062255859e+01
1.211483276367187500e+03,3.389069747924804688e+01,9.075821685791015625e+01,3.599326705932617188e+01,1.352706146240234375e+01
3.269953613281250000e+03,9.160410308837890625e+01,9.087519836425781250e+01,9.662026214599609375e+01,1.330495071411132812e+01
3.313409912109375000e+03,9.320275115966796875e+01,9.065415191650390625e+01,8.798656463623046875e+01,1.260274505615234375e+01
3.056871826171875000e+03,8.584627532958984375e+01,8.538751220703125000e+01,6.537304687500000000e+01,1.284753990173339844e+01
3.207452636718750000e+03,8.976427459716796875e+01,9.250266265869140625e+01,4.646796417236328125e+01,1.291976070404052734e+01
2.900061035156250000e+03,8.106878662109375000e+01,8.505429840087890625e+01,5.165791511535644531e+00,1.351481246948242188e+01
1.954620849609375000e+03,5.519150161743164062e+01,9.250743103027343750e+01,4.996863842010498047e+00,1.209137821197509766e+01
3.190642578125000000e+03,8.816581726074218750e+01,8.688836669921875000e+01,1.954958343505859375e+01,1.302512168884277344e+01
1.015534545898437500e+03,2.749707412719726562e+01,8.972886657714843750e+01,2.445781517028808594e+01,1.287419414520263672e+01
1.225363403320312500e+03,3.428024673461914062e+01,9.338636779785156250e+01,8.710858917236328125e+01,1.237921428680419922e+01
9.344980468750000000e+02,2.610103607177734375e+01,8.658050537109375000e+01,8.427622985839843750e+01,1.221213531494140625e+01
9.548344116210937500e+02,2.574407386779785156e+01,9.248004913330078125e+01,1.043268585205078125e+01,1.378709316253662109e+01
3.758406005859375000e+03,1.047361984252929688e+02,8.761374664306640625e+01,8.847094726562500000e+01,1.275009822845458984e+01
3.658362548828125000e+03,1.020945205688476562e+02,8.834027862548828125e+01,7.979298400878906250e+01,1.302501106262207031e+01
2.744286132812500000e+03,7.622531127929687500e+01,9.332028961181640625e+01,8.142429351806640625e+01,1.284875583648681641e+01
3.452579101562500000e+03,9.661484527587890625e+01,9.146179199218750000e+01,9.838946533203125000e+01,1.371763610839843750e+01
3.730284423828125000e+03,1.047017211914062500e+02,8.809880065917968750e+01,5.098671913146972656e+00,1.402314949035644531e+01
3.035079833984375000e+03,8.537966156005859375e+01,9.217701721191406250e+01,6.630122375488281250e+01,1.376845645904541016e+01
3.318374267578125000e+03,9.306131744384765625e+01,9.018222808837890625e+01,3.655936431884765625e+01,1.223233509063720703e+01
3.420268310546875000e+03,9.571077728271484375e+01,9.355069732666015625e+01,3.307982254028320312e+01,1.386085033416748047e+01
3.290753417968750000e+03,9.247519683837890625e+01,8.773490905761718750e+01,1.558070063591003418e+00,1.251657485961914062e+01
1.246539672851562500e+03,3.434124755859375000e+01,8.721637725830078125e+01,1.179770183563232422e+01,1.449717903137207031e+01
1.058084472656250000e+03,3.048868942260742188e+01,9.211913299560546875e+01,1.613568115234375000e+01,1.325859832763671875e+01
1.144199951171875000e+03,3.214964294433593750e+01,8.994515228271484375e+01,7.986299514770507812e+00,1.379603099822998047e+01
3.491286621093750000e+03,9.813558959960937500e+01,1.222828750610351562e+02,3.405274200439453125e+01,1.328148078918457031e+01
2.471693847656250000e+03,6.908706665039062500e+01,8.911038208007812500e+01,6.911110687255859375e+01,1.396285343170166016e+01
3.204730224609375000e+03,8.983472442626953125e+01,9.039916229248046875e+01,5.360621261596679688e+01,1.379722404479980469e+01
2.933135253906250000e+03,8.286790466308593750e+01,9.249731445312500000e+01,8.857451629638671875e+01,1.287330436706542969e+01
3.179785156250000000e+03,8.982884979248046875e+01,9.021433258056640625e+01,8.601306915283203125e+01,1.442031383514404297e+01
2.513523437500000000e+03,7.011663055419921875e+01,8.665121459960937500e+01,8.101976013183593750e+01,1.203861331939697266e+01
3.921872558593750000e+03,1.090317306518554688e+02,8.607868957519531250e+01,7.207392883300781250e+01,1.440367031097412109e+01
3.489844482421875000e+03,9.771842193603515625e+01,8.949456787109375000e+01,3.935665130615234375e+01,1.294757461547851562e+01
2.507175048828125000e+03,6.983918762207031250e+01,8.751700592041015625e+01,1.402066707611083984e+01,1.376536083221435547e+01
1.082848754882812500e+03,2.979616165161132812e+01,8.558414459228515625e+01,7.900297546386718750e+01,1.328138256072998047e+01
2.619971923828125000e+03,7.322164154052734375e+01,8.614530181884765625e+01,6.684029388427734375e+01,1.317774009704589844e+01
1.826966918945312500e+03,5.127143478393554688e+01,9.103975677490234375e+01,4.384175872802734375e+01,1.387391662597656250e+01
2.738333007812500000e+03,7.705869293212890625e+01,8.949529266357421875e+01,2.786485290527343750e+01,1.409098815917968750e+01
2.608755615234375000e+03,7.287771606445312500e+01,9.134718322753906250e+01,5.535794067382812500e+01,1.339801788330078125e+01
3.664525146484375000e+03,1.030202941894531250e+02,9.074820709228515625e+01,4.672733688354492188e+01,1.353570461273193359e+01
3.729219970703125000e+03,1.050940628051757812e+02,9.450567626953125000e+01,9.992304801940917969e+00,1.366202926635742188e+01
9.005270385742187500e+02,2.520353126525878906e+01,9.231729125976562500e+01,2.304916572570800781e+01,1.398134708404541016e+01
3.196003906250000000e+03,8.972144317626953125e+01,9.492652130126953125e+01,1.615219306945800781e+01,1.349844455718994141e+01
1.982595214843750000e+03,5.464190292358398438e+01,8.853276824951171875e+01,6.304707336425781250e+01,1.389958000183105469e+01
2.975621582031250000e+03,8.318373107910156250e+01,9.467530822753906250e+01,5.845473861694335938e+01,1.426078414916992188e+01
3.510732666015625000e+03,9.899944305419921875e+01,9.494657897949218750e+01,7.933578491210937500e+01,1.417302799224853516e+01
3.740675781250000000e+03,1.051041793823242188e+02,8.878874206542968750e+01,2.945651245117187500e+01,1.425905323028564453e+01
2.886084472656250000e+03,8.100688171386718750e+01,9.433695220947265625e+01,6.438634490966796875e+01,1.397103118896484375e+01
1.392733886718750000e+03,3.791286468505859375e+01,8.560438537597656250e+01,7.492122650146484375e+00,1.202744674682617188e+01
9.842886962890625000e+02,2.766048431396484375e+01,8.834065246582031250e+01,8.335452270507812500e+01,1.399414920806884766e+01
2.643832275390625000e+03,7.373969268798828125e+01,9.303482055664062500e+01,7.927508544921875000e+01,1.366200160980224609e+01
1.518374511718750000e+03,4.241201400756835938e+01,8.611154174804687500e+01,4.698000717163085938e+01,1.351213073730468750e+01
3.286522949218750000e+03,9.166302490234375000e+01,8.574750518798828125e+01,2.298141288757324219e+01,1.415086269378662109e+01
8.343284912109375000e+02,2.375659942626953125e+01,9.025088500976562500e+01,1.637512969970703125e+01,1.241476726531982422e+01
2.411590332031250000e+03,6.646343231201171875e+01,8.503157806396484375e+01,4.372352218627929688e+01,1.346049690246582031e+01
1.011988708496093750e+03,2.890313911437988281e+01,8.831307983398437500e+01,9.530432128906250000e+01,1.388867759704589844e+01
3.059579833984375000e+03,8.550069427490234375e+01,8.729339599609375000e+01,7.863645935058593750e+01,1.343261432647705078e+01
1.686292114257812500e+03,4.791121292114257812e+01,8.572695159912109375e+01,9.933623504638671875e+01,1.418674468994140625e+01
1.973117553710937500e+03,5.528252792358398438e+01,8.695450592041015625e+01,1.941056632995605469e+01,1.362612819671630859e+01
1.288619873046875000e+03,3.576306915283203125e+01,9.005831146240234375e+01,5.314993286132812500e+01,1.376622390747070312e+01
3.394350097656250000e+03,9.460625457763671875e+01,9.225077819824218750e+01,9.395735168457031250e+01,1.413874340057373047e+01
9.662479858398437500e+02,2.729613685607910156e+01,9.191554260253906250e+01,9.522006988525390625e+01,1.278471660614013672e+01
2.332908935546875000e+03,6.508580017089843750e+01,8.826880645751953125e+01,2.924515151977539062e+01,1.379283428192138672e+01
9.454708862304687500e+02,2.565131759643554688e+01,8.964079284667968750e+01,1.787215423583984375e+01,1.396065425872802734e+01
3.274011718750000000e+03,9.151005554199218750e+01,9.324063873291015625e+01,7.233969116210937500e+01,1.424153900146484375e+01
1.261401855468750000e+03,3.563432693481445312e+01,9.307123565673828125e+01,3.612835884094238281e+00,1.233169269561767578e+01
3.414820556640625000e+03,9.616819000244140625e+01,9.146079254150390625e+01,8.868621063232421875e+01,1.353352451324462891e+01
1.926435791015625000e+03,5.410793304443359375e+01,9.207550048828125000e+01,5.943023204803466797e+00,1.423867034912109375e+01
1.459565307617187500e+03,4.097784805297851562e+01,8.721203613281250000e+01,2.050439453125000000e+01,1.422046947479248047e+01
6.665585449218750000e+03,4.159376525878906250e+01,8.889664459228515625e+01,6.240779113769531250e+01,1.369431781768798828e+01
2.702156250000000000e+03,7.553068542480468750e+01,9.121142578125000000e+01,6.178464126586914062e+01,1.339299392700195312e+01
3.446326416015625000e+03,9.543714904785156250e+01,8.878108215332031250e+01,9.119966888427734375e+01,1.394293022155761719e+01
2.637457275390625000e+03,7.362589263916015625e+01,9.155580139160156250e+01,3.104072332382202148e+00,1.295182609558105469e+01
1.623903686523437500e+03,4.510982894897460938e+01,8.900720214843750000e+01,1.623266220092773438e+01,1.213978862762451172e+01
3.598598632812500000e+03,1.014634475708007812e+02,8.810323333740234375e+01,7.774048614501953125e+01,1.442956638336181641e+01
3.962180419921875000e+03,1.111247253417968750e+02,8.930207061767578125e+01,6.761499786376953125e+01,1.353983974456787109e+01
1.358130371093750000e+03,3.860881805419921875e+01,8.824681091308593750e+01,9.344261169433593750e+01,1.342233467102050781e+01
1.203921386718750000e+03,3.355697631835937500e+01,9.401965332031250000e+01,8.766954803466796875e+01,1.280897903442382812e+01
1.083950317382812500e+03,3.065783119201660156e+01,9.442504882812500000e+01,9.506648254394531250e+01,1.302800750732421875e+01
3.495175292968750000e+03,9.673731994628906250e+01,9.153404998779296875e+01,6.604522705078125000e+01,1.331995010375976562e+01
2.430047607421875000e+03,6.778610229492187500e+01,8.602938842773437500e+01,8.218704986572265625e+01,1.319826126098632812e+01
1.082258911132812500e+03,2.983514404296875000e+01,8.694138336181640625e+01,2.861503601074218750e+01,1.294610786437988281e+01
2.314016113281250000e+03,6.509220886230468750e+01,9.290450286865234375e+01,2.232441520690917969e+01,1.374129295349121094e+01
2.861077880859375000e+03,8.018292999267578125e+01,8.504400634765625000e+01,4.465811538696289062e+01,1.201514530181884766e+01
2.011005859375000000e+03,5.589739227294921875e+01,9.156680297851562500e+01,8.282757568359375000e+01,1.305183029174804688e+01
1.766620483398437500e+03,-4.110927283763885498e-01,9.153384399414062500e+01,6.855340576171875000e+01,1.213781070709228516e+01
3.474322998046875000e+03,9.712363433837890625e+01,9.447388458251953125e+01,5.380002975463867188e+01,1.357177829742431641e+01
2.760379882812500000e+03,7.654962158203125000e+01,8.672734832763671875e+01,7.997875213623046875e+01,1.312530326843261719e+01
3.270696289062500000e+03,9.073829650878906250e+01,1.294768524169921875e+02,7.454900360107421875e+01,1.446638679504394531e+01
1.633181030273437500e+03,4.515951538085937500e+01,8.575829315185546875e+01,1.170859050750732422e+01,1.444642448425292969e+01
2.052432373046875000e+03,5.805416488647460938e+01,9.242049407958984375e+01,7.431514739990234375e+01,1.425393581390380859e+01
1.381695556640625000e+03,3.808466339111328125e+01,9.228887939453125000e+01,4.921343231201171875e+01,1.278315639495849609e+01
3.921906005859375000e+03,1.085879364013671875e+02,8.692300415039062500e+01,2.207979202270507812e+01,1.364018440246582031e+01
3.193966796875000000e+03,8.909667205810546875e+01,9.328932952880859375e+01,5.201829147338867188e+01,1.267913436889648438e+01
8.870758666992187500e+02,2.537883377075195312e+01,9.417344665527343750e+01,5.483834457397460938e+01,1.376485538482666016e+01
1.418973022460937500e+03,3.943770980834960938e+01,9.042053985595703125e+01,1.603862380981445312e+01,1.297108173370361328e+01
3.128837158203125000e+03,8.742063903808593750e+01,8.571825408935546875e+01,7.085601806640625000e+01,1.401147365570068359e+01
2.773996093750000000e+03,7.811042022705078125e+01,9.383631134033203125e+01,3.005086135864257812e+01,1.297701168060302734e+01
1.303713745117187500e+03,3.621868133544921875e+01,9.011370849609375000e+01,4.166250991821289062e+01,1.421901988983154297e+01
3.012171875000000000e+03,8.422319793701171875e+01,9.339901733398437500e+01,7.548371887207031250e+01,1.276226615905761719e+01
1.146585937500000000e+03,3.210899353027343750e+01,8.646546936035156250e+01,9.812765502929687500e+01,1.354415035247802734e+01
2.969291503906250000e+03,8.326901245117187500e+01,9.349858856201171875e+01,9.812622833251953125e+01,1.368003940582275391e+01
8.176037597656250000e+02,2.377999687194824219e+01,8.743384552001953125e+01,9.675520324707031250e+01,1.295385456085205078e+01
2.504096435546875000e+03,6.883473968505859375e+01,9.464453887939453125e+01,8.482755279541015625e+01,1.355379581451416016e+01
3.747383056640625000e+03,1.048983306884765625e+02,9.020275115966796875e+01,7.998703765869140625e+01,1.278612709045410156e+01
3.104691406250000000e+03,8.707194519042968750e+01,9.290243530273437500e+01,6.247606277465820312e+01,1.334376907348632812e+01
3.566713134765625000e+03,1.001838989257812500e+02,8.897571563720703125e+01,9.400469207763671875e+01,1.325419235229492188e+01
3.502634277343750000e+03,9.817776489257812500e+01,1.251071624755859375e+02,9.793629455566406250e+01,1.214209365844726562e+01
1.948712402343750000e+03,5.507965087890625000e+01,9.445165252685546875e+01,6.626882171630859375e+01,1.438693332672119141e+01
9.153937988281250000e+02,2.597895431518554688e+01,9.206388092041015625e+01,7.519869232177734375e+01,1.261182117462158203e+01
2.432069824218750000e+03,6.830740356445312500e+01,9.193402862548828125e+01,2.878306198120117188e+01,1.320425033569335938e+01
1.366404541015625000e+03,3.837496566772460938e+01,8.775031280517578125e+01,6.494678020477294922e+00,1.213733768463134766e+01
3.621024658203125000e+03,1.011679534912109375e+02,8.608336639404296875e+01,9.846681213378906250e+01,1.324918842315673828e+01
1.761796752929687500e+03,4.921532821655273438e+01,8.906559753417968750e+01,9.677544403076171875e+01,1.411304950714111328e+01
1.368324829101562500e+03,3.877723312377929688e+01,9.295327758789062500e+01,5.887994766235351562e+01,1.332415390014648438e+01
1.839206787109375000e+03,5.076216888427734375e+01,8.955230712890625000e+01,3.017692947387695312e+01,1.447799968719482422e+01
1.495539550781250000e+03,4.196598815917968750e+01,8.568609619140625000e+01,2.366580581665039062e+01,1.398353004455566406e+01
3.522209960937500000e+03,9.860486602783203125e+01,9.198242187500000000e+01,3.845640563964843750e+01,1.281085014343261719e+01
1.060938232421875000e+03,2.894125366210937500e+01,9.359762573242187500e+01,3.179657745361328125e+01,1.417644214630126953e+01
1.683629516601562500e+03,4.724486160278320312e+01,1.326215515136718750e+02,8.270199584960937500e+01,1.287280082702636719e+01
3.794907714843750000e+03,1.059984893798828125e+02,8.914630889892578125e+01,5.767511749267578125e+01,1.257565212249755859e+01
3.787365234375000000e+03,1.064263610839843750e+02,9.067813110351562500e+01,6.466816711425781250e+01,1.310144615173339844e+01
3.869690185546875000e+03,1.079272308349609375e+02,9.409517669677734375e+01,8.789539337158203125e+01,1.415998172760009766e+01
1.429663452148437500e+03,3.912770080566406250e+01,9.105848693847656250e+01,7.819452667236328125e+01,1.291144084930419922e+01
1.497366333007812500e+03,4.218551254272460938e+01,8.711586761474609375e+01,9.620938301086425781e+00,1.345719814300537109e+01
3.385629150390625000e+03,9.454696655273437500e+01,9.447795104980468750e+01,4.458998107910156250e+01,1.426318073272705078e+01
1.293239868164062500e+03,3.581881332397460938e+01,9.040724945068359375e+01,1.308085536956787109e+01,1.339393043518066406e+01
3.569889404296875000e+03,9.937734985351562500e+01,8.646102142333984375e+01,4.238743972778320312e+01,1.304179000854492188e+01
3.245940917968750000e+03,9.044873809814453125e+01,8.677824401855468750e+01,5.681274795532226562e+01,1.256360912322998047e+01
2.399621337890625000e+03,6.669648742675781250e+01,9.442764282226562500e+01,5.079658508300781250e+01,1.318014049530029297e+01
1.717704589843750000e+03,4.833092880249023438e+01,9.045668029785156250e+01,9.407601165771484375e+01,1.398586845397949219e+01
2.109430664062500000e+03,5.983742523193359375e+01,9.370915222167968750e+01,2.153764724731445312e+01,1.243153285980224609e+01
3.708800537109375000e+03,1.044793930053710938e+02,8.527986907958984375e+01,3.478668212890625000e+01,1.341358947753906250e+01
1.161118408203125000e+03,3.329943466186523438e+01,8.942477416992187500e+01,9.466232299804687500e+01,1.428662395477294922e+01
2.344624267578125000e+03,6.536453247070312500e+01,8.583885955810546875e+01,6.159434509277343750e+01,1.379996013641357422e+01
2.403515380859375000e+03,6.733817291259765625e+01,8.506163024902343750e+01,9.410092926025390625e+01,1.270295143127441406e+01
1.967317626953125000e+03,5.432154464721679688e+01,8.974525451660156250e+01,4.336637878417968750e+01,1.411407852172851562e+01
1.255693237304687500e+03,3.529367065429687500e+01,8.840765380859375000e+01,4.950698471069335938e+01,1.275655269622802734e+01
2.569235107421875000e+03,7.265414428710937500e+01,9.464659881591796875e+01,3.283221054077148438e+01,1.384657573699951172e+01
3.019908935546875000e+03,8.466002655029296875e+01,9.108222198486328125e+01,7.768766784667968750e+01,1.416379165649414062e+01
3.929797119140625000e+03,1.104656219482421875e+02,8.666072845458984375e+01,7.652313995361328125e+01,1.404704761505126953e+01
2.429760986328125000e+03,6.795772552490234375e+01,9.003045654296875000e+01,8.559707641601562500e+01,1.377318477630615234e+01
1.931033691406250000e+03,5.487856292724609375e+01,8.622642517089843750e+01,6.464493560791015625e+01,1.286467742919921875e+01
2.491569335937500000e+03,6.979384613037109375e+01,9.174560546875000000e+01,3.996818161010742188e+01,1.321513271331787109e+01
2.624734619140625000e+03,7.333324432373046875e+01,9.163105010986328125e+01,1.396947097778320312e+01,1.331224822998046875e+01
1.529176879882812500e+03,4.283330154418945312e+01,9.053981018066406250e+01,2.115601062774658203e+00,1.279090404510498047e+01
3.420500488281250000e+03,9.593850708007812500e+01,9.243382263183593750e+01,6.670209503173828125e+01,1.219927787780761719e+01
3.434298828125000000e+03,9.683441162109375000e+01,8.856894683837890625e+01,5.248639678955078125e+01,1.344239234924316406e+01
2.875664306640625000e+03,8.033647155761718750e+01,9.141397094726562500e+01,2.526620674133300781e+01,1.353321933746337891e+01
3.102639892578125000e+03,8.676583099365234375e+01,9.287752532958984375e+01,8.969428253173828125e+01,1.370015239715576172e+01
3.181359130859375000e+03,8.984788513183593750e+01,8.546319580078125000e+01,9.838394927978515625e+01,1.367825794219970703e+01
3.864332031250000000e+03,1.091172943115234375e+02,8.709781646728515625e+01,5.731845474243164062e+01,1.293023014068603516e+01
3.779267333984375000e+03,1.059011001586914062e+02,9.343056488037109375e+01,9.059445190429687500e+01,1.432546329498291016e+01
3.635089843750000000e+03,1.017629776000976562e+02,9.324623870849609375e+01,3.209119415283203125e+01,1.443284416198730469e+01
2.523423583984375000e+03,7.029320526123046875e+01,8.674838256835937500e+01,3.012322998046875000e+01,1.275753116607666016e+01
3.541557373046875000e+03,9.877076721191406250e+01,9.200009918212890625e+01,7.348139286041259766e-01,1.288841152191162109e+01
2.537042724609375000e+03,7.017189788818359375e+01,8.837786102294921875e+01,4.524372100830078125e+01,1.296575641632080078e+01
3.422906250000000000e+03,9.567677307128906250e+01,8.893302154541015625e+01,8.707333374023437500e+01,1.372188091278076172e+01
2.978166015625000000e+03,8.356533813476562500e+01,9.329107666015625000e+01,4.111606597900390625e+01,1.446278953552246094e+01
3.607705078125000000e+03,1.008667907714843750e+02,8.628378295898437500e+01,9.762442779541015625e+01,1.250409984588623047e+01
2.939839599609375000e+03,8.322152709960937500e+01,9.065914916992187500e+01,6.400726318359375000e+01,1.244316768646240234e+01
2.903965820312500000e+03,8.110317993164062500e+01,9.314527130126953125e+01,1.810368728637695312e+01,1.329192924499511719e+01
3.942917236328125000e+03,1.104965438842773438e+02,8.815812683105468750e+01,6.915834045410156250e+01,1.276638507843017578e+01
2.124413574218750000e+03,5.974624252319335938e+01,9.404325866699218750e+01,6.552896118164062500e+01,1.353486442565917969e+01
3.634848632812500000e+03,1.025478973388671875e+02,1.311067199707031250e+02,5.255376434326171875e+01,1.385707283020019531e+01
2.352941162109375000e+03,6.609033966064453125e+01,9.174143218994140625e+01,7.094415283203125000e+01,1.405824947357177734e+01
3.188102050781250000e+03,8.858929443359375000e+01,8.763010406494140625e+01,3.067955398559570312e+01,1.411497879028320312e+01
9.350192871093750000e+02,2.682358169555664062e+01,8.573691558837890625e+01,8.725836181640625000e+01,1.407833003997802734e+01
3.667130126953125000e+03,1.016964111328125000e+02,8.757855224609375000e+01,7.887937927246093750e+01,1.381245040893554688e+01
9.492700805664062500e+02,2.608687400817871094e+01,9.075353240966796875e+01,7.863902282714843750e+01,1.237110805511474609e+01
2.531645263671875000e+03,7.067139434814453125e+01,8.991288757324218750e+01,4.606130599975585938e+01,1.336434268951416016e+01
1.453133789062500000e+03,4.061772918701171875e+01,9.200689697265625000e+01,1.813523674011230469e+01,1.408207511901855469e+01
3.769269042968750000e+03,1.057696838378906250e+02,8.902077484130859375e+01,1.092672538757324219e+01,1.347658538818359375e+01
3.531629394531250000e+03,9.869239807128906250e+01,9.324238586425781250e+01,5.508316802978515625e+01,1.354635047912597656e+01
1.137627319335937500e+03,3.229986953735351562e+01,8.921647644042968750e+01,1.950513648986816406e+01,1.332075881958007812e+01
3.737661621093750000e+03,1.046331329345703125e+02,9.056663513183593750e+01,6.222649765014648438e+01,1.344325065612792969e+01
1.155474121093750000e+03,3.261786270141601562e+01,8.616779327392578125e+01,3.777317047119140625e+01,1.321548843383789062e+01
1.806207885742187500e+03,5.049756240844726562e+01,8.647783660888671875e+01,9.361274719238281250e+01,1.309475994110107422e+01
1.179131469726562500e+03,3.417950820922851562e+01,9.137073516845703125e+01,1.219216823577880859e+01,1.347064495086669922e+01
2.546050781250000000e+03,7.153628540039062500e+01,9.034419250488281250e+01,8.556054687500000000e+01,1.387369441986083984e+01
2.765436279296875000e+03,7.656472778320312500e+01,9.166052246093750000e+01,3.512229156494140625e+01,1.421661376953125000e+01
1.392130493164062500e+03,3.925035858154296875e+01,9.326515197753906250e+01,1.213916873931884766e+01,1.213295841217041016e+01
1.286131713867187500e+03,3.581850051879882812e+01,8.627227783203125000e+01,4.397500610351562500e+01,1.200759983062744141e+01
1.117028930664062500e+03,3.100788116455078125e+01,9.165486145019531250e+01,3.615950775146484375e+01,1.325184822082519531e+01
1.568993408203125000e+03,4.444186401367187500e+01,9.393752288818359375e+01,4.040155887603759766e+00,1.267509555816650391e+01
2.583873291015625000e+03,7.204048919677734375e+01,8.765778350830078125e+01,8.029057312011718750e+01,1.338222980499267578e+01
1.846074707031250000e+03,5.226021957397460938e+01,8.750852966308593750e+01,3.650472640991210938e+01,1.237485408782958984e+01
2.923216796875000000e+03,8.151106262207031250e+01,9.149023437500000000e+01,9.349848175048828125e+01,1.224844360351562500e+01
1.421125366210937500e+03,3.975341033935546875e+01,8.648033142089843750e+01,1.875058650970458984e+00,1.325308322906494141e+01
2.205961181640625000e+03,6.156798553466796875e+01,9.091867065429687500e+01,9.338858795166015625e+01,1.317665767669677734e+01
1.259787475585937500e+03,3.578876495361328125e+01,8.768099975585937500e+01,6.978681182861328125e+01,1.389832305908203125e+01
2.208963623046875000e+03,6.155837631225585938e+01,9.248731231689453125e+01,9.628074645996093750e+01,1.294999313354492188e+01
1.269290649414062500e+03,3.475331878662109375e+01,8.657513427734375000e+01,5.187554168701171875e+01,1.430682945251464844e+01
2.306215332031250000e+03,6.438278198242187500e+01,1.388201141357421875e+02,4.588509082794189453e+00,1.228479099273681641e+01
2.787785888671875000e+03,7.824230957031250000e+01,9.078298187255859375e+01,6.895495605468750000e+01,1.415815925598144531e+01
3.894901367187500000e+03,1.086453857421875000e+02,8.590118408203125000e+01,6.931771087646484375e+01,1.350905227661132812e+01
2.618206542968750000e+03,7.371630096435546875e+01,8.647334289550781250e+01,9.579198455810546875e+01,1.346098136901855469e+01
2.152147949218750000e+03,5.953231430053710938e+01,9.261934661865234375e+01,7.089527130126953125e+00,1.360675621032714844e+01
1.168866455078125000e+03,3.220293045043945312e+01,8.737863922119140625e+01,4.425275802612304688e+01,1.358833599090576172e+01
2.043622924804687500e+03,5.724884796142578125e+01,8.616499328613281250e+01,7.374009704589843750e+01,1.375075721740722656e+01
1.690069580078125000e+03,4.758529663085937500e+01,8.665078735351562500e+01,9.881764221191406250e+01,1.281729888916015625e+01
1.423483154296875000e+03,3.959071350097656250e+01,8.544145202636718750e+01,4.155942153930664062e+01,1.397054767608642578e+01
1.476350708007812500e+03,4.128295135498046875e+01,9.182093048095703125e+01,8.702963256835937500e+01,1.318862628936767578e+01
2.489628173828125000e+03,9.676558971405029297e-01,8.803653717041015625e+01,2.182328605651855469e+01,1.414826488494873047e+01
1.780307983398437500e+03,5.043646621704101562e+01,8.843137359619140625e+01,8.414318847656250000e+01,1.329703521728515625e+01
2.851532226562500000e+03,8.007358551025390625e+01,8.868086242675781250e+01,3.054670524597167969e+01,1.396289062500000000e+01
2.333982666015625000e+03,6.535722351074218750e+01,9.486631774902343750e+01,7.177602386474609375e+01,1.437798690795898438e+01
3.122600585937500000e+03,8.808956146240234375e+01,9.341128540039062500e+01,2.988678359985351562e+01,1.413287448883056641e+01
2.497056152343750000e+03,7.042150115966796875e+01,8.679344940185546875e+01,6.016544342041015625e+01,1.429244041442871094e+01
2.363299804687500000e+03,6.561122131347656250e+01,9.499053955078125000e+01,7.123268127441406250e+01,1.412147617340087891e+01
3.525658691406250000e+03,9.819316101074218750e+01,8.854158782958984375e+01,1.878912353515625000e+01,1.233586502075195312e+01
7.026885253906250000e+03,4.113750457763671875e+01,9.032923889160156250e+01,2.886636352539062500e+01,1.393393516540527344e+01
2.444954345703125000e+03,6.851618194580078125e+01,8.635221099853515625e+01,1.169472312927246094e+01,1.225830745697021484e+01
1.966589111328125000e+03,5.557252502441406250e+01,8.521625518798828125e+01,4.339764785766601562e+01,1.432147407531738281e+01
7.444218750000000000e+03,3.474509048461914062e+01,9.281182098388671875e+01,7.022938537597656250e+01,1.386357498168945312e+01
1.432536987304687500e+03,4.022918319702148438e+01,8.805795288085937500e+01,9.412114715576171875e+01,1.321655464172363281e+01
3.259875000000000000e+03,9.155015563964843750e+01,9.439698791503906250e+01,5.838214874267578125e+01,1.330011367797851562e+01
2.786870117187500000e+03,7.715491485595703125e+01,9.322606658935546875e+01,6.851643371582031250e+01,1.295136928558349609e+01
2.887785888671875000e+03,8.116758728027343750e+01,9.287432098388671875e+01,5.491444015502929688e+01,1.307854557037353516e+01
2.885809570312500000e+03,8.067161560058593750e+01,8.941018676757812500e+01,5.812470245361328125e+01,1.258556461334228516e+01
2.644575439453125000e+03,7.358193206787109375e+01,9.198362731933593750e+01,9.231393432617187500e+01,1.322386741638183594e+01
2.893127685546875000e+03,8.181313323974609375e+01,9.484577941894531250e+01,2.882282447814941406e+01,1.383438396453857422e+01
3.087383056640625000e+03,8.607503509521484375e+01,8.973712158203125000e+01,5.850155639648437500e+01,1.443841075897216797e+01
8.083659667968750000e+02,2.268568801879882812e+01,8.678469085693359375e+01,2.951926612854003906e+01,1.274375057220458984e+01
2.135204589843750000e+03,5.989852905273437500e+01,8.887802124023437500e+01,7.212082672119140625e+01,1.363851928710937500e+01
2.150871826171875000e+03,6.074863815307617188e+01,8.726717376708984375e+01,8.007857513427734375e+01,1.404981422424316406e+01
2.820913818359375000e+03,7.932456970214843750e+01,8.872711944580078125e+01,4.665473937988281250e+00,1.242247867584228516e+01
2.251466796875000000e+03,6.287230682373046875e+01,8.520812988281250000e+01,4.751094436645507812e+01,1.361567497253417969e+01
1.642903930664062500e+03,4.517716979980468750e+01,8.848905944824218750e+01,3.980694961547851562e+01,1.426045417785644531e+01
1.253106811523437500e+03,3.578890228271484375e+01,8.892572784423828125e+01,8.004928588867187500e+00,1.388832569122314453e+01
2.242794433593750000e+03,6.251127624511718750e+01,8.867857360839843750e+01,6.325085067749023438e+01,1.327925586700439453e+01
1.070378295898437500e+03,2.918457221984863281e+01,8.637407684326171875e+01,9.588802337646484375e+01,1.400221061706542969e+01
2.318956054687500000e+03,6.430001068115234375e+01,9.155685424804687500e+01,6.175212097167968750e+01,1.202858734130859375e+01
2.865690429687500000e+03,5.164579749107360840e-01,8.829206085205078125e+01,5.943746566772460938e+01,1.208851623535156250e+01
2.105476562500000000e+03,5.863931274414062500e+01,9.389656066894531250e+01,3.950072479248046875e+01,1.370645427703857422e+01
1.329510986328125000e+03,3.711329269409179688e+01,9.459349060058593750e+01,4.242102432250976562e+01,1.306336402893066406e+01
1.110824707031250000e+03,3.076018905639648438e+01,9.347052001953125000e+01,7.005811309814453125e+01,1.274023628234863281e+01
2.007641479492187500e+03,5.584297561645507812e+01,8.791634368896484375e+01,2.419203186035156250e+01,1.417515659332275391e+01
1.923200561523437500e+03,5.314226531982421875e+01,8.992402648925781250e+01,7.609720611572265625e+01,1.297533130645751953e+01
2.554020263671875000e+03,7.135169982910156250e+01,1.292836456298828125e+02,4.019271850585937500e+01,1.413716602325439453e+01
2.953130859375000000e+03,8.309987640380859375e+01,8.728645324707031250e+01,7.219068145751953125e+01,1.242218303680419922e+01
6.759970703125000000e+03,4.756169128417968750e+01,9.183668518066406250e+01,6.454145050048828125e+01,1.391840267181396484e+01
2.631777587890625000e+03,7.254412841796875000e+01,9.022631835937500000e+01,7.639234161376953125e+01,1.399811172485351562e+01
2.842461914062500000e+03,7.947621917724609375e+01,9.097923278808593750e+01,8.664616394042968750e+01,1.291120719909667969e+01
2.144042724609375000e+03,5.953849411010742188e+01,8.839733886718750000e+01,3.220074081420898438e+01,1.206828784942626953e+01
2.631181884765625000e+03,7.277321624755859375e+01,8.936077880859375000e+01,4.300345230102539062e+01,1.322741508483886719e+01
8.091881713867187500e+02,2.232509994506835938e+01,8.512535095214843750e+01,9.097922515869140625e+01,1.360453319549560547e+01
3.785552001953125000e+03,1.061461563110351562e+02,9.138932037353515625e+01,3.424666595458984375e+01,1.431391906738281250e+01
2.977340087890625000e+03,8.354737091064453125e+01,8.526532745361328125e+01,7.434599304199218750e+01,1.413036346435546875e+01
3.701254882812500000e+03,1.035915222167968750e+02,8.896053314208984375e+01,9.119120025634765625e+01,1.350173473358154297e+01
2.694925781250000000e+03,7.550006103515625000e+01,9.110791778564453125e+01,1.667206883430480957e+00,1.243615722656250000e+01
1.488057983398437500e+03,4.255465698242187500e+01,8.654794311523437500e+01,4.780078506469726562e+01,1.360632324218750000e+01
3.530889892578125000e+03,9.829827117919921875e+01,8.558303070068359375e+01,2.813838958740234375e+01,1.273398399353027344e+01
1.424593750000000000e+03,3.952645111083984375e+01,9.449293518066406250e+01,4.028796005249023438e+01,1.408530235290527344e+01
2.344428222656250000e+03,6.609015655517578125e+01,8.978237915039062500e+01,2.294311141967773438e+01,1.355550670623779297e+01
1.780838378906250000e+03,4.967303085327148438e+01,8.600746917724609375e+01,1.326338171958923340e+00,1.288822174072265625e+01
8.509321899414062500e+02,2.436566352844238281e+01,9.000606536865234375e+01,5.405718612670898438e+01,1.338096237182617188e+01
8.013692016601562500e+02,2.262335205078125000e+01,9.121665954589843750e+01,1.384352779388427734e+01,1.223128223419189453e+01
1.369359375000000000e+03,3.863617324829101562e+01,9.205014801025390625e+01,3.313214874267578125e+01,1.259416770935058594e+01
2.977578125000000000e+03,8.471699523925781250e+01,8.703253173828125000e+01,6.529975891113281250e+01,1.283285331726074219e+01
1.291077514648437500e+03,3.569810867309570312e+01,9.367800903320312500e+01,5.055317306518554688e+01,1.332959175109863281e+01
1.487168823242187500e+03,4.235425186157226562e+01,8.844773864746093750e+01,3.915143966674804688e+01,1.338248825073242188e+01
1.433580200195312500e+03,3.937795257568359375e+01,9.388681030273437500e+01,9.248408508300781250e+01,1.257617568969726562e+01
2.688010009765625000e+03,7.449551391601562500e+01,9.477743530273437500e+01,9.397342681884765625e+01,1.411431407928466797e+01
2.532070556640625000e+03,7.079866790771484375e+01,8.550083923339843750e+01,5.422789001464843750e+01,1.291780090332031250e+01
1.408648559570312500e+03,3.877510833740234375e+01,9.436319732666015625e+01,5.981732940673828125e+01,1.334690189361572266e+01
1.316013061523437500e+03,3.641485977172851562e+01,9.387989044189453125e+01,7.773587036132812500e+01,1.329415416717529297e+01
1.170955810546875000e+03,3.290718841552734375e+01,9.464768981933593750e+01,5.458475494384765625e+01,1.278056049346923828e+01
2.318131347656250000e+03,6.485807037353515625e+01,8.531240844726562500e+01,6.904080963134765625e+01,1.308771896362304688e+01
3.024033691406250000e+03,8.421127319335937500e+01,8.954688262939453125e+01,1.470611286163330078e+01,1.404520797729492188e+01
3.872262695312500000e+03,1.079945755004882812e+02,8.565483093261718750e+01,8.981562042236328125e+01,1.275190544128417969e+01
2.235834960937500000e+03,6.273093414306640625e+01,8.587647247314453125e+01,8.300282287597656250e+01,1.433494949340820312e+01
2.254777099609375000e+03,6.252962112426757812e+01,9.459791564941406250e+01,9.607672882080078125e+01,1.404724311828613281e+01
1.313245849609375000e+03,3.594094085693359375e+01,9.039437866210937500e+01,4.813753890991210938e+01,1.342892456054687500e+01
3.507366943359375000e+03,9.858144378662109375e+01,9.393297576904296875e+01,2.686611747741699219e+01,1.210635566711425781e+01
2.655368896484375000e+03,7.401245117187500000e+01,8.567402648925781250e+01,3.196627426147460938e+01,1.253007698059082031e+01
1.648683105468750000e+03,4.640781784057617188e+01,8.925102996826171875e+01,8.794116973876953125e+01,1.267585277557373047e+01
2.085414550781250000e+03,5.799880981445312500e+01,8.632961273193359375e+01,8.081095123291015625e+01,1.288148784637451172e+01
2.553218261718750000e+03,7.099132537841796875e+01,8.807668304443359375e+01,4.695324897766113281e+00,1.213026142120361328e+01
2.833732177734375000e+03,7.932912445068359375e+01,9.424280548095703125e+01,7.647241973876953125e+01,1.311846065521240234e+01
1.934897827148437500e+03,5.436857604980468750e+01,8.726505279541015625e+01,8.181129455566406250e+01,1.266912174224853516e+01
1.584320922851562500e+03,4.537617111206054688e+01,9.410985565185546875e+01,4.047432327270507812e+01,1.312182903289794922e+01
2.756939453125000000e+03,7.739072418212890625e+01,9.116308593750000000e+01,4.235054969787597656e+00,1.421036434173583984e+01
3.528381591796875000e+03,9.809339904785156250e+01,8.522460937500000000e+01,6.837744712829589844e+00,1.398504257202148438e+01
3.385068603515625000e+03,9.432742309570312500e+01,8.694837951660156250e+01,6.480939483642578125e+01,1.320877933502197266e+01
3.334904052734375000e+03,9.371878814697265625e+01,8.998043823242187500e+01,9.873969268798828125e+01,1.258793163299560547e+01
2.304151611328125000e+03,6.509010314941406250e+01,8.746580505371093750e+01,8.985004425048828125e+00,1.231693363189697266e+01
1.970779541015625000e+03,5.493845748901367188e+01,9.148320007324218750e+01,8.031593322753906250e+01,1.268246269226074219e+01
1.181111816406250000e+03,3.298196411132812500e+01,9.084706878662109375e+01,7.903572845458984375e+01,1.287502765655517578e+01
1.727701171875000000e+03,4.811526870727539062e+01,9.346050262451171875e+01,3.232886552810668945e+00,1.387495803833007812e+01
1.636594848632812500e+03,4.636777496337890625e+01,9.063264465332031250e+01,2.326325416564941406e+01,1.324001216888427734e+01
3.307298095703125000e+03,9.233988952636718750e+01,9.425448608398437500e+01,2.982157897949218750e+01,1.410085391998291016e+01
3.975601806640625000e+03,1.114031448364257812e+02,9.248608398437500000e+01,8.907924652099609375e+01,1.423361682891845703e+01
1.274177978515625000e+03,3.488525390625000000e+01,8.876358032226562500e+01,9.902745056152343750e+01,1.276422882080078125e+01
1.485961791992187500e+03,4.090093231201171875e+01,8.531340789794921875e+01,7.692032623291015625e+01,1.429917049407958984e+01
3.831037841796875000e+03,1.068106460571289062e+02,8.566751098632812500e+01,1.097801685333251953e+01,1.414303779602050781e+01
3.531616455078125000e+03,9.750392913818359375e+01,9.048273468017578125e+01,4.262442016601562500e+01,1.398881340026855469e+01
2.769292724609375000e+03,7.645567321777343750e+01,8.969779205322265625e+01,2.558217430114746094e+01,1.413480663299560547e+01
8.838699340820312500e+02,2.462860870361328125e+01,8.820104980468750000e+01,2.250765228271484375e+01,1.317900657653808594e+01
2.515953613281250000e+03,7.107440948486328125e+01,9.048365020751953125e+01,1.458932209014892578e+01,1.219804859161376953e+01
2.958702636718750000e+03,8.275554656982421875e+01,9.218732452392578125e+01,7.268620300292968750e+01,1.207763671875000000e+01
3.144934570312500000e+03,8.787425231933593750e+01,9.290052032470703125e+01,7.401079559326171875e+01,1.257905673980712891e+01
1.271111083984375000e+03,3.645136260986328125e+01,9.150855255126953125e+01,7.288417053222656250e+01,1.212872314453125000e+01
1.527460693359375000e+03,4.310407638549804688e+01,8.502026367187500000e+01,1.009104232788085938e+02,1.404652309417724609e+01
8.200321044921875000e+02,2.389531517028808594e+01,8.619171142578125000e+01,1.283844757080078125e+01,1.201126480102539062e+01
3.634005126953125000e+03,1.016020812988281250e+02,8.986968994140625000e+01,3.643996119499206543e-01,1.414953613281250000e+01
1.376791381835937500e+03,3.806075286865234375e+01,9.435324096679687500e+01,3.705422973632812500e+01,1.252459049224853516e+01
1.632590942382812500e+03,4.521361923217773438e+01,9.257910156250000000e+01,8.266114807128906250e+01,1.340305805206298828e+01
9.887224731445312500e+02,2.797920989990234375e+01,8.921273803710937500e+01,1.797717094421386719e+01,1.305183506011962891e+01
2.121419189453125000e+03,5.939621734619140625e+01,9.480429077148437500e+01,4.243043518066406250e+01,1.333402633666992188e+01
1.058352905273437500e+03,2.996282577514648438e+01,9.371408843994140625e+01,6.342344284057617188e+01,1.307256507873535156e+01
3.687363525390625000e+03,1.031884536743164062e+02,8.556069183349609375e+01,5.074717330932617188e+01,1.418835163116455078e+01
2.293476074218750000e+03,6.494858551025390625e+01,8.617417144775390625e+01,2.073462867736816406e+01,1.206140327453613281e+01
3.861233154296875000e+03,1.075099792480468750e+02,9.008042144775390625e+01,4.253968048095703125e+01,1.375321960449218750e+01
3.011542968750000000e+03,8.405297088623046875e+01,8.660768890380859375e+01,8.141311645507812500e+01,1.327571773529052734e+01
3.153114257812500000e+03,8.763600921630859375e+01,9.160813903808593750e+01,9.706005096435546875e+00,1.402161788940429688e+01
1.117245605468750000e+03,3.130085945129394531e+01,9.146386718750000000e+01,9.187956237792968750e+01,1.259753799438476562e+01
3.998964355468750000e+03,1.120181274414062500e+02,9.201060485839843750e+01,5.269553756713867188e+01,1.302654361724853516e+01
1.458043701171875000e+03,4.038884353637695312e+01,9.343824768066406250e+01,7.894953727722167969e+00,1.412720203399658203e+01
2.268301513671875000e+03,6.443786621093750000e+01,8.804596710205078125e+01,4.505402755737304688e+01,1.366396808624267578e+01
2.843096191406250000e+03,8.033364868164062500e+01,8.726028442382812500e+01,7.491095733642578125e+01,1.272941303253173828e+01
2.724696044921875000e+03,7.611986541748046875e+01,8.553775024414062500e+01,5.061481475830078125e+01,1.355657386779785156e+01
2.981486572265625000e+03,8.317493438720703125e+01,8.639709472656250000e+01,9.058946228027343750e+01,1.312585449218750000e+01
1.180511840820312500e+03,3.194951820373535156e+01,8.760899353027343750e+01,9.961941528320312500e+01,1.296376991271972656e+01
2.836955566406250000e+03,8.021073913574218750e+01,8.950635528564453125e+01,1.801379966735839844e+01,1.386184883117675781e+01
1.303167846679687500e+03,3.699774932861328125e+01,8.635406494140625000e+01,9.100939178466796875e+01,1.289719963073730469e+01
3.432265869140625000e+03,9.632749176025390625e+01,8.872702026367187500e+01,4.869847297668457031e+00,1.227320575714111328e+01
1.237322631835937500e+03,3.444525909423828125e+01,9.392904663085937500e+01,2.707273662090301514e-01,1.274689769744873047e+01
3.834390136718750000e+03,1.078310089111328125e+02,9.034949493408203125e+01,3.219519042968750000e+01,1.427233791351318359e+01
3.101609619140625000e+03,8.677492523193359375e+01,9.346260833740234375e+01,3.748031234741210938e+01,1.281759452819824219e+01
2.653715576171875000e+03,7.456391906738281250e+01,9.186268615722656250e+01,7.839359283447265625e+01,1.216468524932861328e+01
3.950619628906250000e+03,1.100617980957031250e+02,9.452999114990234375e+01,7.182214260101318359e+00,1.234448337554931641e+01
1.426270507812500000e+03,3.932067489624023438e+01,9.016572570800781250e+01,7.361010742187500000e+01,1.214312076568603516e+01
1.661427612304687500e+03,4.731925582885742188e+01,9.479615020751953125e+01,3.229724121093750000e+01,1.260262107849121094e+01
2.217324951171875000e+03,6.215240859985351562e+01,8.926931762695312500e+01,7.316728210449218750e+01,1.222961997985839844e+01
1.672276733398437500e+03,4.787174987792968750e+01,9.456046295166015625e+01,1.544230842590332031e+01,1.249416732788085938e+01
2.388167236328125000e+03,6.707213592529296875e+01,8.583194732666015625e+01,7.905479431152343750e+01,1.269771575927734375e+01
2.475033935546875000e+03,6.934819793701171875e+01,9.249026489257812500e+01,9.909066772460937500e+01,1.402762031555175781e+01
3.002957763671875000e+03,8.475035095214843750e+01,8.724343109130859375e+01,8.685001373291015625e+01,1.372572040557861328e+01
3.424262939453125000e+03,9.615134429931640625e+01,9.349913787841796875e+01,2.008802032470703125e+01,1.419776821136474609e+01
1.072949096679687500e+03,3.036813163757324219e+01,9.461957550048828125e+01,9.623451995849609375e+01,1.295479679107666016e+01
1.234514648437500000e+03,3.358005905151367188e+01,8.755076599121093750e+01,7.156292724609375000e+01,1.401555156707763672e+01
1.600341674804687500e+03,4.463117218017578125e+01,8.731374359130859375e+01,6.253644180297851562e+01,1.336331081390380859e+01
9.723083496093750000e+02,2.723182868957519531e+01,9.028292846679687500e+01,7.361189365386962891e+00,1.444135761260986328e+01
2.795482910156250000e+03,7.873662567138671875e+01,8.521519470214843750e+01,7.654624938964843750e+01,1.321238040924072266e+01
3.386404785156250000e+03,9.436786651611328125e+01,9.452899169921875000e+01,2.909178352355957031e+01,1.328764247894287109e+01
3.612043701171875000e+03,1.021389770507812500e+02,9.065077972412109375e+01,2.703417968750000000e+01,1.240147113800048828e+01
2.040569091796875000e+03,5.638237762451171875e+01,8.963711547851562500e+01,4.337349700927734375e+01,1.302911090850830078e+01
2.283250732421875000e+03,6.439479064941406250e+01,9.332532501220703125e+01,6.843819427490234375e+01,1.272390556335449219e+01
1.675873413085937500e+03,4.672869110107421875e+01,9.236883544921875000e+01,3.347674179077148438e+01,1.382177639007568359e+01
1.585317016601562500e+03,4.431373214721679688e+01,8.849889373779296875e+01,3.612694168090820312e+01,1.302054500579833984e+01
2.365278076171875000e+03,6.715903472900390625e+01,8.814166259765625000e+01,4.183895492553710938e+01,1.350794792175292969e+01
3.840195556640625000e+03,1.067601165771484375e+02,8.677235412597656250e+01,6.780940246582031250e+01,1.411501884460449219e+01
3.977016845703125000e+03,1.115984420776367188e+02,8.662184143066406250e+01,9.777094268798828125e+01,1.281953334808349609e+01
3.710599609375000000e+03,1.046863937377929688e+02,8.957690429687500000e+01,7.476762390136718750e+01,1.425632572174072266e+01
1.298342285156250000e+03,3.707789611816406250e+01,8.753831481933593750e+01,6.631825256347656250e+01,1.257754421234130859e+01
1.958477294921875000e+03,5.476683044433593750e+01,8.985967254638671875e+01,9.859326362609863281e+00,1.217823028564453125e+01
3.407389160156250000e+03,9.526024627685546875e+01,8.941475677490234375e+01,8.868782806396484375e+01,1.208593177795410156e+01
3.899822753906250000e+03,1.102150192260742188e+02,8.821686553955078125e+01,6.448016357421875000e+01,1.206089401245117188e+01
8.626648559570312500e+02,2.345761108398437500e+01,9.478779602050781250e+01,1.041469478607177734e+01,1.267998218536376953e+01
9.655910034179687500e+02,2.741067123413085938e+01,9.145716857910156250e+01,2.614362525939941406e+01,1.358789062500000000e+01
1.438045410156250000e+03,4.008115386962890625e+01,9.314094543457031250e+01,2.912152481079101562e+01,1.278143882751464844e+01
1.493265747070312500e+03,4.227486801147460938e+01,9.034378814697265625e+01,2.765720176696777344e+01,1.207552528381347656e+01
2.053988037109375000e+03,5.696939086914062500e+01,8.993431091308593750e+01,1.369633007049560547e+01,1.264092731475830078e+01
2.259118652343750000e+03,6.382163619995117188e+01,8.942085266113281250e+01,5.931592178344726562e+01,1.408129596710205078e+01
3.734824218750000000e+03,1.045535964965820312e+02,8.901831054687500000e+01,9.874919128417968750e+01,1.380419826507568359e+01
1.920399902343750000e+03,5.373508453369140625e+01,9.472351837158203125e+01,4.700175094604492188e+01,1.428606510162353516e+01
2.634437744140625000e+03,7.389571380615234375e+01,9.334954071044921875e+01,3.976698684692382812e+01,1.216700935363769531e+01
3.769784423828125000e+03,1.048705139160156250e+02,9.142436218261718750e+01,2.268234443664550781e+01,1.340053272247314453e+01
9.704871215820312500e+02,2.667929649353027344e+01,9.201975250244140625e+01,6.044739151000976562e+01,1.295629215240478516e+01
2.160210693359375000e+03,6.054516983032226562e+01,8.998192596435546875e+01,1.658294677734375000e+01,1.290762901306152344e+01
2.546554443359375000e+03,7.133953857421875000e+01,8.972556304931640625e+01,4.991942214965820312e+01,1.354929828643798828e+01
2.610063964843750000e+03,7.264258575439453125e+01,9.153480529785156250e+01,3.662425613403320312e+01,1.279622173309326172e+01
1.778892456054687500e+03,4.957847595214843750e+01,9.497537231445312500e+01,5.843929290771484375e+01,1.230760765075683594e+01
1.834504272460937500e+03,5.218138122558593750e+01,8.868918609619140625e+01,1.700871086120605469e+01,1.280215740203857422e+01
3.054843261718750000e+03,8.506455230712890625e+01,8.948686981201171875e+01,1.716375160217285156e+01,1.230736160278320312e+01
2.724857177734375000e+03,7.688976287841796875e+01,9.374805450439453125e+01,1.042604064941406250e+01,1.445276451110839844e+01
1.086421997070312500e+03,3.080493164062500000e+01,8.879863739013671875e+01,8.216994476318359375e+01,1.245712852478027344e+01
2.605282226562500000e+03,7.306859588623046875e+01,8.617942047119140625e+01,6.415029907226562500e+01,1.410027503967285156e+01
2.323667236328125000e+03,6.477696990966796875e+01,9.343657684326171875e+01,7.516026306152343750e+01,1.328519535064697266e+01
2.366112792968750000e+03,6.687979888916015625e+01,8.666555023193359375e+01,2.899605178833007812e+01,1.390957069396972656e+01
2.841355957031250000e+03,7.998545074462890625e+01,9.227050781250000000e+01,4.948485565185546875e+01,1.372202110290527344e+01
1.413268554687500000e+03,4.013521194458007812e+01,8.777294158935546875e+01,7.085222625732421875e+01,1.314005184173583984e+01
2.882293701171875000e+03,-2.756163179874420166e-01,9.477497100830078125e+01,4.929808425903320312e+01,1.262383747100830078e+01
1.501781005859375000e+03,4.236806869506835938e+01,8.618816375732421875e+01,3.048144149780273438e+01,1.317869281768798828e+01
9.546923217773437500e+02,2.726779747009277344e+01,8.977440643310546875e+01,3.996069717407226562e+01,1.415368843078613281e+01
1.124983398437500000e+03,3.135285758972167969e+01,8.832003784179687500e+01,7.591682434082031250e+01,1.413305377960205078e+01
1.965893310546875000e+03,5.497052764892578125e+01,8.743072509765625000e+01,3.134484052658081055e+00,1.357187747955322266e+01
1.911802612304687500e+03,5.390340805053710938e+01,8.664783477783203125e+01,8.299736022949218750e+01,1.270367145538330078e+01
2.653055175781250000e+03,7.399146270751953125e+01,8.500019073486328125e+01,8.172485351562500000e+01,1.318860244750976562e+01
3.457767333984375000e+03,9.684771728515625000e+01,8.837538909912109375e+01,9.451320648193359375e+01,1.437340641021728516e+01
2.587589843750000000e+03,7.241438293457031250e+01,8.782315826416015625e+01,7.785793304443359375e+01,1.385637092590332031e+01
3.688172607421875000e+03,1.030511322021484375e+02,8.685179138183593750e+01,5.621707153320312500e+01,1.225473499298095703e+01
1.867640869140625000e+03,5.241038131713867188e+01,9.262532043457031250e+01,2.705349349975585938e+01,1.291048049926757812e+01
1.924616333007812500e+03,5.411579895019531250e+01,8.754710388183593750e+01,2.812133979797363281e+01,1.358706855773925781e+01
8.190500488281250000e+02,2.191274070739746094e+01,8.526985168457031250e+01,3.417490768432617188e+01,1.359377765655517578e+01
2.842918701171875000e+03,7.930223083496093750e+01,8.557904052734375000e+01,1.649442291259765625e+01,1.443259239196777344e+01
1.586926757812500000e+03,4.422446060180664062e+01,9.131483459472656250e+01,1.420530986785888672e+01,1.307846641540527344e+01
1.154986083984375000e+03,3.228081130981445312e+01,8.864836120605468750e+01,6.073329544067382812e+01,1.276897525787353516e+01
3.167544921875000000e+03,8.870520019531250000e+01,9.292632293701171875e+01,7.855699539184570312e+00,1.325136566162109375e+01
3.832459228515625000e+03,1.078921432495117188e+02,8.906820678710937500e+01,8.135253143310546875e+01,1.310721588134765625e+01
2.395876953125000000e+03,6.727220153808593750e+01,9.434910583496093750e+01,3.521604919433593750e+01,1.397497940063476562e+01
3.101885009765625000e+03,8.802886199951171875e+01,8.857760620117187500e+01,9.990594482421875000e+01,1.359602451324462891e+01
3.177289062500000000e+03,8.860778808593750000e+01,1.225836944580078125e+02,4.435452938079833984e+00,1.365357875823974609e+01
2.371461914062500000e+03,6.647669219970703125e+01,8.774230194091796875e+01,9.553822326660156250e+01,1.278957843780517578e+01
8.125560913085937500e+02,2.299123191833496094e+01,8.643874359130859375e+01,5.009521484375000000e+01,1.396169471740722656e+01
3.888430175781250000e+03,1.086783218383789062e+02,9.346614074707031250e+01,5.405995559692382812e+01,1.259759902954101562e+01
3.140437011718750000e+03,8.820025634765625000e+01,8.628314208984375000e+01,3.114779090881347656e+01,1.425355243682861328e+01
3.042098876953125000e+03,8.515225219726562500e+01,8.683561706542968750e+01,7.501512145996093750e+01,1.300958633422851562e+01
2.531028076171875000e+03,7.036810302734375000e+01,8.715258026123046875e+01,5.534867477416992188e+01,1.288660812377929688e+01
8.324402465820312500e+02,2.331956672668457031e+01,8.620481872558593750e+01,5.866713047027587891e+00,1.239103031158447266e+01
2.462675292968750000e+03,6.920531463623046875e+01,8.682903289794921875e+01,6.834789276123046875e+00,1.363988304138183594e+01
3.316535400390625000e+03,9.393569946289062500e+01,8.737071990966796875e+01,5.602553176879882812e+01,1.419006443023681641e+01
1.723455810546875000e+03,4.702408981323242188e+01,9.050628662109375000e+01,4.000556945800781250e+00,1.294690513610839844e+01
1.863042846679687500e+03,5.133606719970703125e+01,9.401721954345703125e+01,2.902318000793457031e+01,1.416262531280517578e+01
3.637891601562500000e+03,1.011129760742187500e+02,9.154100036621093750e+01,1.529711723327636719e+01,1.252720832824707031e+01
2.757633056640625000e+03,7.764403533935546875e+01,9.153987121582031250e+01,8.988169097900390625e+01,1.381437587738037109e+01
3.603909912109375000e+03,1.019920578002929688e+02,8.934144592285156250e+01,8.427942657470703125e+01,1.240239429473876953e+01
3.119832519531250000e+03,8.702156066894531250e+01,9.371531677246093750e+01,6.539667510986328125e+01,1.286626338958740234e+01
2.555418457031250000e+03,7.128366088867187500e+01,8.960989379882812500e+01,8.091598510742187500e+00,1.321823978424072266e+01
2.113590576171875000e+03,5.898759841918945312e+01,8.550594329833984375e+01,2.989577674865722656e+01,1.446973514556884766e+01
1.022513488769531250e+03,2.839943885803222656e+01,8.999998474121093750e+01,1.493583965301513672e+01,1.401382446289062500e+01
9.766718750000000000e+02,2.766691970825195312e+01,9.365100097656250000e+01,3.089283704757690430e+00,1.299109077453613281e+01
8.278870239257812500e+02,2.256302452087402344e+01,9.402726745605468750e+01,2.805255651473999023e+00,1.204533195495605469e+01
2.459498535156250000e+03,6.920083618164062500e+01,8.692043304443359375e+01,6.289757537841796875e+01,1.307657623291015625e+01
2.502363525390625000e+03,6.955238342285156250e+01,9.349935150146484375e+01,4.387630844116210938e+01,1.435960102081298828e+01
1.190351562500000000e+03,3.281973266601562500e+01,9.275455474853515625e+01,6.353007507324218750e+01,1.261058521270751953e+01
3.311290039062500000e+03,9.214813995361328125e+01,9.388558959960937500e+01,9.413257598876953125e+01,1.247294425964355469e+01
3.558018066406250000e+03,9.936579132080078125e+01,9.331260681152343750e+01,4.463906478881835938e+01,1.310060596466064453e+01
3.421806884765625000e+03,9.485223388671875000e+01,9.018065643310546875e+01,3.536339187622070312e+01,1.218763923645019531e+01
1.073988281250000000e+03,2.964090347290039062e+01,9.106149291992187500e+01,8.046781158447265625e+01,1.264721393585205078e+01
3.925345214843750000e+03,1.098288497924804688e+02,9.449922943115234375e+01,7.565946102142333984e+00,1.289819622039794922e+01
3.204948974609375000e+03,8.953880310058593750e+01,8.932629394531250000e+01,8.309877777099609375e+01,1.241498851776123047e+01
3.046064697265625000e+03,8.511793518066406250e+01,9.329846954345703125e+01,3.092781257629394531e+01,1.201598548889160156e+01
1.533053710937500000e+03,4.264877700805664062e+01,8.888871002197265625e+01,5.852690505981445312e+01,1.275393676757812500e+01
1.144799194335937500e+03,3.237675857543945312e+01,9.406214141845703125e+01,8.263963317871093750e+01,1.423195743560791016e+01
1.547567749023437500e+03,4.265643692016601562e+01,8.511624908447265625e+01,2.819067382812500000e+01,1.261684226989746094e+01
3.831627929687500000e+03,1.065947647094726562e+02,9.207801055908203125e+01,6.653417205810546875e+01,1.254261589050292969e+01
2.829438476562500000e+03,7.883603668212890625e+01,9.098319244384765625e+01,6.298665237426757812e+01,1.378268241882324219e+01
1.492445800781250000e+03,4.284931945800781250e+01,9.104748535156250000e+01,8.434489250183105469e+00,1.216319274902343750e+01
3.598214599609375000e+03,1.012581024169921875e+02,9.029777526855468750e+01,6.347302436828613281e+00,1.373755645751953125e+01
2.385007080078125000e+03,6.741783142089843750e+01,8.645833587646484375e+01,8.758908081054687500e+01,1.213705539703369141e+01
2.161607177734375000e+03,6.044100189208984375e+01,9.219256591796875000e+01,6.511000061035156250e+01,1.270370864868164062e+01
3.469756347656250000e+03,9.674346923828125000e+01,9.325310516357421875e+01,1.889686012268066406e+01,1.378143978118896484e+01
1.603091186523437500e+03,4.480448532104492188e+01,8.826633453369140625e+01,9.514559173583984375e+01,1.247406196594238281e+01
1.684520874023437500e+03,4.744871139526367188e+01,8.955040740966796875e+01,1.456405448913574219e+01,1.200329494476318359e+01
1.557430541992187500e+03,4.370914077758789062e+01,9.170722961425781250e+01,4.167292404174804688e+01,1.268452930450439453e+01
1.341431274414062500e+03,3.669966888427734375e+01,9.057026672363281250e+01,1.750169754028320312e+01,1.379521846771240234e+01
1.765738647460937500e+03,4.939274215698242188e+01,9.211162567138671875e+01,6.564487457275390625e+01,1.312824726104736328e+01
2.734340332031250000e+03,7.635164642333984375e+01,9.118211364746093750e+01,7.575968933105468750e+01,1.413691139221191406e+01
1.219269287109375000e+03,3.429334640502929688e+01,8.954032135009765625e+01,5.959759902954101562e+01,1.025607967376708984e+01
1.080668823242187500e+03,3.044290542602539062e+01,8.918608093261718750e+01,7.743214416503906250e+01,1.367807865142822266e+01
1.137024780273437500e+03,3.179514694213867188e+01,9.471768188476562500e+01,7.594616699218750000e+01,1.393860626220703125e+01
1.240431274414062500e+03,3.475035476684570312e+01,8.692974090576171875e+01,2.358922576904296875e+01,1.400062084197998047e+01
1.336611938476562500e+03,3.751824188232421875e+01,9.097280883789062500e+01,2.509069824218750000e+01,1.433178710937500000e+01
2.715675048828125000e+03,7.622170257568359375e+01,8.796446990966796875e+01,4.390716171264648438e+01,1.411493301391601562e+01
3.117576171875000000e+03,8.791982269287109375e+01,8.708755493164062500e+01,6.490969848632812500e+01,1.252958583831787109e+01
1.153329467773437500e+03,3.182151985168457031e+01,9.441902923583984375e+01,9.093482017517089844e+00,1.238236999511718750e+01
1.527163940429687500e+03,4.294496536254882812e+01,8.563817596435546875e+01,8.276311492919921875e+01,1.357916069030761719e+01
3.716062011718750000e+03,1.040679931640625000e+02,9.304797363281250000e+01,1.525037646293640137e+00,1.333807849884033203e+01
3.085407226562500000e+03,8.698210144042968750e+01,9.062911224365234375e+01,1.681519126892089844e+01,1.418930339813232422e+01
2.328091308593750000e+03,6.480409240722656250e+01,8.787174224853515625e+01,8.301882171630859375e+01,1.405924892425537109e+01
1.968591064453125000e+03,5.457751083374023438e+01,9.094294738769531250e+01,2.076371765136718750e+01,1.340783882141113281e+01
3.456290039062500000e+03,9.684780883789062500e+01,9.091060638427734375e+01,5.808576202392578125e+01,1.363236331939697266e+01
2.942877685546875000e+03,8.286306762695312500e+01,9.061314392089843750e+01,9.806781768798828125e+01,1.337577438354492188e+01
3.426493896484375000e+03,9.617805480957031250e+01,9.013718414306640625e+01,5.544498825073242188e+01,1.263112831115722656e+01
2.186547119140625000e+03,6.054035949707031250e+01,8.683425903320312500e+01,8.051068878173828125e+01,1.256939601898193359e+01
3.398159667968750000e+03,9.518536376953125000e+01,9.116186523437500000e+01,7.738395690917968750e+01,1.278101253509521484e+01
3.960471923828125000e+03,1.108461151123046875e+02,8.952507781982421875e+01,8.426546478271484375e+01,1.280975341796875000e+01
2.117428222656250000e+03,5.883074188232421875e+01,8.956032562255859375e+01,3.650279617309570312e+01,1.368647003173828125e+01
1.785901000976562500e+03,5.001379776000976562e+01,9.476791381835937500e+01,4.139834213256835938e+01,1.307733154296875000e+01
2.841913818359375000e+03,7.941052246093750000e+01,9.276663970947265625e+01,5.260123014450073242e-01,1.253927707672119141e+01
3.714344238281250000e+03,1.043596649169921875e+02,9.421369171142578125e+01,9.800114440917968750e+01,1.277924156188964844e+01
3.136715820312500000e+03,8.728227996826171875e+01,8.721745300292968750e+01,9.531532287597656250e+01,1.281318473815917969e+01
2.706947998046875000e+03,7.564600372314453125e+01,9.067591857910156250e+01,8.288708686828613281e+00,1.385109233856201172e+01
3.123776367187500000e+03,8.801808166503906250e+01,9.159951019287109375e+01,5.996953582763671875e+01,1.318196010589599609e+01
3.008797607421875000e+03,8.511640930175781250e+01,9.066847229003906250e+01,4.614914703369140625e+01,1.298739624023437500e+01
3.954034179687500000e+03,1.108201141357421875e+02,8.565184783935546875e+01,3.226397323608398438e+01,1.424140548706054688e+01
2.571394287109375000e+03,7.227388000488281250e+01,8.977356719970703125e+01,7.626209259033203125e+01,1.303748035430908203e+01
3.674401367187500000e+03,1.024452133178710938e+02,9.419159698486328125e+01,2.999249076843261719e+01,1.228708648681640625e+01
3.658802490234375000e+03,1.020835418701171875e+02,8.793154144287109375e+01,1.203125667572021484e+01,1.309999370574951172e+01
8.936215209960937500e+02,2.561309242248535156e+01,9.102633666992187500e+01,3.053790473937988281e+01,1.344905090332031250e+01
3.209407958984375000e+03,8.933193969726562500e+01,8.937118530273437500e+01,9.905056762695312500e+01,1.257346248626708984e+01
2.898822509765625000e+03,8.204512786865234375e+01,8.574042510986328125e+01,9.584248352050781250e+01,1.276266193389892578e+01
1.799583374023437500e+03,5.110578155517578125e+01,8.724486541748046875e+01,9.045841217041015625e+00,1.231674861907958984e+01
2.334134521484375000e+03,6.465078735351562500e+01,9.142252349853515625e+01,6.904019165039062500e+01,1.445746803283691406e+01
1.954864257812500000e+03,5.433844757080078125e+01,8.575076293945312500e+01,4.887586593627929688e+01,1.243564987182617188e+01
2.409450683593750000e+03,6.718946075439453125e+01,9.029096984863281250e+01,5.480581665039062500e+01,1.277639293670654297e+01
3.365685302734375000e+03,9.423529815673828125e+01,8.780787658691406250e+01,9.467829132080078125e+01,1.275465297698974609e+01
3.312685058593750000e+03,9.230115509033203125e+01,9.074829864501953125e+01,9.923013305664062500e+01,1.317444896697998047e+01
2.144398437500000000e+03,5.997116851806640625e+01,8.833850097656250000e+01,1.690363502502441406e+01,1.265129375457763672e+01
1.074204956054687500e+03,3.084500503540039062e+01,9.311855316162109375e+01,9.967649841308593750e+01,1.316699504852294922e+01
1.559070312500000000e+03,4.317199707031250000e+01,8.744157409667968750e+01,7.511801147460937500e+01,1.227382850646972656e+01
1.022761779785156250e+03,2.914323997497558594e+01,9.459813690185546875e+01,3.234444046020507812e+01,1.355463790893554688e+01
1.221540405273437500e+03,3.412409210205078125e+01,9.155013275146484375e+01,8.844747161865234375e+01,1.265036201477050781e+01
3.425782714843750000e+03,9.560961151123046875e+01,8.860810852050781250e+01,1.763555717468261719e+01,1.316871166229248047e+01
1.085206909179687500e+03,2.939201354980468750e+01,9.157616424560546875e+01,4.057843780517578125e+01,1.371252346038818359e+01
2.346310058593750000e+03,6.543280029296875000e+01,8.867112731933593750e+01,8.437847137451171875e+01,1.333285999298095703e+01
3.966988281250000000e+03,1.113679275512695312e+02,8.534188079833984375e+01,3.476581954956054688e+01,1.367724514007568359e+01
1.799640991210937500e+03,5.077452087402343750e+01,8.520144653320312500e+01,1.574476051330566406e+01,1.366524887084960938e+01
1.044357788085937500e+03,2.985990905761718750e+01,8.554774475097656250e+01,1.393973827362060547e+01,1.323371028900146484e+01
3.236916503906250000e+03,9.052777099609375000e+01,8.906619262695312500e+01,2.473352050781250000e+01,1.376002025604248047e+01
3.196197753906250000e+03,8.937538909912109375e+01,9.142053222656250000e+01,3.801987171173095703e+00,1.249222564697265625e+01
1.134404785156250000e+03,3.188965034484863281e+01,1.382742919921875000e+02,1.287771320343017578e+01,1.309770202636718750e+01
2.324487304687500000e+03,6.549721527099609375e+01,8.987944793701171875e+01,1.023129272460937500e+01,1.418134021759033203e+01
1.830843505859375000e+03,5.207571029663085938e+01,8.586703491210937500e+01,8.073906707763671875e+01,1.439771747589111328e+01
3.898131591796875000e+03,1.086007003784179688e+02,9.312606811523437500e+01,7.932441711425781250e+01,1.383940315246582031e+01
1.987608154296875000e+03,5.551647949218750000e+01,9.321192169189453125e+01,8.111857604980468750e+01,1.354049587249755859e+01
1.327059692382812500e+03,3.735264968872070312e+01,9.009989166259765625e+01,8.366812133789062500e+01,1.242938327789306641e+01
3.334514648437500000e+03,9.355266571044921875e+01,9.394652557373046875e+01,9.004429626464843750e+01,1.394381427764892578e+01
1.205316284179687500e+03,3.281714630126953125e+01,9.145998382568359375e+01,3.422484207153320312e+01,1.289080810546875000e+01
3.243802978515625000e+03,9.014684295654296875e+01,9.455422973632812500e+01,5.278337955474853516e+00,1.423417568206787109e+01
3.788116943359375000e+03,1.063712844848632812e+02,9.012491607666015625e+01,8.068119049072265625e+01,1.372929573059082031e+01
3.244169189453125000e+03,9.154927825927734375e+01,9.100891113281250000e+01,5.584811782836914062e+01,1.383675861358642578e+01
1.162615112304687500e+03,3.202286148071289062e+01,8.661856842041015625e+01,8.069189453125000000e+01,1.380771541595458984e+01
8.873069458007812500e+02,2.516075325012207031e+01,9.053373718261718750e+01,9.867119598388671875e+01,1.444943428039550781e+01
3.929263427734375000e+03,1.098870086669921875e+02,8.807025909423828125e+01,1.271063327789306641e+01,1.388791084289550781e+01
1.583742187500000000e+03,4.536555099487304688e+01,8.915194702148437500e+01,6.375561904907226562e+01,1.346601104736328125e+01
1.460557739257812500e+03,4.069809341430664062e+01,8.592723083496093750e+01,5.128228378295898438e+01,1.330140209197998047e+01
1.405790405273437500e+03,4.045476913452148438e+01,9.192707824707031250e+01,8.519030761718750000e+01,1.244303035736083984e+01
1.451031860351562500e+03,4.038905334472656250e+01,9.181159210205078125e+01,4.207383728027343750e+01,1.302159690856933594e+01
2.515647216796875000e+03,7.032521820068359375e+01,8.855435180664062500e+01,2.239398193359375000e+01,1.327754497528076172e+01
1.373985229492187500e+03,3.847605133056640625e+01,8.649504852294921875e+01,4.694451141357421875e+01,1.382912063598632812e+01
1.674768432617187500e+03,4.665845870971679688e+01,8.829412078857421875e+01,7.084801483154296875e+01,1.214950275421142578e+01
2.322839599609375000e+03,6.515679931640625000e+01,8.975176239013671875e+01,4.080222702026367188e+01,1.096674919128417969e+01
3.128958740234375000e+03,8.752426147460937500e+01,8.818957519531250000e+01,5.169628524780273438e+01,1.351610565185546875e+01
3.437146728515625000e+03,9.544110870361328125e+01,8.660256958007812500e+01,4.896458435058593750e+01,1.240108489990234375e+01
9.193295288085937500e+02,-1.146047655493021011e-02,9.024994659423828125e+01,2.289618968963623047e+00,1.282435607910156250e+01
1.901300170898437500e+03,5.352365112304687500e+01,9.160498809814453125e+01,7.712118530273437500e+01,1.291482257843017578e+01
8.725067138671875000e+02,2.422495841979980469e+01,9.379663085937500000e+01,6.904141998291015625e+01,1.242999172210693359e+01
1.154838623046875000e+03,3.190196990966796875e+01,8.805612945556640625e+01,5.408348846435546875e+01,1.379499721527099609e+01
3.890526367187500000e+03,1.092000198364257812e+02,9.370762634277343750e+01,2.788802337646484375e+01,1.441662120819091797e+01
1.097846923828125000e+03,3.087058639526367188e+01,9.319969940185546875e+01,5.266374969482421875e+01,1.306124496459960938e+01
2.290404541015625000e+03,6.410335540771484375e+01,9.246857452392578125e+01,3.023431205749511719e+01,1.340373420715332031e+01
3.986312744140625000e+03,1.110215835571289062e+02,9.239580535888671875e+01,9.479674530029296875e+01,1.361145114898681641e+01
3.839753906250000000e+03,1.073009033203125000e+02,9.269452667236328125e+01,4.297425079345703125e+01,1.323053932189941406e+01
3.346267578125000000e+03,9.361286163330078125e+01,9.028973388671875000e+01,3.348356962203979492e+00,1.295749473571777344e+01
2.329657714843750000e+03,6.468920135498046875e+01,9.403421020507812500e+01,4.409014129638671875e+01,1.386213016510009766e+01
3.204687500000000000e+03,8.912342834472656250e+01,8.849051666259765625e+01,3.922539901733398438e+01,1.386999988555908203e+01
3.766204101562500000e+03,1.046787948608398438e+02,9.268317413330078125e+01,2.019888305664062500e+01,1.436238574981689453e+01
3.183204101562500000e+03,8.855950927734375000e+01,9.099466705322265625e+01,7.336244964599609375e+01,1.267317390441894531e+01
1.586239135742187500e+03,4.354584121704101562e+01,8.527182006835937500e+01,9.585153198242187500e+01,1.377504253387451172e+01
3.862763427734375000e+03,1.081943511962890625e+02,9.095478057861328125e+01,6.396907424926757812e+01,1.438611125946044922e+01
3.060345214843750000e+03,8.578183746337890625e+01,8.950759124755859375e+01,2.927172660827636719e+01,1.251076126098632812e+01
2.962444091796875000e+03,8.259044647216796875e+01,8.948361968994140625e+01,7.980804443359375000e+01,1.416590785980224609e+01
2.214875488281250000e+03,6.254243850708007812e+01,9.338323211669921875e+01,5.629822540283203125e+01,1.374995231628417969e+01
3.286888916015625000e+03,9.032852935791015625e+01,9.340778350830078125e+01,5.291762161254882812e+01,1.215282344818115234e+01
2.588848876953125000e+03,7.276336669921875000e+01,8.506307983398437500e+01,7.372777557373046875e+01,1.349903583526611328e+01
3.154627685546875000e+03,8.865640258789062500e+01,9.049709320068359375e+01,3.827915573120117188e+01,1.316236591339111328e+01
2.144565673828125000e+03,6.021897125244140625e+01,8.758861541748046875e+01,4.070802688598632812e+01,1.353423690795898438e+01
2.514045654296875000e+03,7.016692352294921875e+01,8.674909973144531250e+01,7.817655944824218750e+01,1.295391368865966797e+01
1.719900512695312500e+03,4.791998291015625000e+01,8.863759613037109375e+01,1.542261695861816406e+01,1.362351799011230469e+01
3.546962890625000000e+03,9.909052276611328125e+01,9.219718170166015625e+01,9.380013465881347656e+00,1.432633399963378906e+01
3.379940673828125000e+03,9.342903137207031250e+01,9.114427185058593750e+01,7.461813354492187500e+01,1.387770271301269531e+01
2.394702148437500000e+03,6.666020965576171875e+01,9.263908386230468750e+01,7.796103668212890625e+01,1.422020339965820312e+01
3.870979980468750000e+03,1.077365493774414062e+02,9.141660308837890625e+01,7.099263763427734375e+01,1.376029682159423828e+01
3.977207519531250000e+03,1.112022552490234375e+02,9.143576812744140625e+01,5.188608551025390625e+01,1.417013835906982422e+01
3.292796386718750000e+03,9.305584716796875000e+01,8.937415313720703125e+01,8.205706787109375000e+01,1.201037216186523438e+01
2.550397949218750000e+03,7.097628021240234375e+01,9.081239318847656250e+01,4.834472274780273438e+01,1.265314102172851562e+01
2.261790039062500000e+03,6.382709121704101562e+01,9.065875244140625000e+01,4.829425430297851562e+01,1.305768680572509766e+01
2.364474609375000000e+03,6.621197509765625000e+01,9.489092254638671875e+01,1.501295566558837891e+01,1.407676029205322266e+01
1.172359008789062500e+03,3.348819351196289062e+01,8.712987518310546875e+01,7.330556488037109375e+01,1.253890800476074219e+01
3.024818847656250000e+03,8.490763092041015625e+01,9.102062988281250000e+01,4.288551712036132812e+01,1.220895671844482422e+01
1.150479125976562500e+03,3.244056701660156250e+01,9.233521270751953125e+01,1.637030601501464844e+01,1.341630935668945312e+01
6.760471191406250000e+03,6.359666061401367188e+01,9.367292785644531250e+01,1.928335952758789062e+01,1.304269981384277344e+01
2.009563720703125000e+03,5.642000198364257812e+01,8.564457702636718750e+01,2.538910865783691406e+01,1.257525825500488281e+01
2.199393066406250000e+03,6.221335983276367188e+01,8.572856140136718750e+01,3.736016464233398438e+01,1.345364856719970703e+01
3.399602050781250000e+03,9.538892364501953125e+01,9.452306365966796875e+01,4.918279266357421875e+01,1.224175930023193359e+01
3.837181640625000000e+03,1.074207305908203125e+02,9.387746429443359375e+01,1.628203201293945312e+01,1.245702457427978516e+01
1.619767700195312500e+03,4.585754776000976562e+01,8.890502929687500000e+01,2.014674949645996094e+01,1.201098155975341797e+01
8.107421264648437500e+02,2.343444633483886719e+01,8.837653350830078125e+01,3.136248970031738281e+01,1.396388912200927734e+01
8.352533569335937500e+02,2.328257751464843750e+01,9.403903961181640625e+01,5.494935989379882812e+01,1.237509918212890625e+01
3.935418212890625000e+03,1.101370620727539062e+02,8.708096313476562500e+01,7.083078765869140625e+01,1.221240043640136719e+01
8.022120361328125000e+02,2.245464134216308594e+01,8.684340667724609375e+01,6.468419647216796875e+01,1.370092201232910156e+01
3.994689453125000000e+03,1.120025100708007812e+02,9.456684112548828125e+01,8.654785156250000000e+01,1.446463775634765625e+01
2.913867675781250000e+03,8.156160736083984375e+01,8.537160491943359375e+01,5.537620925903320312e+01,1.343969345092773438e+01
3.453347167968750000e+03,9.684333038330078125e+01,9.374912261962890625e+01,5.526069641113281250e+01,1.238019752502441406e+01
2.459877685546875000e+03,6.889234924316406250e+01,8.554497528076171875e+01,7.188833236694335938e+00,1.294055652618408203e+01
3.187653808593750000e+03,8.989071655273437500e+01,8.850376892089843750e+01,1.954880332946777344e+01,1.305159282684326172e+01
3.238234130859375000e+03,9.055192565917968750e+01,8.807051849365234375e+01,4.457326507568359375e+01,1.280579948425292969e+01
3.455957275390625000e+03,9.624998474121093750e+01,9.443947601318359375e+01,1.555457973480224609e+01,1.232291030883789062e+01
2.874291259765625000e+03,8.023928070068359375e+01,8.817555236816406250e+01,2.530641365051269531e+01,1.446967697143554688e+01
3.108321044921875000e+03,8.662995147705078125e+01,9.343215942382812500e+01,6.058457565307617188e+01,1.448402976989746094e+01
2.162086425781250000e+03,6.039929199218750000e+01,8.778621673583984375e+01,9.921281433105468750e+01,1.430919361114501953e+01
2.403513916015625000e+03,6.763652801513671875e+01,8.680056762695312500e+01,1.598674201965332031e+01,1.434633731842041016e+01
1.283496459960937500e+03,3.597419738769531250e+01,9.030521392822265625e+01,2.392433166503906250e+01,1.419806003570556641e+01
2.360005126953125000e+03,6.655386352539062500e+01,8.597521972656250000e+01,3.090273094177246094e+01,1.361892509460449219e+01
8.867607421875000000e+02,2.439710426330566406e+01,8.924098968505859375e+01,2.390868186950683594e+01,1.330074501037597656e+01
1.197522460937500000e+03,3.409262084960937500e+01,8.668084716796875000e+01,9.591114044189453125e+01,1.288994407653808594e+01
2.730958251953125000e+03,7.735941314697265625e+01,8.861536407470703125e+01,8.131593322753906250e+01,1.279599761962890625e+01
3.494624511718750000e+03,9.719358062744140625e+01,9.186049652099609375e+01,8.564096069335937500e+01,1.219436168670654297e+01
1.518713256835937500e+03,4.297462081909179688e+01,8.925293731689453125e+01,2.108730792999267578e+00,1.335141563415527344e+01
1.392025146484375000e+03,3.921183776855468750e+01,8.545589447021484375e+01,5.311476516723632812e+01,1.385384845733642578e+01
2.308751220703125000e+03,6.359282684326171875e+01,8.517842102050781250e+01,7.252578735351562500e+01,1.242876720428466797e+01
3.242200195312500000e+03,9.105968475341796875e+01,9.037474822998046875e+01,3.351612472534179688e+01,1.396240234375000000e+01
1.962444702148437500e+03,5.592394256591796875e+01,8.875492858886718750e+01,1.372098064422607422e+01,1.288145542144775391e+01
2.109249023437500000e+03,5.896123123168945312e+01,8.996691894531250000e+01,5.663533782958984375e+01,1.227080631256103516e+01
1.897985717773437500e+03,5.265512084960937500e+01,8.839861297607421875e+01,9.114798736572265625e+01,1.232698535919189453e+01
2.086552978515625000e+03,5.988060379028320312e+01,9.346671295166015625e+01,3.991952896118164062e+01,1.208779239654541016e+01
2.045868774414062500e+03,5.797496795654296875e+01,9.359178161621093750e+01,2.973295211791992188e+01,1.252548122406005859e+01
2.491719726562500000e+03,6.930963134765625000e+01,9.378472137451171875e+01,9.242897796630859375e+01,1.405403327941894531e+01
2.436935058593750000e+03,6.847350311279296875e+01,9.390868377685546875e+01,9.362140655517578125e+00,1.284650135040283203e+01
2.065251220703125000e+03,5.831041336059570312e+01,9.419974517822265625e+01,4.866721343994140625e+01,1.353581333160400391e+01
1.459500488281250000e+03,4.042973327636718750e+01,9.128231048583984375e+01,9.995471954345703125e+00,1.217998981475830078e+01
2.889350830078125000e+03,8.068943786621093750e+01,9.012731933593750000e+01,4.329724884033203125e+01,1.208960723876953125e+01
1.289174926757812500e+03,3.596341705322265625e+01,9.421805572509765625e+01,2.337046623229980469e+01,1.418528938293457031e+01
3.164376464843750000e+03,8.826658630371093750e+01,9.100070953369140625e+01,6.862741088867187500e+01,1.361615657806396484e+01
3.116602539062500000e+03,8.690911865234375000e+01,9.478707885742187500e+01,9.940564727783203125e+01,1.398424530029296875e+01
3.998291503906250000e+03,1.123981399536132812e+02,9.396591949462890625e+01,6.222891235351562500e+01,1.330697822570800781e+01
3.618708984375000000e+03,1.007059783935546875e+02,9.292466735839843750e+01,2.629140663146972656e+01,1.230511951446533203e+01
1.724826538085937500e+03,4.849522018432617188e+01,8.809999847412109375e+01,7.593116760253906250e+01,1.414963531494140625e+01
1.006149658203125000e+03,2.762488174438476562e+01,8.751935577392578125e+01,2.549016952514648438e+01,1.336809539794921875e+01
2.695291259765625000e+03,7.571271514892578125e+01,8.575510406494140625e+01,8.933737945556640625e+01,1.356376266479492188e+01
3.479627197265625000e+03,9.691354370117187500e+01,9.382077789306640625e+01,7.975171661376953125e+01,1.417421054840087891e+01
3.341580810546875000e+03,9.367708587646484375e+01,8.936053466796875000e+01,1.683417129516601562e+01,1.441126251220703125e+01
3.443806884765625000e+03,9.648520660400390625e+01,8.884428405761718750e+01,6.419257354736328125e+01,1.414340019226074219e+01
1.573901123046875000e+03,4.446222305297851562e+01,9.289839935302734375e+01,8.073780059814453125e+01,1.410535812377929688e+01
2.001401123046875000e+03,5.633475112915039062e+01,9.259809112548828125e+01,9.777310943603515625e+01,1.323405456542968750e+01
3.238500000000000000e+03,9.056056976318359375e+01,8.568225097656250000e+01,2.801853179931640625e+01,1.241357326507568359e+01
2.849405517578125000e+03,8.029581451416015625e+01,9.388058471679687500e+01,8.117523956298828125e+01,1.287390899658203125e+01
3.843521728515625000e+03,1.071784057617187500e+02,9.304199218750000000e+01,8.319802093505859375e+01,1.224608707427978516e+01
1.084388061523437500e+03,2.983929443359375000e+01,8.814216613769531250e+01,3.014254760742187500e+01,1.248360157012939453e+01
1.422843872070312500e+03,4.010578155517578125e+01,8.543803405761718750e+01,1.542894935607910156e+01,1.370762252807617188e+01
3.286730712890625000e+03,9.217079925537109375e+01,9.223805236816406250e+01,9.185137748718261719e+00,1.381264591217041016e+01
3.463640380859375000e+03,9.756297302246093750e+01,9.177542877197265625e+01,8.475032043457031250e+01,1.432562351226806641e+01
2.854058837890625000e+03,7.966825866699218750e+01,9.299308013916015625e+01,6.936986541748046875e+01,1.444484901428222656e+01
2.748551269531250000e+03,7.677943420410156250e+01,8.915377807617187500e+01,2.462142753601074219e+01,1.269254398345947266e+01
1.878357177734375000e+03,5.287477111816406250e+01,9.130646514892578125e+01,9.398720550537109375e+01,1.440315151214599609e+01
1.994930175781250000e+03,8.551343679428100586e-01,9.113735198974609375e+01,3.855235290527343750e+01,1.401907730102539062e+01
1.782032836914062500e+03,5.056208038330078125e+01,9.490151977539062500e+01,1.786756706237792969e+01,1.236945724487304688e+01
2.675291503906250000e+03,7.457602691650390625e+01,9.425388336181640625e+01,1.384183883666992188e+01,1.251016139984130859e+01
2.737893310546875000e+03,7.630907440185546875e+01,8.942908477783203125e+01,3.117714500427246094e+01,1.360411453247070312e+01
2.717315673828125000e+03,7.671794891357421875e+01,9.047428131103515625e+01,7.876934814453125000e+01,1.279716873168945312e+01
1.028174560546875000e+03,2.975035858154296875e+01,8.574057769775390625e+01,1.325420856475830078e+01,1.406813621520996094e+01
3.248078125000000000e+03,9.070030975341796875e+01,8.716622161865234375e+01,6.889014434814453125e+01,1.427449131011962891e+01
1.338693115234375000e+03,3.873912048339843750e+01,9.080554199218750000e+01,2.616631126403808594e+01,1.401343536376953125e+01
2.980254394531250000e+03,8.308281707763671875e+01,8.675462341308593750e+01,8.119882202148437500e+01,1.266177940368652344e+01
1.443854370117187500e+03,4.048957824707031250e+01,8.646539306640625000e+01,5.527510452270507812e+01,1.382337570190429688e+01
3.058361816406250000e+03,8.637670898437500000e+01,9.158570861816406250e+01,7.531092071533203125e+01,1.243331718444824219e+01
3.131142089843750000e+03,8.729966735839843750e+01,8.504857635498046875e+01,7.294950866699218750e+01,1.437218475341796875e+01
7.342132324218750000e+03,5.350750350952148438e+01,8.762129211425781250e+01,8.221474456787109375e+01,1.323465061187744141e+01
1.211317626953125000e+03,3.376683425903320312e+01,8.724234008789062500e+01,2.608107376098632812e+01,1.203553295135498047e+01
2.191060791015625000e+03,6.097488784790039062e+01,9.419243621826171875e+01,4.831790924072265625e+01,1.395280170440673828e+01
2.921311035156250000e+03,8.198612976074218750e+01,8.826546478271484375e+01,1.978098487854003906e+01,1.394537830352783203e+01
2.446431884765625000e+03,6.812258148193359375e+01,8.900670623779296875e+01,8.179663085937500000e+01,1.369375228881835938e+01
1.181416625976562500e+03,3.306387329101562500e+01,9.216926574707031250e+01,4.772204208374023438e+01,1.272052097320556641e+01
3.198138916015625000e+03,9.020850372314453125e+01,9.003387451171875000e+01,1.137909889221191406e+01,1.254088211059570312e+01
3.896297607421875000e+03,1.086969299316406250e+02,8.642103576660156250e+01,5.264600753784179688e+01,1.242494583129882812e+01
3.337666503906250000e+03,9.268003082275390625e+01,8.801256561279296875e+01,3.103625869750976562e+01,1.441691017150878906e+01
3.292130615234375000e+03,9.181006622314453125e+01,9.309351348876953125e+01,5.914773559570312500e+01,1.399330329895019531e+01
2.966538574218750000e+03,8.272617340087890625e+01,8.825592803955078125e+01,4.547152328491210938e+01,1.260683536529541016e+01
3.935190185546875000e+03,1.107141876220703125e+02,8.522387695312500000e+01,4.995094299316406250e+01,1.300356483459472656e+01
3.134982421875000000e+03,8.768200683593750000e+01,9.094702911376953125e+01,4.362465286254882812e+01,1.344754028320312500e+01
1.548288940429687500e+03,4.324450302124023438e+01,8.590319824218750000e+01,4.340190124511718750e+01,1.416491127014160156e+01
2.587368896484375000e+03,7.241655731201171875e+01,9.432391357421875000e+01,6.551438140869140625e+01,1.225758171081542969e+01
3.149077148437500000e+03,8.803768157958984375e+01,9.041168212890625000e+01,7.923276519775390625e+01,1.347778415679931641e+01
2.950040283203125000e+03,8.219187927246093750e+01,9.089624786376953125e+01,7.738497924804687500e+01,1.298177528381347656e+01
3.639753173828125000e+03,1.022663574218750000e+02,9.254090881347656250e+01,3.547253036499023438e+01,1.362149238586425781e+01
9.670150756835937500e+02,2.682361412048339844e+01,8.644877624511718750e+01,6.823816680908203125e+01,1.229988861083984375e+01
3.768538818359375000e+03,1.054210891723632812e+02,8.539559936523437500e+01,1.082494449615478516e+01,1.260062217712402344e+01
3.970791992187500000e+03,1.113162536621093750e+02,9.056485748291015625e+01,5.122890472412109375e+01,1.401861858367919922e+01
1.406308349609375000e+03,3.931966018676757812e+01,8.975704956054687500e+01,2.269093513488769531e+01,1.367453479766845703e+01
2.487666992187500000e+03,6.896743011474609375e+01,9.062996673583984375e+01,2.131215095520019531e+01,1.349863338470458984e+01
9.680365600585937500e+02,2.835791969299316406e+01,9.468478393554687500e+01,3.091497802734375000e+01,1.428116321563720703e+01
1.491489746093750000e+03,4.102214431762695312e+01,9.355433654785156250e+01,8.982358551025390625e+01,1.297478485107421875e+01
1.117784667968750000e+03,3.121735954284667969e+01,8.510478973388671875e+01,7.646384429931640625e+01,1.221229171752929688e+01
1.624986938476562500e+03,4.572199630737304688e+01,8.909982299804687500e+01,2.188566017150878906e+01,1.404014015197753906e+01
2.122345703125000000e+03,5.872101211547851562e+01,9.301674652099609375e+01,6.684611511230468750e+01,1.412513637542724609e+01
3.059018310546875000e+03,8.615997314453125000e+01,8.751393890380859375e+01,6.318421554565429688e+01,1.057607936859130859e+01
3.709227050781250000e+03,1.047175521850585938e+02,9.265447235107421875e+01,8.482105255126953125e+01,1.224569416046142578e+01
1.082887329101562500e+03,2.994476509094238281e+01,8.839736175537109375e+01,7.124447822570800781e+00,1.318826389312744141e+01
2.198886230468750000e+03,6.184038925170898438e+01,9.332260131835937500e+01,8.047643280029296875e+01,1.296869564056396484e+01
1.478254760742187500e+03,4.145664596557617188e+01,8.937989807128906250e+01,6.390136337280273438e+01,1.200577163696289062e+01
1.909854736328125000e+03,5.362581634521484375e+01,9.374980926513671875e+01,5.802401351928710938e+01,1.228317070007324219e+01
3.222333496093750000e+03,9.043999481201171875e+01,8.593379974365234375e+01,5.715152740478515625e+01,1.427257347106933594e+01
3.889834228515625000e+03,1.091815185546875000e+02,1.344762268066406250e+02,7.006548309326171875e+01,1.269135856628417969e+01
2.283947021484375000e+03,6.382680511474609375e+01,8.560741424560546875e+01,9.195153808593750000e+01,1.439179611206054688e+01
3.376482421875000000e+03,9.432743835449218750e+01,9.193661499023437500e+01,2.720796775817871094e+01,1.392382144927978516e+01
3.909528808593750000e+03,1.094042587280273438e+02,8.984074401855468750e+01,8.128173065185546875e+01,1.217582607269287109e+01
1.615271728515625000e+03,4.506805801391601562e+01,9.163315582275390625e+01,5.158594512939453125e+01,1.330791950225830078e+01
2.064035156250000000e+03,5.848416519165039062e+01,8.790196990966796875e+01,6.493792724609375000e+01,1.246056556701660156e+01
9.986082153320312500e+02,2.815529441833496094e+01,8.595140838623046875e+01,5.032829046249389648e-01,1.281772518157958984e+01
2.862341796875000000e+03,8.076885986328125000e+01,8.514109802246093750e+01,6.316081237792968750e+01,9.720541000366210938e+00
1.053547119140625000e+03,2.980296707153320312e+01,9.143079376220703125e+01,4.563109970092773438e+01,1.364923095703125000e+01
1.267809204101562500e+03,3.540651321411132812e+01,9.016793823242187500e+01,9.299934387207031250e+01,1.449537277221679688e+01
1.436848388671875000e+03,4.029181671142578125e+01,9.096049499511718750e+01,6.561373901367187500e+01,1.250676345825195312e+01
3.190754882812500000e+03,8.936802673339843750e+01,9.306944274902343750e+01,9.369072723388671875e+01,1.351633071899414062e+01
9.733505249023437500e+02,2.739536476135253906e+01,9.400252532958984375e+01,8.049468231201171875e+01,1.431855869293212891e+01
1.867582763671875000e+03,5.177772140502929688e+01,8.549049377441406250e+01,8.257697296142578125e+01,1.449324321746826172e+01
3.403481689453125000e+03,9.536653137207031250e+01,9.341116333007812500e+01,5.772493362426757812e+01,1.389119529724121094e+01
3.180207031250000000e+03,8.971759033203125000e+01,9.239390563964843750e+01,9.470921325683593750e+01,1.324564933776855469e+01
3.430643066406250000e+03,9.606307220458984375e+01,9.068024444580078125e+01,1.666601371765136719e+01,1.293936729431152344e+01
3.707576904296875000e+03,1.049115753173828125e+02,9.126816558837890625e+01,4.274291992187500000e+01,1.327581501007080078e+01
1.862921752929687500e+03,5.246495437622070312e+01,8.711772155761718750e+01,9.000139236450195312e+00,1.230027675628662109e+01
1.599366699218750000e+03,4.535839080810546875e+01,9.368991851806640625e+01,7.377548980712890625e+01,1.234286117553710938e+01
1.429625854492187500e+03,3.980330276489257812e+01,9.205162048339843750e+01,9.688137054443359375e+01,1.441394805908203125e+01
3.702676269531250000e+03,1.040868148803710938e+02,9.147071838378906250e+01,3.423624420166015625e+01,1.302039146423339844e+01
2.645714843750000000e+03,7.370739746093750000e+01,9.344997406005859375e+01,8.190881347656250000e+01,1.405881595611572266e+01
3.075707763671875000e+03,8.610711669921875000e+01,9.425424194335937500e+01,2.082748794555664062e+01,1.248959541320800781e+01
3.305205810546875000e+03,9.249509429931640625e+01,8.968998718261718750e+01,1.072972583770751953e+01,1.347908020019531250e+01
3.746349365234375000e+03,1.053353958129882812e+02,8.728843688964843750e+01,8.804527282714843750e+01,1.234729480743408203e+01
6.759104980468750000e+03,3.827449417114257812e+01,9.308588409423828125e+01,7.395251464843750000e+01,1.313333034515380859e+01
6.887402832031250000e+03,6.865746307373046875e+01,8.980409240722656250e+01,5.781776428222656250e+01,1.359728908538818359e+01
3.986690917968750000e+03,1.118743972778320312e+02,9.216934967041015625e+01,6.880677795410156250e+01,1.243535709381103516e+01
3.881307617187500000e+03,1.079577713012695312e+02,9.067972564697265625e+01,3.412874984741210938e+01,1.361585044860839844e+01
1.083558349609375000e+03,3.142469596862792969e+01,9.453936767578125000e+01,4.422136306762695312e+01,1.330983829498291016e+01
8.914949951171875000e+02,2.547301101684570312e+01,9.447576141357421875e+01,4.402328109741210938e+01,1.427971839904785156e+01
2.177607421875000000e+03,6.041039657592773438e+01,9.366841888427734375e+01,3.460008621215820312e+01,1.430735874176025391e+01
1.818835937500000000e+03,5.083274841308593750e+01,9.159327697753906250e+01,9.728080749511718750e+01,1.313924217224121094e+01
2.018115234375000000e+03,5.617808151245117188e+01,9.213822174072265625e+01,8.934155464172363281e+00,1.412208271026611328e+01
2.377290039062500000e+03,6.635693359375000000e+01,9.392774963378906250e+01,7.115031433105468750e+01,1.301080799102783203e+01
3.571084716796875000e+03,1.000131530761718750e+02,9.327436828613281250e+01,5.653690338134765625e+00,1.274529743194580078e+01
2.947124267578125000e+03,8.216742706298828125e+01,8.560662078857421875e+01,3.177031135559082031e+01,1.273196601867675781e+01
1.850370605468750000e+03,5.221105575561523438e+01,8.608717346191406250e+01,6.289124011993408203e+00,1.363044643402099609e+01
3.574776855468750000e+03,9.963162231445312500e+01,9.052749633789062500e+01,2.373155975341796875e+01,1.369528007507324219e+01
1.282381347656250000e+03,3.632064819335937500e+01,8.897950744628906250e+01,2.457846832275390625e+01,1.449722862243652344e+01
3.216951904296875000e+03,8.987677764892578125e+01,9.060517120361328125e+01,9.448686218261718750e+01,1.211567974090576172e+01
3.007801025390625000e+03,8.372544097900390625e+01,9.236945343017578125e+01,7.232328033447265625e+01,1.448580169677734375e+01
2.403869140625000000e+03,6.763674926757812500e+01,9.435550689697265625e+01,4.003162384033203125e-01,1.235799217224121094e+01
1.650783935546875000e+03,4.687156295776367188e+01,9.278750610351562500e+01,7.168901824951171875e+01,1.312340354919433594e+01
1.779594482421875000e+03,4.983758544921875000e+01,9.423313903808593750e+01,1.716958045959472656e+01,1.400182151794433594e+01
3.283399658203125000e+03,9.151593017578125000e+01,9.379483795166015625e+01,1.711756706237792969e+01,1.374818515777587891e+01
1.540411621093750000e+03,4.272382736206054688e+01,8.530925750732421875e+01,9.808177947998046875e+01,1.399843406677246094e+01
2.977701171875000000e+03,8.306958007812500000e+01,8.946281433105468750e+01,2.254478263854980469e+01,1.340709781646728516e+01
1.033791259765625000e+03,2.975863647460937500e+01,9.175292968750000000e+01,4.947958755493164062e+01,1.052207565307617188e+01
2.117898925781250000e+03,5.946159744262695312e+01,9.423346710205078125e+01,2.458755874633789062e+01,1.382453823089599609e+01
8.486083374023437500e+02,2.404129791259765625e+01,8.695277404785156250e+01,7.693299865722656250e+01,1.423009872436523438e+01
3.159901855468750000e+03,8.838910675048828125e+01,8.897220611572265625e+01,6.584496307373046875e+01,1.427268409729003906e+01
1.445702758789062500e+03,4.115647125244140625e+01,9.130011749267578125e+01,8.511311340332031250e+01,1.238803291320800781e+01
3.154335205078125000e+03,8.876560974121093750e+01,8.900849151611328125e+01,5.295879840850830078e-01,1.276985073089599609e+01
2.378527832031250000e+03,6.620549774169921875e+01,8.743667602539062500e+01,8.435884094238281250e+01,1.359397220611572266e+01
2.915257080078125000e+03,8.179291534423828125e+01,9.052524566650390625e+01,2.431988716125488281e+01,1.204112911224365234e+01
1.623591430664062500e+03,4.544654846191406250e+01,8.651802062988281250e+01,3.519299316406250000e+01,1.341447544097900391e+01
1.548748168945312500e+03,4.260815048217773438e+01,8.608475494384765625e+01,1.291454505920410156e+01,1.343325519561767578e+01
3.388980957031250000e+03,9.489832305908203125e+01,8.919502258300781250e+01,3.631446075439453125e+01,1.344946098327636719e+01
3.161087402343750000e+03,8.870805358886718750e+01,9.489636993408203125e+01,5.839250564575195312e+01,1.376068496704101562e+01
3.772206054687500000e+03,1.055043029785156250e+02,9.401268768310546875e+01,4.310529327392578125e+01,1.389136219024658203e+01
9.484913940429687500e+02,2.701679992675781250e+01,9.425862884521484375e+01,9.497451782226562500e+01,1.447975158691406250e+01
1.620493408203125000e+03,4.444568252563476562e+01,8.724291229248046875e+01,6.055606007575988770e-01,1.213603210449218750e+01
1.465398803710937500e+03,4.061544418334960938e+01,8.557767486572265625e+01,1.600061798095703125e+01,1.073465061187744141e+01
3.992890136718750000e+03,1.111263504028320312e+02,8.712068176269531250e+01,3.838593292236328125e+01,1.311464118957519531e+01
1.558679931640625000e+03,4.334786605834960938e+01,8.613138580322265625e+01,6.995528221130371094e+00,1.327031612396240234e+01
1.688280395507812500e+03,4.730945205688476562e+01,8.869224548339843750e+01,7.025781250000000000e+01,1.373008537292480469e+01
2.210708251953125000e+03,6.179542922973632812e+01,8.924455261230468750e+01,5.651542663574218750e+01,1.418276023864746094e+01
3.988816894531250000e+03,1.114560470581054688e+02,9.018770599365234375e+01,4.792733764648437500e+01,1.399608039855957031e+01
2.271938476562500000e+03,6.326538085937500000e+01,8.793247985839843750e+01,8.846337890625000000e+01,1.395285987854003906e+01
3.198447998046875000e+03,8.888425445556640625e+01,8.960980987548828125e+01,6.425258636474609375e+01,1.429666137695312500e+01
3.101389648437500000e+03,8.621432495117187500e+01,8.591259765625000000e+01,1.992823410034179688e+01,1.261935615539550781e+01
2.466151611328125000e+03,6.874620056152343750e+01,8.521611785888671875e+01,8.262919616699218750e+01,1.424040222167968750e+01
2.949761718750000000e+03,8.313155364990234375e+01,9.168820190429687500e+01,9.410550689697265625e+01,1.318271160125732422e+01
9.697036132812500000e+02,2.786743927001953125e+01,9.189752197265625000e+01,1.758497428894042969e+01,1.255231952667236328e+01
2.868160644531250000e+03,6.279051303863525391e-01,8.672107696533203125e+01,1.286763381958007812e+01,1.205536556243896484e+01
2.799599121093750000e+03,7.881482696533203125e+01,9.125529479980468750e+01,5.634166336059570312e+01,1.378897190093994141e+01
2.885550292968750000e+03,8.113529968261718750e+01,8.826881408691406250e+01,9.472710418701171875e+01,1.415156364440917969e+01
3.408048828125000000e+03,9.497888946533203125e+01,8.915556335449218750e+01,8.637368011474609375e+01,1.422183799743652344e+01
3.270161376953125000e+03,9.131266784667968750e+01,8.779422760009765625e+01,7.543929290771484375e+01,1.329436779022216797e+01
1.535070312500000000e+03,4.317234039306640625e+01,9.183317565917968750e+01,9.902880859375000000e+01,1.398385524749755859e+01
3.162609619140625000e+03,8.890545654296875000e+01,9.381833648681640625e+01,3.125794219970703125e+01,1.358094406127929688e+01
3.578334716796875000e+03,9.985594940185546875e+01,8.676619720458984375e+01,1.953963661193847656e+01,1.396376609802246094e+01
2.556377441406250000e+03,7.160457611083984375e+01,9.494343566894531250e+01,8.143293762207031250e+01,1.321617794036865234e+01
3.501968017578125000e+03,9.811495971679687500e+01,9.170793151855468750e+01,4.781544685363769531e+00,1.408977222442626953e+01
1.836087280273437500e+03,5.156396865844726562e+01,8.915297698974609375e+01,8.949092864990234375e+01,1.233842658996582031e+01
2.333856933593750000e+03,6.590047454833984375e+01,8.936116790771484375e+01,1.378564834594726562e+01,1.446670818328857422e+01
3.833447509765625000e+03,1.082129135131835938e+02,8.670346069335937500e+01,5.499223327636718750e+01,1.079029941558837891e+01
2.063821777343750000e+03,5.817704772949218750e+01,8.535969543457031250e+01,6.766912078857421875e+01,1.395496177673339844e+01
2.112616699218750000e+03,5.919896316528320312e+01,9.151149749755859375e+01,9.205582427978515625e+01,1.399254131317138672e+01
1.452065917968750000e+03,4.036910629272460938e+01,8.853015136718750000e+01,1.344419670104980469e+01,1.231645488739013672e+01
1.052513183593750000e+03,2.991556739807128906e+01,8.693070983886718750e+01,6.976145935058593750e+01,1.096636390686035156e+01
2.814673339843750000e+03,7.915905761718750000e+01,9.298168182373046875e+01,5.677561187744140625e+01,1.234389114379882812e+01
3.778203857421875000e+03,1.048544769287109375e+02,8.708377075195312500e+01,2.984784698486328125e+01,1.406447601318359375e+01
2.036744628906250000e+03,5.696060943603515625e+01,8.878157806396484375e+01,2.711929321289062500e+01,1.352473163604736328e+01
2.769653320312500000e+03,7.753582763671875000e+01,9.396607208251953125e+01,1.562739753723144531e+01,1.427448368072509766e+01
2.419874267578125000e+03,6.759413146972656250e+01,8.843199157714843750e+01,4.427878189086914062e+01,1.346844005584716797e+01
3.697975585937500000e+03,1.034537353515625000e+02,9.147899627685546875e+01,4.049895286560058594e+00,1.323913478851318359e+01
2.908307617187500000e+03,8.146071624755859375e+01,9.011173248291015625e+01,5.438197612762451172e+00,1.274878120422363281e+01
2.902902343750000000e+03,8.053557586669921875e+01,9.124008178710937500e+01,2.648748779296875000e+01,1.210279560089111328e+01
1.408288452148437500e+03,3.964952850341796875e+01,8.956623077392578125e+01,6.632181549072265625e+01,1.415924739837646484e+01
2.341388427734375000e+03,6.566806030273437500e+01,8.765785980224609375e+01,7.099426269531250000e+01,1.279375362396240234e+01
3.769583740234375000e+03,1.060311508178710938e+02,8.996245574951171875e+01,9.621473693847656250e+01,1.303929328918457031e+01
2.289847656250000000e+03,6.360562133789062500e+01,8.583219909667968750e+01,2.923955154418945312e+01,1.352660942077636719e+01
3.286063232421875000e+03,9.335031127929687500e+01,8.660208129882812500e+01,4.889388275146484375e+01,1.410190677642822266e+01
1.435920166015625000e+03,4.062339782714843750e+01,9.287538146972656250e+01,1.143646907806396484e+01,1.267239379882812500e+01
9.740543212890625000e+02,2.695364952087402344e+01,8.678425598144531250e+01,5.692213058471679688e+01,1.423428440093994141e+01
2.232314941406250000e+03,6.291470336914062500e+01,9.006863403320312500e+01,4.645059967041015625e+01,1.329028415679931641e+01
1.778120361328125000e+03,5.021449279785156250e+01,8.728846740722656250e+01,2.148193740844726562e+01,1.355712699890136719e+01
3.065027587890625000e+03,8.674597930908203125e+01,9.040657043457031250e+01,8.189456176757812500e+01,1.360340595245361328e+01
9.389442138671875000e+02,2.612785720825195312e+01,9.063478851318359375e+01,6.809662628173828125e+01,1.341814422607421875e+01
1.534457885742187500e+03,4.194338607788085938e+01,8.723766326904296875e+01,6.484966278076171875e+01,1.218704986572265625e+01
3.404865234375000000e+03,9.500526428222656250e+01,8.522711944580078125e+01,9.004786491394042969e+00,1.380589866638183594e+01
3.628523193359375000e+03,1.022060089111328125e+02,9.192553710937500000e+01,3.743008804321289062e+01,1.285977077484130859e+01
8.789249877929687500e+02,2.477809906005859375e+01,9.404643249511718750e+01,7.039971160888671875e+01,1.201053142547607422e+01
2.054592041015625000e+03,5.647498321533203125e+01,9.251780700683593750e+01,3.138467788696289062e+01,1.268201065063476562e+01
1.427585083007812500e+03,4.074856567382812500e+01,8.556781005859375000e+01,3.992227172851562500e+01,1.414153766632080078e+01
3.193190673828125000e+03,8.893412780761718750e+01,9.198789978027343750e+01,3.778031158447265625e+01,1.349819850921630859e+01
2.143249267578125000e+03,5.908978652954101562e+01,8.596752929687500000e+01,2.327321434020996094e+01,1.409160232543945312e+01
2.015506835937500000e+03,5.701865768432617188e+01,8.732122039794921875e+01,6.478434753417968750e+01,1.265235042572021484e+01
1.700987060546875000e+03,4.746331405639648438e+01,9.046778106689453125e+01,6.408934020996093750e+01,1.435071563720703125e+01
1.778929199218750000e+03,2.579203546047210693e-01,8.842174530029296875e+01,8.212171936035156250e+01,1.315922737121582031e+01
2.063979003906250000e+03,5.768415832519531250e+01,9.086823272705078125e+01,4.948904800415039062e+01,1.253829288482666016e+01
2.970593994140625000e+03,8.393747711181640625e+01,9.016574859619140625e+01,6.039446640014648438e+01,1.299016284942626953e+01
2.430615966796875000e+03,6.787339782714843750e+01,8.899094390869140625e+01,9.286036682128906250e+01,1.293473625183105469e+01
3.512696044921875000e+03,9.826628112792968750e+01,9.116747283935546875e+01,4.096921920776367188e+01,1.248391532897949219e+01
3.552392089843750000e+03,9.937947082519531250e+01,8.611503601074218750e+01,7.035276794433593750e+01,1.307778167724609375e+01
2.013651000976562500e+03,5.563439941406250000e+01,8.638105010986328125e+01,2.368605995178222656e+01,1.207458019256591797e+01
2.060416748046875000e+03,5.754032135009765625e+01,9.019970703125000000e+01,4.702365875244140625e+01,1.353237247467041016e+01
3.305545166015625000e+03,9.335797119140625000e+01,9.132221221923828125e+01,7.472865295410156250e+01,1.439220046997070312e+01
1.194113891601562500e+03,3.328995513916015625e+01,9.056669616699218750e+01,2.341034317016601562e+01,1.355751419067382812e+01
9.586179809570312500e+02,2.678077888488769531e+01,9.346917724609375000e+01,3.632193756103515625e+01,1.373955059051513672e+01
2.554701660156250000e+03,7.123800659179687500e+01,9.213032531738281250e+01,1.824525070190429688e+01,1.321515655517578125e+01
1.849850341796875000e+03,5.254245758056640625e+01,8.612345123291015625e+01,2.174284362792968750e+01,1.426439285278320312e+01
3.698292968750000000e+03,1.038927536010742188e+02,9.103877258300781250e+01,1.015191841125488281e+01,1.223615646362304688e+01
2.110082275390625000e+03,5.880223464965820312e+01,9.240091705322265625e+01,6.741702270507812500e+01,1.368384647369384766e+01
9.268214721679687500e+02,2.544779014587402344e+01,8.640302276611328125e+01,6.399666309356689453e+00,1.279869174957275391e+01
3.634756591796875000e+03,1.016887435913085938e+02,9.448241424560546875e+01,4.576443099975585938e+01,1.446853542327880859e+01
2.240939453125000000e+03,6.273638534545898438e+01,9.342132568359375000e+01,3.905424499511718750e+01,1.345456123352050781e+01
2.646916748046875000e+03,7.476660156250000000e+01,8.838731384277343750e+01,3.176588821411132812e+01,1.311332035064697266e+01
1.079882568359375000e+03,3.025507736206054688e+01,8.514490509033203125e+01,5.094276046752929688e+01,1.293288993835449219e+01
3.284492675781250000e+03,9.236107635498046875e+01,8.907342529296875000e+01,7.698564147949218750e+01,1.448058986663818359e+01
2.687766845703125000e+03,7.557289886474609375e+01,9.058232116699218750e+01,6.658190155029296875e+01,1.268122291564941406e+01
2.355706542968750000e+03,6.651856994628906250e+01,8.742778778076171875e+01,5.418488311767578125e+01,1.364866828918457031e+01
3.651642822265625000e+03,1.018161697387695312e+02,9.107693481445312500e+01,1.125295829772949219e+01,1.226993083953857422e+01
2.360135742187500000e+03,6.518630218505859375e+01,9.143290710449218750e+01,9.190634918212890625e+01,1.313891124725341797e+01
1.035466674804687500e+03,2.795872688293457031e+01,8.563532257080078125e+01,2.245308113098144531e+01,1.406183815002441406e+01
2.198608642578125000e+03,6.160656356811523438e+01,8.945616149902343750e+01,5.268042755126953125e+01,1.393900966644287109e+01
1.566500366210937500e+03,4.456877517700195312e+01,9.202312469482421875e+01,8.011565399169921875e+01,1.302572822570800781e+01
3.515061279296875000e+03,9.969753265380859375e+01,8.542829895019531250e+01,6.369903945922851562e+01,1.237505912780761719e+01
2.089168212890625000e+03,5.773147583007812500e+01,9.176354980468750000e+01,5.917436218261718750e+01,1.404762554168701172e+01
1.378595825195312500e+03,3.786839294433593750e+01,9.327972412109375000e+01,3.496854782104492188e+01,1.390962696075439453e+01
2.498169189453125000e+03,6.928110504150390625e+01,9.411057281494140625e+01,5.184687042236328125e+01,1.313928508758544922e+01
2.854438232421875000e+03,8.041609954833984375e+01,9.325296020507812500e+01,8.612922668457031250e+01,1.286025142669677734e+01
1.982048706054687500e+03,5.551274108886718750e+01,9.461815643310546875e+01,5.496290588378906250e+01,1.349608135223388672e+01
1.271802734375000000e+03,3.471284103393554688e+01,9.154047393798828125e+01,1.363489532470703125e+01,1.221408462524414062e+01
9.619053344726562500e+02,2.709834098815917969e+01,8.525650787353515625e+01,7.884075927734375000e+01,1.263981723785400391e+01
2.851807373046875000e+03,7.960988616943359375e+01,8.763455963134765625e+01,3.291936874389648438e+01,1.261727333068847656e+01
1.394451660156250000e+03,3.884117507934570312e+01,8.968416595458984375e+01,2.594398307800292969e+01,1.211293315887451172e+01
2.124581787109375000e+03,5.998930740356445312e+01,9.260275268554687500e+01,5.643532943725585938e+01,1.327190208435058594e+01
3.297859619140625000e+03,9.182892608642578125e+01,8.760348510742187500e+01,3.224904251098632812e+01,1.260620689392089844e+01
2.832105224609375000e+03,7.922044372558593750e+01,8.556615447998046875e+01,6.693402767181396484e+00,1.404910564422607422e+01
3.189892578125000000e+03,8.990311431884765625e+01,9.149680328369140625e+01,4.095176696777343750e+01,1.207080173492431641e+01
2.005341186523437500e+03,5.536692428588867188e+01,8.962406921386718750e+01,8.705319213867187500e+01,1.388484668731689453e+01
1.355889160156250000e+03,3.746861648559570312e+01,8.543606567382812500e+01,1.571850395202636719e+01,1.260043334960937500e+01
2.709881835937500000e+03,7.552409362792968750e+01,8.831893920898437500e+01,5.985697937011718750e+01,1.290530586242675781e+01
1.478293945312500000e+03,4.201276016235351562e+01,8.847309875488281250e+01,6.097798156738281250e+01,1.266854476928710938e+01
2.300666015625000000e+03,6.433593750000000000e+01,8.776373291015625000e+01,6.350078582763671875e+00,1.376899719238281250e+01
3.704398681640625000e+03,1.038570098876953125e+02,9.133356475830078125e+01,4.116205596923828125e+01,1.281846046447753906e+01
1.182952148437500000e+03,3.164039611816406250e+01,9.458428955078125000e+01,9.954644775390625000e+01,1.393026256561279297e+01
2.058502441406250000e+03,5.752225494384765625e+01,8.666399383544921875e+01,9.747792482376098633e-01,1.299114322662353516e+01
3.594441894531250000e+03,1.004888229370117188e+02,8.993450164794921875e+01,1.713446426391601562e+01,1.412131595611572266e+01
2.676422363281250000e+03,7.461725616455078125e+01,8.883041381835937500e+01,7.925179290771484375e+01,1.422512435913085938e+01
1.805295654296875000e+03,5.060517883300781250e+01,8.766933441162109375e+01,8.596803283691406250e+01,1.350604248046875000e+01
2.049447265625000000e+03,5.774745559692382812e+01,8.517382812500000000e+01,9.221189880371093750e+01,1.339079761505126953e+01
2.647530273437500000e+03,7.405371093750000000e+01,9.342852783203125000e+01,6.827667999267578125e+01,1.200978755950927734e+01
2.227610595703125000e+03,6.191334533691406250e+01,8.550895690917968750e+01,4.039817047119140625e+01,1.395079708099365234e+01
2.122088623046875000e+03,5.942408752441406250e+01,8.668903350830078125e+01,7.715555572509765625e+01,1.394522762298583984e+01
3.514449218750000000e+03,9.792488861083984375e+01,9.030555725097656250e+01,8.278793334960937500e+01,1.418320560455322266e+01
2.972754150390625000e+03,8.360343170166015625e+01,9.475894927978515625e+01,6.845269775390625000e+01,1.245432376861572266e+01
1.123539672851562500e+03,3.176624679565429688e+01,8.981763458251953125e+01,5.643926620483398438e+01,1.445536041259765625e+01
1.401933471679687500e+03,3.861068344116210938e+01,9.203777313232421875e+01,2.043595504760742188e+01,1.223395729064941406e+01
2.137052734375000000e+03,5.976541137695312500e+01,9.464115905761718750e+01,1.172994327545166016e+01,1.417968845367431641e+01
1.867632080078125000e+03,5.297909927368164062e+01,9.007504272460937500e+01,8.226446533203125000e+01,1.232316493988037109e+01
1.520075561523437500e+03,4.239186477661132812e+01,8.942106628417968750e+01,2.687151527404785156e+01,1.372998332977294922e+01
3.400024902343750000e+03,9.507006072998046875e+01,8.751710510253906250e+01,5.059754943847656250e+01,1.225202846527099609e+01
2.699899902343750000e+03,7.546501159667968750e+01,8.535389709472656250e+01,7.271485137939453125e+01,1.252541255950927734e+01
3.810070800781250000e+03,1.068158264160156250e+02,9.299251556396484375e+01,1.045215249061584473e+00,1.320818424224853516e+01
8.838833007812500000e+02,2.416093063354492188e+01,8.651232910156250000e+01,5.104666519165039062e+01,1.262079048156738281e+01
1.903068725585937500e+03,5.338236236572265625e+01,8.694695281982421875e+01,6.255403518676757812e+01,1.392508220672607422e+01
2.525595703125000000e+03,7.032415008544921875e+01,9.004476165771484375e+01,1.401883220672607422e+01,1.222358989715576172e+01
1.962362182617187500e+03,5.572167587280273438e+01,9.031005859375000000e+01,3.783876037597656250e+01,1.320112323760986328e+01
2.503977050781250000e+03,7.059112548828125000e+01,9.138690185546875000e+01,8.265798187255859375e+01,1.349222183227539062e+01
3.300690673828125000e+03,9.240142822265625000e+01,8.512397003173828125e+01,5.097346496582031250e+01,1.326797485351562500e+01
2.412772705078125000e+03,-5.384768247604370117e-01,8.632426452636718750e+01,3.723650741577148438e+01,1.232618904113769531e+01
3.795805908203125000e+03,1.060885848999023438e+02,9.444691467285156250e+01,1.033068275451660156e+01,1.266736888885498047e+01
1.846008544921875000e+03,5.204643249511718750e+01,9.237977600097656250e+01,8.357467651367187500e+01,1.214640140533447266e+01
1.538173217773437500e+03,4.330736541748046875e+01,9.000209808349609375e+01,7.560931396484375000e+01,1.412432575225830078e+01
1.210041381835937500e+03,3.467726898193359375e+01,9.125478363037109375e+01,1.088171768188476562e+01,1.440053176879882812e+01
2.789228759765625000e+03,7.754658508300781250e+01,9.293935394287109375e+01,9.114232635498046875e+01,1.220128917694091797e+01
2.057200683593750000e+03,5.755826187133789062e+01,1.243615722656250000e+02,6.968130588531494141e+00,1.210478591918945312e+01
2.598603515625000000e+03,7.254419708251953125e+01,8.570963287353515625e+01,2.661094474792480469e+01,1.354591178894042969e+01
3.010992187500000000e+03,8.522238159179687500e+01,8.853343963623046875e+01,2.581818580627441406e+01,1.293259811401367188e+01
3.704793945312500000e+03,1.036930465698242188e+02,8.835724639892578125e+01,7.659912872314453125e+01,1.015958786010742188e+01
3.353867919921875000e+03,9.397625732421875000e+01,8.964626312255859375e+01,3.316013717651367188e+01,1.425171089172363281e+01
3.300599365234375000e+03,9.299163055419921875e+01,9.003228759765625000e+01,1.182417297363281250e+01,1.306698608398437500e+01
3.597805908203125000e+03,1.009311218261718750e+02,9.061489105224609375e+01,7.919744110107421875e+01,1.395956039428710938e+01
1.663602050781250000e+03,4.642931747436523438e+01,8.594685363769531250e+01,7.627067089080810547e+00,1.388292121887207031e+01
1.616445312500000000e+03,4.492057800292968750e+01,8.585932159423828125e+01,1.606903839111328125e+01,1.309579372406005859e+01
3.475687988281250000e+03,9.689608764648437500e+01,9.331671905517578125e+01,3.967432403564453125e+01,1.214134120941162109e+01
2.555688232421875000e+03,7.145753479003906250e+01,9.432502746582031250e+01,7.037682831287384033e-02,1.425234985351562500e+01
2.001790893554687500e+03,5.527960586547851562e+01,8.581264495849609375e+01,4.346043014526367188e+01,1.245681953430175781e+01
1.607796142578125000e+03,4.490780639648437500e+01,9.264803314208984375e+01,8.767108154296875000e+01,1.425410461425781250e+01
1.450367187500000000e+03,4.049769592285156250e+01,9.254350280761718750e+01,7.538753509521484375e+01,1.203803634643554688e+01
2.892849121093750000e+03,8.139208984375000000e+01,8.845226287841796875e+01,5.145516967773437500e+01,1.229082012176513672e+01
2.874524169921875000e+03,8.149561309814453125e+01,9.028330230712890625e+01,9.547949981689453125e+01,1.427724456787109375e+01
2.528156005859375000e+03,7.045073699951171875e+01,9.308038330078125000e+01,9.933131408691406250e+01,1.319752502441406250e+01
2.883940185546875000e+03,8.065300750732421875e+01,8.849654388427734375e+01,2.816570520401000977e+00,1.310456466674804688e+01
2.374683105468750000e+03,6.695016479492187500e+01,9.337110137939453125e+01,1.703370666503906250e+01,1.302655315399169922e+01
1.029921020507812500e+03,2.888550949096679688e+01,8.981591796875000000e+01,9.216849517822265625e+01,1.323376655578613281e+01
8.665178222656250000e+02,2.498975944519042969e+01,9.300199890136718750e+01,3.402582168579101562e+01,1.237458229064941406e+01
2.068968750000000000e+03,5.803347778320312500e+01,8.745980834960937500e+01,4.916103363037109375e+01,1.401454257965087891e+01
3.061885253906250000e+03,8.442668914794921875e+01,8.795059967041015625e+01,7.890532684326171875e+01,1.338889598846435547e+01
1.438772827148437500e+03,4.122953796386718750e+01,8.890557098388671875e+01,5.341503906250000000e+01,1.294200515747070312e+01
8.163600463867187500e+02,2.338085556030273438e+01,8.878492736816406250e+01,6.300020599365234375e+01,1.426743507385253906e+01
1.472975830078125000e+03,4.069271850585937500e+01,9.017359161376953125e+01,5.400405502319335938e+01,1.311004638671875000e+01
1.587762573242187500e+03,4.422710418701171875e+01,9.343443298339843750e+01,4.909306716918945312e+01,1.286613464355468750e+01
1.604611572265625000e+03,4.447210311889648438e+01,9.392416381835937500e+01,2.390872383117675781e+01,1.279899597167968750e+01
1.016446594238281250e+03,2.811442756652832031e+01,9.453977966308593750e+01,9.686504364013671875e+01,1.441853332519531250e+01
1.764283325195312500e+03,4.908094024658203125e+01,9.134466552734375000e+01,2.734290838241577148e+00,1.327830791473388672e+01
3.877208740234375000e+03,1.085396575927734375e+02,8.770162200927734375e+01,8.109864807128906250e+01,1.430705928802490234e+01
1.272770263671875000e+03,3.607221603393554688e+01,8.615045166015625000e+01,6.291721725463867188e+01,1.225772190093994141e+01
3.416212646484375000e+03,9.544853973388671875e+01,8.711063385009765625e+01,7.696847534179687500e+01,1.209445571899414062e+01
3.398207519531250000e+03,9.583819580078125000e+01,9.493648529052734375e+01,3.761586761474609375e+01,1.374815559387207031e+01
1.738958740234375000e+03,4.855475234985351562e+01,8.692266082763671875e+01,2.774339866638183594e+01,1.216250801086425781e+01
1.443282714843750000e+03,4.154426193237304688e+01,9.130792236328125000e+01,9.660754394531250000e+01,1.210644721984863281e+01
3.925415527343750000e+03,1.100344009399414062e+02,9.229644775390625000e+01,7.729734802246093750e+01,1.288079261779785156e+01
1.308700927734375000e+03,3.739485168457031250e+01,9.100464630126953125e+01,9.798540496826171875e+01,1.296458911895751953e+01
2.473889648437500000e+03,6.848532104492187500e+01,9.295232391357421875e+01,9.606262969970703125e+01,1.380459117889404297e+01
3.591131103515625000e+03,1.002378692626953125e+02,9.171699523925781250e+01,3.382848358154296875e+01,1.369547653198242188e+01
1.070944213867187500e+03,2.972395515441894531e+01,8.740489959716796875e+01,2.826877403259277344e+01,1.245449066162109375e+01
3.827460205078125000e+03,1.072965621948242188e+02,8.606644439697265625e+01,5.193252563476562500e+01,1.208737850189208984e+01
1.400312988281250000e+03,3.885473251342773438e+01,9.080424499511718750e+01,6.117579650878906250e+01,1.329200363159179688e+01
2.577231445312500000e+03,7.138719940185546875e+01,9.031031036376953125e+01,4.142690277099609375e+01,1.332257270812988281e+01
2.472425292968750000e+03,7.001427459716796875e+01,8.688181304931640625e+01,7.778749847412109375e+01,1.405839729309082031e+01
1.392414428710937500e+03,3.800185012817382812e+01,8.930493927001953125e+01,6.045621490478515625e+01,1.327386283874511719e+01
1.786666259765625000e+03,5.001531219482421875e+01,9.050239562988281250e+01,7.050282287597656250e+01,1.217482948303222656e+01
1.772640258789062500e+03,4.945956802368164062e+01,8.936717224121093750e+01,2.145846748352050781e+01,1.302132129669189453e+01
3.847314941406250000e+03,1.084539031982421875e+02,8.881410217285156250e+01,3.891082048416137695e+00,1.350068283081054688e+01
2.537728759765625000e+03,7.118275451660156250e+01,9.302824401855468750e+01,4.099576950073242188e+00,1.419818973541259766e+01
2.617665283203125000e+03,7.372467041015625000e+01,8.975652313232421875e+01,1.917719650268554688e+01,1.359960842132568359e+01
3.816700927734375000e+03,1.065168762207031250e+02,9.496997070312500000e+01,1.564759159088134766e+01,1.200892162322998047e+01
2.557663574218750000e+03,7.174297332763671875e+01,9.102640533447265625e+01,5.548598766326904297e+00,1.242154693603515625e+01
3.318411376953125000e+03,9.269430541992187500e+01,8.989732360839843750e+01,5.694421768188476562e+01,1.329102134704589844e+01
1.422514160156250000e+03,4.010172653198242188e+01,9.343547058105468750e+01,2.022712898254394531e+01,1.095385074615478516e+01
2.189917480468750000e+03,6.136499023437500000e+01,9.306398773193359375e+01,3.084596252441406250e+01,1.432310581207275391e+01
2.562520751953125000e+03,7.146871948242187500e+01,9.031948089599609375e+01,5.463719844818115234e+00,1.228092479705810547e+01
9.470823974609375000e+02,2.722936058044433594e+01,9.211408996582031250e+01,1.843780279159545898e+00,1.309794616699218750e+01
2.062163085937500000e+03,5.678367233276367188e+01,8.605942535400390625e+01,2.257751846313476562e+01,1.410174083709716797e+01
1.692355102539062500e+03,4.635567855834960938e+01,8.704421997070312500e+01,4.995753860473632812e+01,1.330371761322021484e+01
3.250365234375000000e+03,9.130757141113281250e+01,8.901699066162109375e+01,7.224777984619140625e+01,1.428784561157226562e+01
2.509352539062500000e+03,7.083489990234375000e+01,8.782331085205078125e+01,2.459201812744140625e+01,1.060772037506103516e+01
2.575822021484375000e+03,7.267666625976562500e+01,8.832585906982421875e+01,4.394055938720703125e+01,1.422203350067138672e+01
1.372466186523437500e+03,3.813675308227539062e+01,9.004685211181640625e+01,3.744716262817382812e+01,1.224334812164306641e+01
2.337944335937500000e+03,6.477378845214843750e+01,8.740225982666015625e+01,6.448191833496093750e+01,1.272329998016357422e+01
3.560725830078125000e+03,1.000642166137695312e+02,8.628162384033203125e+01,9.822308349609375000e+01,1.369184684753417969e+01
9.222053833007812500e+02,2.713854789733886719e+01,8.785857391357421875e+01,5.329642105102539062e+01,1.265286350250244141e+01
2.083380615234375000e+03,5.808343887329101562e+01,8.714327239990234375e+01,1.747553634643554688e+01,1.436084365844726562e+01
2.251577880859375000e+03,6.333392333984375000e+01,9.200175476074218750e+01,1.809698486328125000e+01,1.414492988586425781e+01
8.577442626953125000e+02,2.442715454101562500e+01,9.084070587158203125e+01,1.903425097465515137e+00,1.393552398681640625e+01
1.485856689453125000e+03,4.239962005615234375e+01,9.298299407958984375e+01,3.192989730834960938e+01,1.288437938690185547e+01
2.535380615234375000e+03,7.051016998291015625e+01,9.037239074707031250e+01,2.146785163879394531e+01,1.374619102478027344e+01
2.492926025390625000e+03,6.980553436279296875e+01,8.661869049072265625e+01,9.356638908386230469e+00,1.337418365478515625e+01
2.387172363281250000e+03,6.684013366699218750e+01,8.815667724609375000e+01,1.458201694488525391e+01,1.308857250213623047e+01
3.562263671875000000e+03,1.006625213623046875e+02,8.652241516113281250e+01,4.479022216796875000e+01,1.246426010131835938e+01
2.653631591796875000e+03,7.431681060791015625e+01,9.272995758056640625e+01,4.073326587677001953e+00,1.435697650909423828e+01
2.148393554687500000e+03,6.002101135253906250e+01,9.099527740478515625e+01,1.415148377418518066e-01,1.390477466583251953e+01
2.581082763671875000e+03,7.256430053710937500e+01,8.679298400878906250e+01,2.045698928833007812e+01,1.437241077423095703e+01
9.051765747070312500e+02,2.438653564453125000e+01,8.538722229003906250e+01,3.289436340332031250e+01,1.323872852325439453e+01
3.231562255859375000e+03,9.024385833740234375e+01,9.449238586425781250e+01,5.294141006469726562e+01,1.363605499267578125e+01
3.599747314453125000e+03,1.003808670043945312e+02,9.221029663085937500e+01,1.995427894592285156e+01,1.291552257537841797e+01
1.851898681640625000e+03,5.160995483398437500e+01,8.908366394042968750e+01,7.614795684814453125e+01,1.334232521057128906e+01
3.841054687500000000e+03,1.074444274902343750e+02,9.164762115478515625e+01,1.748157501220703125e+01,1.404363918304443359e+01
2.673786376953125000e+03,7.583349609375000000e+01,8.749461364746093750e+01,6.417540740966796875e+01,1.280281829833984375e+01
2.326388916015625000e+03,6.576444244384765625e+01,9.344767761230468750e+01,3.675083541870117188e+01,1.280170059204101562e+01
3.081215576171875000e+03,8.627048492431640625e+01,8.676848602294921875e+01,4.124298858642578125e+01,1.358710098266601562e+01
3.084019531250000000e+03,8.625859069824218750e+01,8.725467681884765625e+01,1.322938919067382812e+01,1.439313793182373047e+01
3.807429443359375000e+03,1.058817672729492188e+02,9.193505096435546875e+01,7.164270782470703125e+01,1.255287170410156250e+01
2.148643798828125000e+03,5.987928390502929688e+01,9.310906219482421875e+01,4.965061569213867188e+01,1.236711311340332031e+01
1.470977905273437500e+03,4.160329437255859375e+01,9.128088378906250000e+01,6.809667205810546875e+01,1.221959400177001953e+01
2.638296630859375000e+03,7.461071014404296875e+01,9.031656646728515625e+01,6.730407238006591797e+00,1.424320888519287109e+01
3.028417724609375000e+03,8.465339660644531250e+01,9.121545410156250000e+01,9.620204925537109375e+00,1.447412395477294922e+01
3.680035400390625000e+03,1.029478149414062500e+02,8.929882812500000000e+01,9.848229217529296875e+01,1.228263187408447266e+01
1.445447265625000000e+03,4.078650283813476562e+01,8.945749664306640625e+01,9.449405670166015625e+01,1.346363735198974609e+01
2.422447021484375000e+03,6.743595123291015625e+01,9.495868682861328125e+01,6.673841094970703125e+01,1.328482437133789062e+01
8.495748291015625000e+02,2.372122192382812500e+01,8.873441314697265625e+01,6.203763580322265625e+01,1.244913291931152344e+01
3.448030517578125000e+03,9.622803497314453125e+01,9.165917968750000000e+01,9.645415496826171875e+01,1.433527851104736328e+01
1.513646484375000000e+03,4.270166397094726562e+01,9.117086791992187500e+01,5.321275329589843750e+01,1.437964153289794922e+01
2.906219970703125000e+03,8.195941162109375000e+01,8.706091308593750000e+01,8.776348114013671875e+01,1.315370273590087891e+01
8.957534179687500000e+02,2.478645896911621094e+01,8.884500885009765625e+01,6.674391937255859375e+01,1.224409103393554688e+01
3.357551269531250000e+03,9.350830841064453125e+01,8.707025909423828125e+01,9.317022705078125000e+01,1.301050472259521484e+01
1.739492187500000000e+03,4.842819595336914062e+01,8.764321899414062500e+01,1.954997181892395020e+00,1.240182209014892578e+01
1.880475219726562500e+03,5.287305831909179688e+01,8.589634704589843750e+01,1.168968391418457031e+01,1.319895362854003906e+01
2.465170410156250000e+03,6.941860961914062500e+01,8.962612915039062500e+01,6.516705322265625000e+01,1.353522014617919922e+01
2.530225097656250000e+03,7.072126007080078125e+01,9.120437622070312500e+01,3.924558639526367188e+01,1.085265064239501953e+01
2.239754882812500000e+03,6.258177185058593750e+01,8.585616302490234375e+01,5.882426834106445312e+01,1.286188602447509766e+01
3.711352294921875000e+03,1.041366882324218750e+02,8.558718872070312500e+01,4.290988540649414062e+01,1.374579620361328125e+01
3.566929199218750000e+03,9.984690856933593750e+01,9.016977691650390625e+01,5.216321349143981934e-01,1.359276008605957031e+01
3.842597900390625000e+03,1.078186035156250000e+02,8.522577667236328125e+01,2.600132751464843750e+01,1.355432415008544922e+01
2.277817382812500000e+03,6.392987060546875000e+01,9.054399108886718750e+01,3.207155609130859375e+01,1.286432743072509766e+01
3.918689208984375000e+03,1.095471649169921875e+02,9.037437438964843750e+01,4.871154022216796875e+01,1.226821804046630859e+01
1.861597778320312500e+03,5.223946762084960938e+01,8.556912994384765625e+01,9.160262298583984375e+01,1.278025722503662109e+01
2.923587402343750000e+03,8.096709442138671875e+01,8.518160247802734375e+01,5.957137680053710938e+01,1.257820129394531250e+01
3.544749511718750000e+03,9.967839050292968750e+01,8.804878234863281250e+01,8.060022735595703125e+01,1.089833831787109375e+01
1.049743530273437500e+03,2.860110092163085938e+01,8.680114746093750000e+01,7.012808990478515625e+01,1.245964050292968750e+01
1.535334350585937500e+03,4.310507965087890625e+01,9.282656097412109375e+01,5.786954879760742188e+01,1.412108612060546875e+01
8.582269897460937500e+02,2.382725906372070312e+01,8.913850402832031250e+01,8.426644897460937500e+01,1.360576343536376953e+01
1.104676391601562500e+03,3.109241485595703125e+01,8.526908874511718750e+01,5.222523498535156250e+01,1.214582157135009766e+01
3.475601318359375000e+03,9.779323577880859375e+01,9.130254364013671875e+01,5.770474624633789062e+01,1.299908256530761719e+01
8.724927368164062500e+02,2.428215789794921875e+01,9.394918060302734375e+01,5.724895858764648438e+01,1.352104187011718750e+01
3.333704589843750000e+03,9.296768951416015625e+01,8.820773315429687500e+01,9.399806213378906250e+01,1.246573543548583984e+01
2.881461181640625000e+03,8.005811309814453125e+01,9.251338958740234375e+01,7.259989929199218750e+01,1.227631568908691406e+01
9.785817260742187500e+02,2.799623870849609375e+01,8.560733795166015625e+01,9.029556274414062500e+01,1.353071212768554688e+01
2.808135009765625000e+03,7.835793304443359375e+01,9.494256591796875000e+01,2.038818359375000000e+01,1.202584648132324219e+01
2.825336425781250000e+03,7.876070404052734375e+01,9.234893035888671875e+01,2.024045944213867188e+01,1.373699569702148438e+01
1.004005554199218750e+03,2.741371917724609375e+01,8.654419708251953125e+01,1.239003467559814453e+01,1.431570816040039062e+01
3.789543701171875000e+03,1.060689773559570312e+02,9.338278961181640625e+01,2.835875701904296875e+01,1.358480167388916016e+01
1.131059448242187500e+03,3.129241180419921875e+01,9.354512786865234375e+01,6.384832763671875000e+01,1.419742393493652344e+01
1.448929443359375000e+03,4.028911972045898438e+01,9.224816894531250000e+01,5.994268035888671875e+01,1.438287067413330078e+01
3.181781494140625000e+03,8.818769836425781250e+01,9.002635192871093750e+01,3.735979843139648438e+01,1.360819911956787109e+01
7.002934082031250000e+03,6.777201843261718750e+01,9.495215606689453125e+01,6.590180969238281250e+01,1.413705921173095703e+01
1.834316894531250000e+03,5.229081726074218750e+01,8.707595062255859375e+01,4.256951808929443359e+00,1.373113632202148438e+01
2.160822998046875000e+03,6.064669418334960938e+01,9.396296691894531250e+01,5.248588943481445312e+01,1.269191265106201172e+01
2.727942382812500000e+03,7.630902862548828125e+01,9.198547363281250000e+01,9.809809112548828125e+01,1.306189441680908203e+01
8.603250732421875000e+02,2.385689544677734375e+01,9.118074035644531250e+01,4.603955841064453125e+01,1.232661342620849609e+01
3.666891357421875000e+03,1.013608703613281250e+02,9.394289398193359375e+01,2.768032836914062500e+01,1.364608383178710938e+01
1.265859130859375000e+03,3.614611816406250000e+01,9.379251861572265625e+01,1.021669197082519531e+01,1.439575004577636719e+01
1.873663818359375000e+03,5.251686477661132812e+01,9.326815795898437500e+01,5.742125701904296875e+01,1.321155834197998047e+01
1.302748046875000000e+03,3.658383560180664062e+01,8.687389373779296875e+01,4.840982818603515625e+01,1.442597293853759766e+01
3.143638183593750000e+03,8.731100463867187500e+01,8.589298248291015625e+01,1.092071819305419922e+01,1.420070552825927734e+01
3.062220703125000000e+03,8.597371673583984375e+01,9.165406799316406250e+01,4.374548339843750000e+01,1.359824371337890625e+01
3.850464843750000000e+03,1.083316726684570312e+02,9.087137603759765625e+01,2.220553779602050781e+01,1.393725490570068359e+01
1.781868286132812500e+03,4.974256896972656250e+01,9.054298400878906250e+01,5.525479507446289062e+01,1.210465335845947266e+01
3.892150146484375000e+03,1.090228881835937500e+02,8.996979522705078125e+01,4.792226028442382812e+01,1.206619739532470703e+01
2.647484863281250000e+03,7.446031188964843750e+01,8.677786254882812500e+01,7.313938903808593750e+01,1.439398097991943359e+01
2.568516357421875000e+03,7.153065490722656250e+01,8.893771362304687500e+01,6.556066131591796875e+01,1.409006595611572266e+01
1.106279418945312500e+03,3.068170547485351562e+01,9.164512634277343750e+01,3.356517791748046875e+00,1.398549842834472656e+01
1.786006225585937500e+03,5.024417877197265625e+01,9.331362152099609375e+01,3.720037460327148438e+01,1.343958377838134766e+01
9.968861083984375000e+02,2.777252388000488281e+01,9.094536590576171875e+01,9.520304870605468750e+01,1.426617145538330078e+01
3.412342529296875000e+03,9.499267578125000000e+01,9.258299255371093750e+01,3.920424652099609375e+01,1.413550662994384766e+01
1.870795532226562500e+03,5.216713333129882812e+01,8.645697784423828125e+01,9.941156005859375000e+01,1.393010807037353516e+01
1.790761230468750000e+03,4.914369583129882812e+01,9.077390289306640625e+01,9.834222412109375000e+01,1.223660945892333984e+01
3.732309570312500000e+03,1.045410537719726562e+02,9.318943023681640625e+01,7.139443206787109375e+01,1.238517951965332031e+01
2.599730712890625000e+03,7.291288757324218750e+01,8.525051879882812500e+01,9.534147644042968750e+01,1.318462753295898438e+01
1.521463745117187500e+03,4.274147415161132812e+01,8.919874572753906250e+01,3.711577224731445312e+01,1.388583850860595703e+01
3.020721191406250000e+03,8.419973754882812500e+01,9.298649597167968750e+01,3.458430480957031250e+01,1.440816020965576172e+01
2.727382568359375000e+03,7.629984283447265625e+01,8.559496307373046875e+01,7.272886657714843750e+01,1.226391315460205078e+01
1.771994384765625000e+03,4.994618225097656250e+01,8.847554779052734375e+01,1.028072452545166016e+01,1.275517082214355469e+01
3.041947509765625000e+03,8.547562408447265625e+01,9.270477294921875000e+01,5.634023284912109375e+01,1.342332839965820312e+01
3.382153564453125000e+03,9.416484832763671875e+01,8.711602783203125000e+01,4.206644058227539062e+00,1.301187133789062500e+01
2.605757080078125000e+03,7.390224456787109375e+01,9.369625854492187500e+01,8.022745513916015625e+01,1.404642772674560547e+01
3.842644775390625000e+03,1.075381240844726562e+02,9.183281707763671875e+01,4.357407379150390625e+01,1.320999622344970703e+01
1.880147949218750000e+03,5.257407760620117188e+01,9.218760681152343750e+01,7.413613891601562500e+01,1.281801509857177734e+01
3.405220214843750000e+03,9.587104034423828125e+01,8.982124328613281250e+01,5.114655303955078125e+01,1.249396419525146484e+01
2.500445556640625000e+03,6.994802093505859375e+01,8.540425109863281250e+01,9.506602478027343750e+01,1.439107418060302734e+01
3.696324218750000000e+03,1.039485015869140625e+02,8.994917297363281250e+01,3.564433288574218750e+01,1.365532302856445312e+01
1.274126220703125000e+03,3.571780776977539062e+01,9.372566986083984375e+01,3.470598983764648438e+01,1.237205696105957031e+01
8.082515258789062500e+02,2.146267318725585938e+01,9.449232482910156250e+01,5.726218795776367188e+01,1.293234825134277344e+01
1.898787109375000000e+03,5.173581695556640625e+01,9.117914581298828125e+01,5.280598163604736328e+00,1.305708408355712891e+01
2.390690185546875000e+03,6.698232269287109375e+01,8.842687988281250000e+01,6.491015625000000000e+01,1.324424266815185547e+01
7.468632812500000000e+03,6.192528533935546875e+01,8.972941589355468750e+01,7.132746124267578125e+01,1.318259429931640625e+01
2.551444335937500000e+03,7.177433013916015625e+01,8.657346343994140625e+01,2.947327041625976562e+01,1.377507305145263672e+01
3.020104248046875000e+03,8.520381164550781250e+01,9.340419769287109375e+01,6.601872253417968750e+01,1.402786350250244141e+01
3.364741699218750000e+03,9.347167968750000000e+01,9.349408721923828125e+01,5.723194122314453125e+00,1.400240993499755859e+01
3.599292724609375000e+03,1.005457763671875000e+02,9.383703613281250000e+01,1.364613151550292969e+01,1.291210746765136719e+01
1.910461669921875000e+03,5.256695556640625000e+01,9.186065673828125000e+01,3.105882453918457031e+01,1.445759677886962891e+01
3.858621337890625000e+03,1.082715148925781250e+02,9.231163787841796875e+01,8.070011138916015625e+01,1.228377056121826172e+01
2.339593994140625000e+03,6.567002868652343750e+01,9.247990417480468750e+01,8.150730895996093750e+01,1.312060165405273438e+01
1.955583862304687500e+03,5.472475814819335938e+01,9.262619018554687500e+01,3.347078323364257812e+01,1.268779277801513672e+01
3.553823730468750000e+03,9.918488311767578125e+01,8.507507324218750000e+01,3.361299514770507812e+01,1.399377727508544922e+01
9.137207641601562500e+02,-1.251400113105773926e-01,8.669131469726562500e+01,3.739895248413085938e+01,1.289947891235351562e+01
6.907978027343750000e+03,5.221326065063476562e+01,8.612202453613281250e+01,6.652837371826171875e+01,1.434670066833496094e+01
2.629335693359375000e+03,7.380039978027343750e+01,8.891914367675781250e+01,2.546646881103515625e+01,1.388830471038818359e+01
1.106432739257812500e+03,3.202336502075195312e+01,8.984634399414062500e+01,7.933520507812500000e+01,1.449328994750976562e+01
3.322158447265625000e+03,9.311829376220703125e+01,9.333375549316406250e+01,9.739953613281250000e+01,1.357275295257568359e+01
3.134113525390625000e+03,8.790988159179687500e+01,9.164579772949218750e+01,8.463430023193359375e+01,1.448274707794189453e+01
3.149401611328125000e+03,8.848979187011718750e+01,9.087306976318359375e+01,2.586240291595458984e+00,1.373860359191894531e+01
6.792866210937500000e+03,6.911408996582031250e+01,8.745996856689453125e+01,2.445221900939941406e+00,1.348488235473632812e+01
3.267239501953125000e+03,9.129817962646484375e+01,9.099422454833984375e+01,8.577785491943359375e+01,1.385275268554687500e+01
1.174764160156250000e+03,3.240010452270507812e+01,8.631130981445312500e+01,7.807652282714843750e+01,1.350474071502685547e+01
2.589867675781250000e+03,7.255654907226562500e+01,8.884899902343750000e+01,9.449686431884765625e+01,1.393711662292480469e+01
2.039612426757812500e+03,5.737797927856445312e+01,9.132917022705078125e+01,7.625173950195312500e+01,1.303185939788818359e+01
3.443880126953125000e+03,9.682341003417968750e+01,9.489143371582031250e+01,1.004005813598632812e+02,1.371240234375000000e+01
1.760660156250000000e+03,4.846672058105468750e+01,8.878931427001953125e+01,2.408926010131835938e+01,1.300862407684326172e+01
8.014384765625000000e+02,2.230259132385253906e+01,8.599098968505859375e+01,6.824706268310546875e+01,1.357216358184814453e+01
2.101567138671875000e+03,5.903826904296875000e+01,9.110852813720703125e+01,5.226102447509765625e+01,1.445459747314453125e+01
2.244097656250000000e+03,6.321640396118164062e+01,8.503945922851562500e+01,9.314989471435546875e+01,1.372334194183349609e+01
1.275621704101562500e+03,3.678356170654296875e+01,9.286585998535156250e+01,5.727217864990234375e+01,1.241307735443115234e+01
1.876695678710937500e+03,5.275748062133789062e+01,8.898273468017578125e+01,8.875122070312500000e+01,1.315608501434326172e+01
3.357971923828125000e+03,9.427177429199218750e+01,8.695065307617187500e+01,3.225638961791992188e+01,1.373986244201660156e+01
2.739828613281250000e+03,7.589144897460937500e+01,8.773156738281250000e+01,5.273997879028320312e+01,1.418246841430664062e+01
2.267353759765625000e+03,6.308884048461914062e+01,8.801927185058593750e+01,9.184419250488281250e+01,1.395323467254638672e+01
1.236705810546875000e+03,3.439354705810546875e+01,8.868344116210937500e+01,5.371726608276367188e+01,1.274217128753662109e+01
1.620324340820312500e+03,4.564611434936523438e+01,9.441074371337890625e+01,1.419121074676513672e+01,1.264859676361083984e+01
3.267266845703125000e+03,9.180270385742187500e+01,8.721864318847656250e+01,4.023867416381835938e+01,1.314429187774658203e+01
3.266474365234375000e+03,9.135657501220703125e+01,8.682808685302734375e+01,3.207341003417968750e+01,1.363297939300537109e+01
3.885837158203125000e+03,1.091785354614257812e+02,8.523528289794921875e+01,2.549009132385253906e+01,1.242801189422607422e+01
1.536021362304687500e+03,4.211537170410156250e+01,8.677941131591796875e+01,2.586890983581542969e+01,1.083263301849365234e+01
1.874920043945312500e+03,5.289108657836914062e+01,9.194957733154296875e+01,8.490233612060546875e+01,1.409557819366455078e+01
2.659395751953125000e+03,7.377473449707031250e+01,9.090915679931640625e+01,2.280387163162231445e+00,1.439639759063720703e+01
2.805091308593750000e+03,7.831343078613281250e+01,9.316459655761718750e+01,6.406845092773437500e+01,1.434247398376464844e+01
3.434534912109375000e+03,9.680759429931640625e+01,9.448772430419921875e+01,9.789762878417968750e+01,1.423320960998535156e+01
1.720872314453125000e+03,4.807359695434570312e+01,8.677070617675781250e+01,7.168149566650390625e+01,1.205940723419189453e+01
2.804815429687500000e+03,7.928457641601562500e+01,8.816210174560546875e+01,7.546276855468750000e+01,1.302713489532470703e+01
3.280223388671875000e+03,9.164392089843750000e+01,8.890313720703125000e+01,6.592138767242431641e+00,1.398166847229003906e+01
1.309029663085937500e+03,3.615143966674804688e+01,8.743696594238281250e+01,2.356579589843750000e+01,1.202309703826904297e+01
2.161755126953125000e+03,6.150171661376953125e+01,8.544441986083984375e+01,5.460140228271484375e+01,1.316028404235839844e+01
1.439282104492187500e+03,4.013283538818359375e+01,9.215406799316406250e+01,7.389839935302734375e+01,1.232764434814453125e+01
2.791944580078125000e+03,7.870986175537109375e+01,9.496691131591796875e+01,1.008554100990295410e+00,1.443141841888427734e+01
2.223001708984375000e+03,6.170174026489257812e+01,8.571797180175781250e+01,8.027522277832031250e+01,1.423263168334960938e+01
2.122906494140625000e+03,5.997560882568359375e+01,8.756721496582031250e+01,9.697715759277343750e+01,1.396180534362792969e+01
2.639590087890625000e+03,7.304319000244140625e+01,8.892369079589843750e+01,9.152987670898437500e+01,1.324229145050048828e+01
2.329378906250000000e+03,6.562522888183593750e+01,8.628627777099609375e+01,3.886563539505004883e+00,1.208864688873291016e+01
3.115770751953125000e+03,8.751675415039062500e+01,9.335884857177734375e+01,2.797957801818847656e+01,1.329785156250000000e+01
2.037422363281250000e+03,5.765767669677734375e+01,8.831085968017578125e+01,6.264944076538085938e+00,1.439782810211181641e+01
2.924034667968750000e+03,8.209398651123046875e+01,8.711858367919921875e+01,8.591268658638000488e-01,1.218579292297363281e+01
1.088542358398437500e+03,3.017279434204101562e+01,8.557190704345703125e+01,3.337693405151367188e+01,1.289419937133789062e+01
2.737565429687500000e+03,7.664741516113281250e+01,8.697194671630859375e+01,4.349116516113281250e+01,1.335621547698974609e+01
3.780106201171875000e+03,1.066868591308593750e+02,9.008406829833984375e+01,7.783926391601562500e+01,1.259678173065185547e+01
3.139519042968750000e+03,8.754115295410156250e+01,9.136417388916015625e+01,5.243286895751953125e+01,1.233491992950439453e+01
3.142860839843750000e+03,8.802233886718750000e+01,9.492839813232421875e+01,4.684088134765625000e+01,1.304362487792968750e+01
1.914227905273437500e+03,5.367096328735351562e+01,9.020051574707031250e+01,1.290489196777343750e+01,1.417301940917968750e+01
1.889890502929687500e+03,5.247253799438476562e+01,8.898552703857421875e+01,9.173376464843750000e+01,1.357708072662353516e+01
3.824402343750000000e+03,1.063525543212890625e+02,9.373471069335937500e+01,2.908082771301269531e+01,1.269499778747558594e+01
8.123644409179687500e+02,2.341840553283691406e+01,8.877469635009765625e+01,9.777478790283203125e+01,1.372854423522949219e+01
2.526487792968750000e+03,7.107299041748046875e+01,9.344478607177734375e+01,4.825725173950195312e+01,1.392156887054443359e+01
1.077245361328125000e+03,2.942776298522949219e+01,9.060728454589843750e+01,5.046652603149414062e+01,1.442138671875000000e+01
9.190593261718750000e+02,2.547423744201660156e+01,8.667037963867187500e+01,9.116953849792480469e+00,1.434390544891357422e+01
1.621725952148437500e+03,4.471407318115234375e+01,8.728052520751953125e+01,5.140359115600585938e+01,1.364486026763916016e+01
3.792269775390625000e+03,1.064257049560546875e+02,9.248385620117187500e+01,2.838159561157226562e+01,1.220488548278808594e+01
8.864384155273437500e+02,2.429582595825195312e+01,8.818521881103515625e+01,7.508637237548828125e+01,1.216746520996093750e+01
1.352578125000000000e+03,3.872007369995117188e+01,8.916197204589843750e+01,6.758595275878906250e+01,1.293106937408447266e+01
7.182468750000000000e+03,9.429680633544921875e+01,8.863737487792968750e+01,2.387385368347167969e+01,1.441219139099121094e+01
2.875861572265625000e+03,7.979215240478515625e+01,9.285809326171875000e+01,9.126247406005859375e+00,1.404534721374511719e+01
2.579899169921875000e+03,7.258148193359375000e+01,9.301906585693359375e+01,8.794234466552734375e+01,1.318143367767333984e+01
8.254586181640625000e+02,2.380256271362304688e+01,8.996998596191406250e+01,1.884955024719238281e+01,1.323655605316162109e+01
8.745509033203125000e+02,2.502142906188964844e+01,9.017065429687500000e+01,3.439572143554687500e+01,1.283693790435791016e+01
3.649071044921875000e+03,1.020785140991210938e+02,8.999019622802734375e+01,1.257863521575927734e+01,1.276304149627685547e+01
3.617679931640625000e+03,1.010442199707031250e+02,8.912104797363281250e+01,7.458851623535156250e+01,1.278152751922607422e+01
2.149651367187500000e+03,6.037053680419921875e+01,9.092956542968750000e+01,2.279677772521972656e+01,1.359402275085449219e+01
8.989504394531250000e+02,2.533985328674316406e+01,8.827156829833984375e+01,7.047773742675781250e+01,1.373559284210205078e+01
2.734111328125000000e+03,7.595985412597656250e+01,9.025743103027343750e+01,4.616968917846679688e+01,1.412816429138183594e+01
2.468819580078125000e+03,6.911591339111328125e+01,8.960449981689453125e+01,9.380136108398437500e+01,1.238945865631103516e+01
3.116984619140625000e+03,8.645610809326171875e+01,8.844877624511718750e+01,7.398002624511718750e+01,1.406642532348632812e+01
3.974174072265625000e+03,1.110807495117187500e+02,9.435348510742187500e+01,4.015709686279296875e+01,1.316998195648193359e+01
2.917798583984375000e+03,8.177906036376953125e+01,9.205007934570312500e+01,2.508648109436035156e+01,1.415539741516113281e+01
8.462851562500000000e+02,2.385068321228027344e+01,9.489611816406250000e+01,5.739912509918212891e+00,1.279848384857177734e+01
2.986495117187500000e+03,8.388443756103515625e+01,9.461020660400390625e+01,2.954071617126464844e+01,1.323409080505371094e+01
3.768015625000000000e+03,1.058295593261718750e+02,9.168947601318359375e+01,5.257598876953125000e+00,1.436380004882812500e+01
3.784894775390625000e+03,1.058912734985351562e+02,8.829262542724609375e+01,4.510464859008789062e+01,1.341983604431152344e+01
3.872043701171875000e+03,1.086564407348632812e+02,9.021391296386718750e+01,9.581243133544921875e+01,1.250336170196533203e+01
8.551566772460937500e+02,2.375243949890136719e+01,9.011206817626953125e+01,9.683092498779296875e+01,1.301993942260742188e+01
1.327416503906250000e+03,3.737828445434570312e+01,8.949716949462890625e+01,5.525895309448242188e+01,1.345739555358886719e+01
3.759515136718750000e+03,1.060784378051757812e+02,9.042319488525390625e+01,2.348310089111328125e+01,1.424856185913085938e+01
3.926551513671875000e+03,1.099778442382812500e+02,8.821225738525390625e+01,4.979276275634765625e+01,1.404079246520996094e+01
2.044364868164062500e+03,5.721687698364257812e+01,8.739967346191406250e+01,5.345814514160156250e+01,1.429071903228759766e+01
3.659978027343750000e+03,1.028656539916992188e+02,8.827807617187500000e+01,5.025120544433593750e+01,1.304435825347900391e+01
2.786256347656250000e+03,7.830955505371093750e+01,8.527415466308593750e+01,8.954170227050781250e+01,1.373875522613525391e+01
2.944925537109375000e+03,8.271913909912109375e+01,8.881149291992187500e+01,2.361774063110351562e+01,1.367961406707763672e+01
9.739324340820312500e+02,2.796216201782226562e+01,8.851356506347656250e+01,8.426856994628906250e+01,1.417438983917236328e+01
2.653909179687500000e+03,7.430799865722656250e+01,9.070405578613281250e+01,1.861624717712402344e+01,1.380765151977539062e+01
3.152723632812500000e+03,8.887424468994140625e+01,9.105454254150390625e+01,7.790791320800781250e+01,1.268105983734130859e+01
1.523773803710937500e+03,4.308456039428710938e+01,8.694187164306640625e+01,6.433968353271484375e+01,1.312766456604003906e+01
1.210729003906250000e+03,3.457379913330078125e+01,8.597727966308593750e+01,2.503685379028320312e+01,1.203699588775634766e+01
2.325549560546875000e+03,6.504444122314453125e+01,8.630083465576171875e+01,3.685413837432861328e+00,1.239411640167236328e+01
1.725061035156250000e+03,4.839275741577148438e+01,9.044797515869140625e+01,7.532272338867187500e+01,1.407535362243652344e+01
1.679606689453125000e+03,4.594985961914062500e+01,8.752250671386718750e+01,7.257083892822265625e+01,1.270939540863037109e+01
1.311163085937500000e+03,3.694819259643554688e+01,9.464282989501953125e+01,6.218113708496093750e+01,1.269377803802490234e+01
3.487597656250000000e+03,9.738436889648437500e+01,8.659927368164062500e+01,3.809845733642578125e+01,1.413513851165771484e+01
3.828209472656250000e+03,1.064831085205078125e+02,8.788042449951171875e+01,5.288145065307617188e+01,1.325158214569091797e+01
1.596546264648437500e+03,4.553568267822265625e+01,9.256919860839843750e+01,9.362784576416015625e+01,1.426725578308105469e+01
2.810878662109375000e+03,7.905638122558593750e+01,9.361620330810546875e+01,2.623735618591308594e+01,1.359379959106445312e+01
1.494888427734375000e+03,4.159125137329101562e+01,8.955680084228515625e+01,7.163063812255859375e+01,1.240896129608154297e+01
2.842896972656250000e+03,7.974031066894531250e+01,8.591835784912109375e+01,3.742428421974182129e-01,1.219790363311767578e+01
2.885457031250000000e+03,8.080104827880859375e+01,8.726841735839843750e+01,4.404523468017578125e+01,1.408908271789550781e+01
3.728158691406250000e+03,1.042511062622070312e+02,9.130185699462890625e+01,9.659560394287109375e+01,1.427855587005615234e+01
1.372394775390625000e+03,3.852006149291992188e+01,8.965966796875000000e+01,8.396609497070312500e+01,1.321249675750732422e+01
3.661879394531250000e+03,1.025057830810546875e+02,8.819639587402343750e+01,3.808951139450073242e+00,1.431334018707275391e+01
9.048231201171875000e+02,2.602648353576660156e+01,9.272997283935546875e+01,6.716276168823242188e+00,1.242967319488525391e+01
1.011520080566406250e+03,2.822949409484863281e+01,9.477208709716796875e+01,6.785385894775390625e+01,1.239691543579101562e+01
2.830155517578125000e+03,7.932536315917968750e+01,8.572163391113281250e+01,9.689916992187500000e+01,1.423195743560791016e+01
1.289061035156250000e+03,3.606705856323242188e+01,9.084728240966796875e+01,2.099255180358886719e+01,1.250242519378662109e+01
3.552324218750000000e+03,9.986556243896484375e+01,8.502299499511718750e+01,1.304868221282958984e+01,1.267402553558349609e+01
1.937861572265625000e+03,1.134985238313674927e-01,9.365547180175781250e+01,2.693678140640258789e+00,1.427016258239746094e+01
1.066073730468750000e+03,2.912815475463867188e+01,9.015992736816406250e+01,1.764391708374023438e+01,1.281854152679443359e+01
3.335365234375000000e+03,9.261582946777343750e+01,1.300437927246093750e+02,5.549837875366210938e+01,1.251800346374511719e+01
2.710464111328125000e+03,7.564099884033203125e+01,9.148758697509765625e+01,1.924693679809570312e+01,1.314717388153076172e+01
8.466674194335937500e+02,2.359521484375000000e+01,8.688820648193359375e+01,6.353401947021484375e+01,1.422650241851806641e+01
3.447792968750000000e+03,9.681247711181640625e+01,9.238181304931640625e+01,1.710657119750976562e+01,1.449881649017333984e+01
7.032984375000000000e+03,9.220790863037109375e+01,9.181800079345703125e+01,9.985057067871093750e+01,1.314962291717529297e+01
2.421383544921875000e+03,6.753447723388671875e+01,9.182434082031250000e+01,4.446587860584259033e-01,1.251434803009033203e+01
2.257126708984375000e+03,6.385012817382812500e+01,8.982376098632812500e+01,9.223576354980468750e+01,1.221939849853515625e+01
2.808858642578125000e+03,7.854055023193359375e+01,9.456123352050781250e+01,9.683214569091796875e+01,1.361458206176757812e+01
3.788931884765625000e+03,1.062621688842773438e+02,8.594822692871093750e+01,7.880574798583984375e+01,1.292101478576660156e+01
3.864176269531250000e+03,1.089832916259765625e+02,9.069860839843750000e+01,7.221155548095703125e+01,1.320266437530517578e+01
2.174055419921875000e+03,6.174470901489257812e+01,9.412699890136718750e+01,9.197774505615234375e+01,1.362721443176269531e+01
3.778813232421875000e+03,1.060144729614257812e+02,1.213264160156250000e+02,1.993483734130859375e+01,1.274146175384521484e+01
1.321111206054687500e+03,3.726179122924804688e+01,9.155554962158203125e+01,2.308606529235839844e+01,1.252204704284667969e+01
2.905904296875000000e+03,8.141809082031250000e+01,8.542095184326171875e+01,6.574950408935546875e+01,1.360648727416992188e+01
3.836301513671875000e+03,1.069413452148437500e+02,9.363433837890625000e+01,7.924726867675781250e+01,1.393949699401855469e+01
1.362610595703125000e+03,3.871516036987304688e+01,8.722328948974609375e+01,3.487088012695312500e+01,1.203513431549072266e+01
2.273518554687500000e+03,6.334198760986328125e+01,8.592369842529296875e+01,5.410046386718750000e+01,1.211869716644287109e+01
1.676499755859375000e+03,4.697024154663085938e+01,8.692942047119140625e+01,3.786209106445312500e+01,1.296291923522949219e+01
2.533833007812500000e+03,7.232051086425781250e+01,8.523022460937500000e+01,1.511970877647399902e+00,1.239548587799072266e+01
1.163705932617187500e+03,3.392782211303710938e+01,8.959965515136718750e+01,1.951840591430664062e+01,1.334805011749267578e+01
2.492002197265625000e+03,6.864037322998046875e+01,9.310261535644531250e+01,4.127788162231445312e+01,1.422140026092529297e+01
2.344280273437500000e+03,6.573407745361328125e+01,9.389572906494140625e+01,1.092196559906005859e+01,1.349850940704345703e+01
3.410666748046875000e+03,9.508549499511718750e+01,8.551805114746093750e+01,7.558777618408203125e+01,1.287510776519775391e+01
8.986776123046875000e+02,2.541389656066894531e+01,9.355481719970703125e+01,2.412467956542968750e+01,1.290008068084716797e+01
3.893560302734375000e+03,1.076833953857421875e+02,9.013698577880859375e+01,2.541522789001464844e+01,1.373243808746337891e+01
2.526537597656250000e+03,7.105027008056640625e+01,8.916062164306640625e+01,3.698780822753906250e+01,1.446402645111083984e+01
3.656330810546875000e+03,1.022578735351562500e+02,9.032489776611328125e+01,3.193050956726074219e+01,1.400170135498046875e+01
1.866050415039062500e+03,5.234223937988281250e+01,8.689905548095703125e+01,1.430051136016845703e+01,1.257758140563964844e+01
2.759162597656250000e+03,7.741912841796875000e+01,9.241707611083984375e+01,5.320809936523437500e+01,1.228006458282470703e+01
2.663823242187500000e+03,7.491922760009765625e+01,9.490277862548828125e+01,5.267732238769531250e+01,1.359756755828857422e+01
3.665316650390625000e+03,1.025575790405273438e+02,9.415611267089843750e+01,3.284020233154296875e+01,1.373948860168457031e+01
9.288724975585937500e+02,2.566789436340332031e+01,9.331864166259765625e+01,4.026607894897460938e+01,1.222673892974853516e+01
2.231282226562500000e+03,6.227978897094726562e+01,8.971880340576171875e+01,5.819991302490234375e+01,1.325245761871337891e+01
1.425960693359375000e+03,7.226254343986511230e-01,9.311714935302734375e+01,2.456908226013183594e+01,1.405317020416259766e+01
3.357143798828125000e+03,9.334548187255859375e+01,9.425842285156250000e+01,6.226913452148437500e+01,1.328579807281494141e+01
3.776436035156250000e+03,1.056041183471679688e+02,8.824572753906250000e+01,2.950456047058105469e+01,1.205288028717041016e+01
3.735638183593750000e+03,1.047841186523437500e+02,9.456491851806640625e+01,9.290359497070312500e+01,1.408129215240478516e+01
2.171660400390625000e+03,6.200505447387695312e+01,8.885574340820312500e+01,5.199596405029296875e+01,1.226699924468994141e+01
3.941339843750000000e+03,1.104484329223632812e+02,1.245091018676757812e+02,3.936288070678710938e+01,1.264552116394042969e+01
3.360249755859375000e+03,9.358960723876953125e+01,9.203658294677734375e+01,1.615507316589355469e+01,1.346534252166748047e+01
2.669529052734375000e+03,7.431565856933593750e+01,8.796032714843750000e+01,3.712526321411132812e+01,1.301213741302490234e+01
2.548822998046875000e+03,7.167440795898437500e+01,1.297606201171875000e+02,1.579156017303466797e+01,1.295528221130371094e+01
1.172376708984375000e+03,3.267156600952148438e+01,8.626264953613281250e+01,7.327180480957031250e+01,1.347885227203369141e+01
3.508963867187500000e+03,9.794378662109375000e+01,8.521929931640625000e+01,9.825640678405761719e+00,1.360807132720947266e+01
8.398901367187500000e+02,2.375948524475097656e+01,9.207681274414062500e+01,8.013489532470703125e+01,1.351076793670654297e+01
3.260998046875000000e+03,9.128698730468750000e+01,9.412737274169921875e+01,6.437583923339843750e+01,1.420887851715087891e+01
3.891125732421875000e+03,1.091544189453125000e+02,9.157871246337890625e+01,1.271159076690673828e+01,1.255044364929199219e+01
3.372803710937500000e+03,9.368948364257812500e+01,8.808748626708984375e+01,5.653165435791015625e+01,1.210743808746337891e+01
1.736212524414062500e+03,4.817103958129882812e+01,9.099206542968750000e+01,5.512738800048828125e+01,1.436089324951171875e+01
3.266762207031250000e+03,8.999757385253906250e+01,8.906972503662109375e+01,5.859185409545898438e+01,1.312638378143310547e+01
1.392643432617187500e+03,6.002057790756225586e-01,9.388158416748046875e+01,9.581432342529296875e+01,1.255445289611816406e+01
2.188092773437500000e+03,6.204896163940429688e+01,8.650672912597656250e+01,1.809266471862792969e+01,1.426775932312011719e+01
2.141671630859375000e+03,6.007542037963867188e+01,8.512470245361328125e+01,7.960285186767578125e+01,1.330057525634765625e+01
3.409096679687500000e+03,9.514003753662109375e+01,9.087903594970703125e+01,9.659278106689453125e+01,1.379928016662597656e+01
1.145436645507812500e+03,3.226293945312500000e+01,8.876193237304687500e+01,7.069259643554687500e+01,1.283223056793212891e+01
1.551393432617187500e+03,4.289335250854492188e+01,9.398991394042968750e+01,4.112553405761718750e+01,1.367634105682373047e+01
3.205744873046875000e+03,8.931195068359375000e+01,8.733590698242187500e+01,3.224223327636718750e+01,1.365369701385498047e+01
2.741520019531250000e+03,7.776975250244140625e+01,8.697631835937500000e+01,8.038890075683593750e+01,1.258791732788085938e+01
3.620443847656250000e+03,1.014471664428710938e+02,9.123529052734375000e+01,2.922351074218750000e+01,1.233420085906982422e+01
3.846172119140625000e+03,1.077090072631835938e+02,9.263019561767578125e+01,9.702015686035156250e+01,1.426475524902343750e+01
2.277197998046875000e+03,6.368150329589843750e+01,9.056639099121093750e+01,9.701158142089843750e+01,1.278548336029052734e+01
2.133476074218750000e+03,5.880350494384765625e+01,9.045929718017578125e+01,5.679767608642578125e+01,1.424062633514404297e+01
2.901382324218750000e+03,8.048637390136718750e+01,9.056208801269531250e+01,9.283479309082031250e+01,1.236202430725097656e+01
3.622103027343750000e+03,1.017050094604492188e+02,8.971791839599609375e+01,3.215840911865234375e+01,1.221471595764160156e+01
2.055483154296875000e+03,5.697037506103515625e+01,8.558583068847656250e+01,6.437162017822265625e+01,1.436270809173583984e+01
1.955831665039062500e+03,5.503175354003906250e+01,8.725464630126953125e+01,3.389059448242187500e+01,1.249593734741210938e+01
9.567257080078125000e+02,2.597124671936035156e+01,9.293968200683593750e+01,5.200471496582031250e+01,1.221654605865478516e+01
3.348693359375000000e+03,9.431300354003906250e+01,9.151962280273437500e+01,6.629215240478515625e+01,1.320007705688476562e+01
1.798976196289062500e+03,5.092550659179687500e+01,9.187837219238281250e+01,4.083559513092041016e+00,1.370454216003417969e+01
1.641829101562500000e+03,4.583808898925781250e+01,8.899443817138671875e+01,8.822165679931640625e+01,1.379852676391601562e+01
1.242518432617187500e+03,3.533424377441406250e+01,9.474109649658203125e+01,2.834377050399780273e+00,1.385111331939697266e+01
2.940094726562500000e+03,8.182583618164062500e+01,8.574112701416015625e+01,3.480712127685546875e+01,1.225490665435791016e+01
3.366995117187500000e+03,9.432837677001953125e+01,9.452101898193359375e+01,2.925044059753417969e+00,1.247009944915771484e+01
3.318796630859375000e+03,9.337282562255859375e+01,8.696189880371093750e+01,4.117357635498046875e+01,1.279386043548583984e+01
1.405850585937500000e+03,3.874884414672851562e+01,9.280513000488281250e+01,7.712878417968750000e+01,1.295734786987304688e+01
1.088407592773437500e+03,3.057325553894042969e+01,9.147016906738281250e+01,1.500023841857910156e+01,1.449797821044921875e+01
1.857355712890625000e+03,5.127785491943359375e+01,9.328778076171875000e+01,5.395356369018554688e+01,1.447627639770507812e+01
2.409085693359375000e+03,6.806095886230468750e+01,8.768758392333984375e+01,9.965277862548828125e+01,1.444313907623291016e+01
2.691560791015625000e+03,7.579880523681640625e+01,9.055298614501953125e+01,9.665637207031250000e+01,1.259374713897705078e+01
3.007713134765625000e+03,8.408519744873046875e+01,9.018511962890625000e+01,9.568575286865234375e+01,1.431332683563232422e+01
1.542875244140625000e+03,4.319594573974609375e+01,9.163618469238281250e+01,1.341075992584228516e+01,1.395494747161865234e+01
3.346523437500000000e+03,9.398069000244140625e+01,9.043495941162109375e+01,8.989215850830078125e+01,1.442950916290283203e+01
9.000872192382812500e+02,2.475373077392578125e+01,8.647753143310546875e+01,3.534069824218750000e+01,1.296198654174804688e+01
3.107679931640625000e+03,8.607698059082031250e+01,9.292482757568359375e+01,3.930339813232421875e+01,1.287768936157226562e+01
3.400788574218750000e+03,9.448552703857421875e+01,9.173789978027343750e+01,3.150668621063232422e+00,1.409881591796875000e+01
2.862647460937500000e+03,8.050143432617187500e+01,8.930838012695312500e+01,5.902894973754882812e+01,1.373759651184082031e+01
3.654639160156250000e+03,1.021601028442382812e+02,9.141362762451171875e+01,9.991230010986328125e+01,1.260951614379882812e+01
3.792217529296875000e+03,1.065918731689453125e+02,9.219605255126953125e+01,1.142130565643310547e+01,1.359230232238769531e+01
2.082964355468750000e+03,5.765763854980468750e+01,9.253633117675781250e+01,9.850458526611328125e+01,1.386512184143066406e+01
1.849094482421875000e+03,5.139583969116210938e+01,9.124362182617187500e+01,4.759124374389648438e+01,1.355230426788330078e+01
2.701742431640625000e+03,7.555463409423828125e+01,9.485791778564453125e+01,7.213841247558593750e+01,1.202639102935791016e+01
2.603102294921875000e+03,7.382298278808593750e+01,8.770825195312500000e+01,7.082189941406250000e+01,1.323518657684326172e+01
2.084538574218750000e+03,5.788809967041015625e+01,9.278218841552734375e+01,1.627239990234375000e+01,1.433261966705322266e+01
3.605885498046875000e+03,1.012978286743164062e+02,8.734960174560546875e+01,1.334200668334960938e+01,1.213794422149658203e+01
3.591401123046875000e+03,1.003028717041015625e+02,9.459711456298828125e+01,6.338140106201171875e+01,1.423567962646484375e+01
9.118217163085937500e+02,2.539416122436523438e+01,8.619322204589843750e+01,4.632835388183593750e+01,1.386162662506103516e+01
1.491962524414062500e+03,4.200547790527343750e+01,9.163957214355468750e+01,6.768742370605468750e+01,1.385329246520996094e+01
1.710601806640625000e+03,4.873383712768554688e+01,8.925866699218750000e+01,4.533193588256835938e+01,1.201399898529052734e+01
1.775857666015625000e+03,4.945297241210937500e+01,9.113594055175781250e+01,2.284364700317382812e+01,1.348051834106445312e+01
2.568290527343750000e+03,7.187789154052734375e+01,9.043567657470703125e+01,7.775492095947265625e+01,1.409402370452880859e+01
1.091993530273437500e+03,3.058997535705566406e+01,8.748921966552734375e+01,9.808358764648437500e+01,1.445750713348388672e+01
3.466132568359375000e+03,9.674969482421875000e+01,9.047409057617187500e+01,5.033069610595703125e+01,1.238916683197021484e+01
3.691618164062500000e+03,1.027508468627929688e+02,9.015366363525390625e+01,7.166521453857421875e+01,1.298108673095703125e+01
2.158763916015625000e+03,5.981883239746093750e+01,9.207101440429687500e+01,2.468436717987060547e+00,1.303359317779541016e+01
2.278007080078125000e+03,6.354949951171875000e+01,9.001044464111328125e+01,1.523121070861816406e+01,1.374080085754394531e+01
3.831721679687500000e+03,1.068783950805664062e+02,9.318910217285156250e+01,2.997125053405761719e+01,1.365966701507568359e+01
1.629268798828125000e+03,4.522253417968750000e+01,8.800250244140625000e+01,3.706216049194335938e+01,1.299440383911132812e+01
3.091993408203125000e+03,8.637010192871093750e+01,9.288519287109375000e+01,5.960338973999023438e+01,1.234987163543701172e+01
1.047006835937500000e+03,2.876101875305175781e+01,8.815208435058593750e+01,3.542917633056640625e+01,1.255710697174072266e+01
2.627901123046875000e+03,7.411168670654296875e+01,9.110443115234375000e+01,2.953932762145996094e+01,1.381025981903076172e+01
3.320736572265625000e+03,9.379526519775390625e+01,8.611422729492187500e+01,1.242640209197998047e+01,1.267455387115478516e+01
1.385715942382812500e+03,3.119509220123291016e-01,8.613185882568359375e+01,8.055158233642578125e+01,1.258913421630859375e+01
1.827473999023437500e+03,5.147836685180664062e+01,8.603283691406250000e+01,8.661446380615234375e+01,1.347332763671875000e+01
1.548255981445312500e+03,4.113121032714843750e-01,8.556038665771484375e+01,3.772287368774414062e+01,1.340415668487548828e+01
3.295779296875000000e+03,9.234833526611328125e+01,9.397956085205078125e+01,4.628258895874023438e+01,1.398751449584960938e+01
3.498633300781250000e+03,9.818048858642578125e+01,9.244991302490234375e+01,7.646672058105468750e+01,1.390647506713867188e+01
3.148473388671875000e+03,8.847176361083984375e+01,9.464175415039062500e+01,4.536445617675781250e+01,1.426724052429199219e+01
3.480392578125000000e+03,9.734382629394531250e+01,8.740340423583984375e+01,5.611676788330078125e+01,1.226525592803955078e+01
2.417609130859375000e+03,6.780284881591796875e+01,8.908322906494140625e+01,7.491741943359375000e+01,1.283387470245361328e+01
2.228608398437500000e+03,6.055099105834960938e+01,9.171424102783203125e+01,8.752730560302734375e+01,1.278604888916015625e+01
1.149844116210937500e+03,3.274651336669921875e+01,8.585665893554687500e+01,6.017481231689453125e+01,1.449537181854248047e+01
1.646867919921875000e+03,4.590356063842773438e+01,9.379415893554687500e+01,4.721836853027343750e+01,1.201644611358642578e+01
2.774314453125000000e+03,7.797217559814453125e+01,9.155355072021484375e+01,5.049722290039062500e+01,1.313256549835205078e+01
1.430125244140625000e+03,4.116460800170898438e+01,8.938801574707031250e+01,7.981938171386718750e+01,1.277946949005126953e+01
9.175523681640625000e+02,2.595139503479003906e+01,9.378019714355468750e+01,6.269565200805664062e+01,1.422514057159423828e+01
1.525349731445312500e+03,4.322226715087890625e+01,8.899883270263671875e+01,9.714990234375000000e+01,1.398061370849609375e+01
1.910812500000000000e+03,5.271755981445312500e+01,9.387879943847656250e+01,6.206940460205078125e+01,1.315096759796142578e+01
3.554301025390625000e+03,9.955562591552734375e+01,9.114379882812500000e+01,9.509574890136718750e+00,1.381428909301757812e+01
1.696642944335937500e+03,4.774340820312500000e+01,8.612099456787109375e+01,2.883867073059082031e+01,1.333405017852783203e+01
3.165506835937500000e+03,8.888494110107421875e+01,9.220378112792968750e+01,8.081982421875000000e+01,1.343882274627685547e+01
1.669993164062500000e+03,4.643326568603515625e+01,9.493499755859375000e+01,3.858125686645507812e+01,1.327674293518066406e+01
2.064312988281250000e+03,3.566462099552154541e-01,9.296423339843750000e+01,2.929413986206054688e+01,1.264886474609375000e+01
2.133253417968750000e+03,5.995356369018554688e+01,9.355589294433593750e+01,3.345110702514648438e+01,1.440216827392578125e+01
2.516470703125000000e+03,7.044635772705078125e+01,8.968605041503906250e+01,8.773706054687500000e+01,1.218983650207519531e+01
2.210790527343750000e+03,6.144068527221679688e+01,8.962789916992187500e+01,1.185220050811767578e+01,1.398278236389160156e+01
2.162280029296875000e+03,5.965637207031250000e+01,8.684471893310546875e+01,9.455534934997558594e+00,1.287003231048583984e+01
1.100596435546875000e+03,3.038199615478515625e+01,8.555503845214843750e+01,3.391070556640625000e+01,1.233831405639648438e+01
3.809008300781250000e+03,1.069772109985351562e+02,8.831298828125000000e+01,9.493133544921875000e+01,1.410120868682861328e+01
1.121670410156250000e+03,3.085074996948242188e+01,8.572454833984375000e+01,9.448051452636718750e+01,1.311316394805908203e+01
1.368021118164062500e+03,3.875468063354492188e+01,8.691603088378906250e+01,2.482313156127929688e+00,1.431865119934082031e+01
2.845862060546875000e+03,7.958215332031250000e+01,9.465840148925781250e+01,4.722752761840820312e+01,1.395930576324462891e+01
7.174409667968750000e+03,9.200970458984375000e+01,8.563395690917968750e+01,9.647135162353515625e+01,1.441606807708740234e+01
3.370224121093750000e+03,9.399800109863281250e+01,9.475151824951171875e+01,2.065258789062500000e+01,1.342857933044433594e+01
2.581318115234375000e+03,7.224047851562500000e+01,8.518284606933593750e+01,7.776325988769531250e+01,1.240484046936035156e+01
2.956550292968750000e+03,8.329917907714843750e+01,9.173280334472656250e+01,6.789576721191406250e+01,1.386778736114501953e+01
3.085894775390625000e+03,8.605129241943359375e+01,9.131801605224609375e+01,5.555229187011718750e+01,1.393173217773437500e+01
1.858166381835937500e+03,5.203415298461914062e+01,8.688712310791015625e+01,8.505208587646484375e+01,1.311570549011230469e+01
3.228365478515625000e+03,8.968748474121093750e+01,8.864356994628906250e+01,9.948231506347656250e+01,1.338903617858886719e+01
2.177733886718750000e+03,6.135976028442382812e+01,1.276490020751953125e+02,9.371337890625000000e+01,1.391266441345214844e+01
2.421815917968750000e+03,6.805295562744140625e+01,9.148999023437500000e+01,2.263975143432617188e+01,1.206370735168457031e+01
3.929736816406250000e+03,1.095808868408203125e+02,8.681815338134765625e+01,3.314638900756835938e+01,1.299344062805175781e+01
3.911108154296875000e+03,1.086419601440429688e+02,8.973825073242187500e+01,3.074716377258300781e+01,1.291510963439941406e+01
1.871562866210937500e+03,5.266008758544921875e+01,8.846695709228515625e+01,3.695087432861328125e+01,1.235000896453857422e+01
3.416676513671875000e+03,9.504365539550781250e+01,8.972920989990234375e+01,7.705162048339843750e+01,1.295823383331298828e+01
2.012950683593750000e+03,5.678545379638671875e+01,8.836947631835937500e+01,1.509197521209716797e+01,1.378452301025390625e+01
3.632297607421875000e+03,1.013840866088867188e+02,8.641638946533203125e+01,1.526901340484619141e+01,1.371883487701416016e+01
1.894310058593750000e+03,5.284759902954101562e+01,9.100251007080078125e+01,3.021444320678710938e+01,1.308134460449218750e+01
2.584267089843750000e+03,7.236497497558593750e+01,9.326774597167968750e+01,5.452048873901367188e+01,1.354979038238525391e+01
8.272243041992187500e+02,2.310279464721679688e+01,8.791732025146484375e+01,5.340108871459960938e+01,1.227460575103759766e+01
1.356672119140625000e+03,3.744397735595703125e+01,9.178141021728515625e+01,3.590587234497070312e+01,1.332247066497802734e+01
9.285810546875000000e+02,2.639085960388183594e+01,8.864678192138671875e+01,4.363621473312377930e-01,1.326808547973632812e+01
2.406008300781250000e+03,6.723844146728515625e+01,9.093637847900390625e+01,3.496245956420898438e+01,1.259986209869384766e+01
1.717886474609375000e+03,4.843656921386718750e+01,8.636666107177734375e+01,5.612173843383789062e+01,1.370927238464355469e+01
3.535814697265625000e+03,9.898558044433593750e+01,1.369088745117187500e+02,7.753124237060546875e+01,1.349923229217529297e+01
2.561553955078125000e+03,7.196331787109375000e+01,9.117498779296875000e+01,3.656832122802734375e+01,1.441909027099609375e+01
1.971812744140625000e+03,5.549560928344726562e+01,8.878015136718750000e+01,9.500344848632812500e+01,1.320815658569335938e+01
1.642624389648437500e+03,4.597695922851562500e+01,9.447943878173828125e+01,9.923445129394531250e+01,1.402859687805175781e+01
3.074794189453125000e+03,8.588415527343750000e+01,9.042688751220703125e+01,5.265957641601562500e+01,1.261847686767578125e+01
3.487789062500000000e+03,9.769338989257812500e+01,9.129516601562500000e+01,6.350079345703125000e+01,1.352299690246582031e+01
3.308564941406250000e+03,9.243508148193359375e+01,9.437360382080078125e+01,2.904703330993652344e+01,1.303057670593261719e+01
3.593698974609375000e+03,1.007381591796875000e+02,9.380802917480468750e+01,4.517837905883789062e+01,1.271016502380371094e+01
1.553896118164062500e+03,4.280678939819335938e+01,9.172737884521484375e+01,1.492268753051757812e+01,1.332820606231689453e+01
3.033411132812500000e+03,8.511215972900390625e+01,8.656719207763671875e+01,5.568647766113281250e+01,1.225033378601074219e+01
2.132972656250000000e+03,6.048563766479492188e+01,8.875766754150390625e+01,9.878773498535156250e+01,1.399042987823486328e+01
1.539356689453125000e+03,4.190858840942382812e+01,8.612306213378906250e+01,6.554187011718750000e+01,1.404918003082275391e+01
3.737152099609375000e+03,1.058337326049804688e+02,8.852050781250000000e+01,6.382235717773437500e+01,1.318483161926269531e+01
1.159000488281250000e+03,3.240974044799804688e+01,8.682633972167968750e+01,7.463820576667785645e-01,1.278533649444580078e+01
3.683801513671875000e+03,1.034936370849609375e+02,8.567318725585937500e+01,3.449719238281250000e+01,1.357081699371337891e+01
3.878709228515625000e+03,-6.056826934218406677e-02,9.152315521240234375e+01,3.645140838623046875e+01,1.288520717620849609e+01
3.848989257812500000e+03,1.081467208862304688e+02,9.031826782226562500e+01,6.359659957885742188e+01,1.221430110931396484e+01
1.236301391601562500e+03,3.479698944091796875e+01,8.930799102783203125e+01,9.346125030517578125e+01,1.441274261474609375e+01
3.647676757812500000e+03,1.025549087524414062e+02,8.901661682128906250e+01,2.680850982666015625e+01,1.351574802398681641e+01
1.893353759765625000e+03,5.261496353149414062e+01,8.752857971191406250e+01,4.093462753295898438e+01,1.394555950164794922e+01
1.519159790039062500e+03,4.177157211303710938e+01,9.449266815185546875e+01,6.612105560302734375e+01,1.397256183624267578e+01
2.038454711914062500e+03,5.779713821411132812e+01,8.756675720214843750e+01,7.452811431884765625e+01,1.218428039550781250e+01
2.332208496093750000e+03,6.495858764648437500e+01,8.864694213867187500e+01,8.109280395507812500e+01,1.405975723266601562e+01
3.589323974609375000e+03,1.003392181396484375e+02,1.301170501708984375e+02,8.113877868652343750e+01,1.292067527770996094e+01
2.198365722656250000e+03,6.224310684204101562e+01,8.749826049804687500e+01,5.275448608398437500e+01,1.293819522857666016e+01
8.735583496093750000e+02,2.489433860778808594e+01,8.869712829589843750e+01,9.412222290039062500e+01,1.359622192382812500e+01
3.757257080078125000e+03,1.054682235717773438e+02,9.112615966796875000e+01,8.132328796386718750e+01,1.301057529449462891e+01
3.370108642578125000e+03,9.382474517822265625e+01,8.740694427490234375e+01,6.875455474853515625e+01,1.201237678527832031e+01
1.995100219726562500e+03,5.625941848754882812e+01,9.143472290039062500e+01,6.521516418457031250e+01,1.225755882263183594e+01
2.070968994140625000e+03,5.772383809089660645e-01,8.509304046630859375e+01,2.980023574829101562e+01,1.266091823577880859e+01
2.574133056640625000e+03,7.150028991699218750e+01,8.753184509277343750e+01,3.005457878112792969e+00,1.229738330841064453e+01
3.276659423828125000e+03,9.122647094726562500e+01,9.358597564697265625e+01,6.973680114746093750e+01,1.223544311523437500e+01
7.209960937500000000e+03,8.204385375976562500e+01,9.490243530273437500e+01,4.765551376342773438e+01,1.374852848052978516e+01
1.920572875976562500e+03,5.321264266967773438e+01,8.631255340576171875e+01,7.869801330566406250e+01,1.378918552398681641e+01
2.055951171875000000e+03,5.775315856933593750e+01,9.078977203369140625e+01,4.618798792362213135e-01,1.209635543823242188e+01
9.671567993164062500e+02,2.670561599731445312e+01,9.116553497314453125e+01,7.751001739501953125e+01,1.389012145996093750e+01
2.227700195312500000e+03,6.232635879516601562e+01,8.801512145996093750e+01,6.302825927734375000e+01,1.290453147888183594e+01
1.989319946289062500e+03,5.642586135864257812e+01,8.713824462890625000e+01,6.449906921386718750e+01,1.231378555297851562e+01
2.843938964843750000e+03,7.959953308105468750e+01,8.921054840087890625e+01,9.017197608947753906e+00,1.308343505859375000e+01
3.060120605468750000e+03,8.595571136474609375e+01,9.134097290039062500e+01,1.023770618438720703e+01,1.260999107360839844e+01
1.949390258789062500e+03,5.530289840698242188e+01,8.930796813964843750e+01,3.671218872070312500e+00,1.331954097747802734e+01
3.787548583984375000e+03,1.060398941040039062e+02,8.568952941894531250e+01,7.650180053710937500e+01,1.396481609344482422e+01
1.043582397460937500e+03,2.878351593017578125e+01,8.991062927246093750e+01,1.904337310791015625e+01,1.267705154418945312e+01
3.676625488281250000e+03,1.025174560546875000e+02,8.832244873046875000e+01,5.022779083251953125e+01,1.365439796447753906e+01
1.768522583007812500e+03,4.846001052856445312e+01,8.878376007080078125e+01,1.997234916687011719e+01,1.228071594238281250e+01
1.649808227539062500e+03,4.655313110351562500e+01,8.870808410644531250e+01,9.530537414550781250e+01,1.411400413513183594e+01
9.378373413085937500e+02,2.700353050231933594e+01,8.990373992919921875e+01,4.539732360839843750e+01,1.309553241729736328e+01
2.348856689453125000e+03,6.560863494873046875e+01,8.938763427734375000e+01,2.221309471130371094e+01,1.235180759429931641e+01
2.660324218750000000e+03,7.480236816406250000e+01,8.551579284667968750e+01,9.330752563476562500e+01,1.303400802612304688e+01
2.431413574218750000e+03,6.810463714599609375e+01,9.242540740966796875e+01,9.375485420227050781e+00,1.444651699066162109e+01
3.283341308593750000e+03,9.229305267333984375e+01,8.545631408691406250e+01,5.407326889038085938e+01,1.253834629058837891e+01
3.269748291015625000e+03,9.102949523925781250e+01,9.495769500732421875e+01,4.204925537109375000e+01,1.274156093597412109e+01
2.074606445312500000e+03,5.816211318969726562e+01,8.794761657714843750e+01,9.482537078857421875e+01,1.231635951995849609e+01
1.557446411132812500e+03,4.341460418701171875e+01,8.567374420166015625e+01,9.314619445800781250e+01,1.230960941314697266e+01
3.228219726562500000e+03,9.065085601806640625e+01,9.028275299072265625e+01,1.673274421691894531e+01,1.311605930328369141e+01
1.146236206054687500e+03,3.163135337829589844e+01,9.267101287841796875e+01,7.318765258789062500e+01,1.435054016113281250e+01
3.184594482421875000e+03,8.990773010253906250e+01,8.841136932373046875e+01,8.003755950927734375e+01,1.231720161437988281e+01
3.554456542968750000e+03,9.879065704345703125e+01,9.159004211425781250e+01,4.026130294799804688e+01,1.238547706604003906e+01
3.294742675781250000e+03,9.257678985595703125e+01,9.065922546386718750e+01,9.164460754394531250e+01,1.362314701080322266e+01
2.992076171875000000e+03,8.334754180908203125e+01,8.661833953857421875e+01,4.603408432006835938e+01,1.251039695739746094e+01
1.208406372070312500e+03,3.377763366699218750e+01,9.364238739013671875e+01,7.875556182861328125e+01,1.433792686462402344e+01
1.645413330078125000e+03,4.579039001464843750e+01,9.167429351806640625e+01,3.683710861206054688e+01,1.363012123107910156e+01
2.598920166015625000e+03,7.181692504882812500e+01,8.618902587890625000e+01,2.682697486877441406e+01,1.396800708770751953e+01
1.671963500976562500e+03,4.669685363769531250e+01,9.069644927978515625e+01,2.143454360961914062e+01,1.377353191375732422e+01
2.135596923828125000e+03,6.062848281860351562e+01,9.091806030273437500e+01,8.941118621826171875e+01,1.314438915252685547e+01
3.991487060546875000e+03,1.126565399169921875e+02,9.111543273925781250e+01,9.813188171386718750e+01,1.396684741973876953e+01
2.464157714843750000e+03,6.937466430664062500e+01,8.872875213623046875e+01,5.914031982421875000e+00,1.439493083953857422e+01
3.492015380859375000e+03,9.803507232666015625e+01,9.464401245117187500e+01,2.394713640213012695e+00,1.354796886444091797e+01
9.918059692382812500e+02,2.741638183593750000e+01,8.819815063476562500e+01,3.950112533569335938e+01,1.437723159790039062e+01
3.525253906250000000e+03,9.895733642578125000e+01,9.024794769287109375e+01,6.149877548217773438e+01,1.249542808532714844e+01
2.864261962890625000e+03,7.971726989746093750e+01,8.963110351562500000e+01,2.368580818176269531e+01,1.322664928436279297e+01
2.789734375000000000e+03,7.803704071044921875e+01,8.550519561767578125e+01,5.945676040649414062e+01,1.273688793182373047e+01
1.242585571289062500e+03,3.510292816162109375e+01,9.104483795166015625e+01,3.336721038818359375e+01,1.252153396606445312e+01
1.446830078125000000e+03,4.127130508422851562e+01,8.603005981445312500e+01,5.072510910034179688e+01,1.242488956451416016e+01
1.669614501953125000e+03,4.720019912719726562e+01,8.868504333496093750e+01,3.688425827026367188e+01,1.387643146514892578e+01
3.305025878906250000e+03,9.281338500976562500e+01,8.522268676757812500e+01,6.013727569580078125e+01,1.390960979461669922e+01
3.399506347656250000e+03,9.499739074707031250e+01,9.314911651611328125e+01,5.817438125610351562e+01,1.287960529327392578e+01
3.094611572265625000e+03,8.599799346923828125e+01,9.135828399658203125e+01,8.523280334472656250e+01,1.298003292083740234e+01
1.976464721679687500e+03,5.483425140380859375e+01,8.934127044677734375e+01,8.780698394775390625e+01,1.379628276824951172e+01
3.065954345703125000e+03,8.555876922607421875e+01,8.755589294433593750e+01,9.957143402099609375e+01,1.368952941894531250e+01
1.075447509765625000e+03,3.037000274658203125e+01,9.205257415771484375e+01,1.577364730834960938e+01,1.291330814361572266e+01
2.713856201171875000e+03,7.568488311767578125e+01,9.313970947265625000e+01,3.534748840332031250e+01,1.315214252471923828e+01
3.413977783203125000e+03,9.531175994873046875e+01,8.957250976562500000e+01,6.682401275634765625e+01,1.273275852203369141e+01
3.680743896484375000e+03,1.034101562500000000e+02,9.329882049560546875e+01,1.099365234375000000e+01,1.319599246978759766e+01
8.169506835937500000e+02,2.257693290710449219e+01,8.923999023437500000e+01,6.527446746826171875e+01,1.272436046600341797e+01
3.449026123046875000e+03,9.716550445556640625e+01,8.554504394531250000e+01,7.426549530029296875e+01,1.380790996551513672e+01
1.951080444335937500e+03,5.432608032226562500e+01,8.719345855712890625e+01,7.061307525634765625e+01,1.364774227142333984e+01
2.330286865234375000e+03,6.517327880859375000e+01,1.284696502685546875e+02,1.304057502746582031e+01,1.393365669250488281e+01
2.146917480468750000e+03,5.993238449096679688e+01,8.827170562744140625e+01,9.693538665771484375e+01,1.243729209899902344e+01
2.022363403320312500e+03,5.687568664550781250e+01,8.747678375244140625e+01,1.553996658325195312e+01,1.333347034454345703e+01
3.539364257812500000e+03,9.885778045654296875e+01,9.065753936767578125e+01,1.474012088775634766e+01,1.378945350646972656e+01
2.890317871093750000e+03,8.062325286865234375e+01,8.745762634277343750e+01,8.107652282714843750e+01,1.218921470642089844e+01
1.925447631835937500e+03,5.444537734985351562e+01,9.290648651123046875e+01,5.902132797241210938e+01,1.236609077453613281e+01
1.679145507812500000e+03,4.718750000000000000e+01,8.937763977050781250e+01,6.202283477783203125e+01,1.295336914062500000e+01
3.049707031250000000e+03,8.548671722412109375e+01,9.481806182861328125e+01,6.203577041625976562e+01,1.319376468658447266e+01
1.854111328125000000e+03,5.247066116333007812e+01,8.706310272216796875e+01,7.523434162139892578e+00,1.392121601104736328e+01
1.869308593750000000e+03,5.281443405151367188e+01,9.164384460449218750e+01,5.552991485595703125e+01,1.323712730407714844e+01
1.399074340820312500e+03,3.870881652832031250e+01,9.308476257324218750e+01,7.207034301757812500e+01,1.408799552917480469e+01
2.833205322265625000e+03,8.063883209228515625e+01,8.643180084228515625e+01,1.932592964172363281e+01,1.370801544189453125e+01
2.003018798828125000e+03,5.579576873779296875e+01,8.719678497314453125e+01,8.401287078857421875e+01,1.206720447540283203e+01
2.590429931640625000e+03,7.194649505615234375e+01,8.779977416992187500e+01,8.634918975830078125e+01,1.260071182250976562e+01
2.731150146484375000e+03,7.646585845947265625e+01,9.136460113525390625e+01,3.292839813232421875e+01,1.214904499053955078e+01
3.442450439453125000e+03,9.592944335937500000e+01,9.400350189208984375e+01,9.995589447021484375e+01,1.366285037994384766e+01
2.556690185546875000e+03,7.166179656982421875e+01,9.388364410400390625e+01,5.116833114624023438e+01,1.323619842529296875e+01
9.515768432617187500e+02,2.654752731323242188e+01,8.537515258789062500e+01,9.306475830078125000e+01,1.397552394866943359e+01
8.593756713867187500e+02,2.416346740722656250e+01,9.139749908447265625e+01,4.550084686279296875e+01,1.423850536346435547e+01
3.303479980468750000e+03,9.270043945312500000e+01,8.554083251953125000e+01,5.746444702148437500e+01,1.208628273010253906e+01
3.706678955078125000e+03,1.038114776611328125e+02,9.416386413574218750e+01,5.501270294189453125e+01,1.392204284667968750e+01
2.595688476562500000e+03,7.412853240966796875e+01,8.583955383300781250e+01,6.139801788330078125e+01,1.224006080627441406e+01
1.787569091796875000e+03,5.131229019165039062e+01,9.416301727294921875e+01,5.853099060058593750e+01,1.441736793518066406e+01
1.539762451171875000e+03,4.229373931884765625e+01,9.370399475097656250e+01,1.664907455444335938e+01,1.209984302520751953e+01
1.560114135742187500e+03,4.381357192993164062e+01,8.508617401123046875e+01,4.725033760070800781e+00,1.390562820434570312e+01
3.996254882812500000e+03,1.105202941894531250e+02,9.389779663085937500e+01,9.086082458496093750e+01,1.397862911224365234e+01
1.964150390625000000e+03,5.593664932250976562e+01,9.131668090820312500e+01,1.878607177734375000e+01,1.414585685729980469e+01
9.458011474609375000e+02,2.670843696594238281e+01,8.520555114746093750e+01,6.025468063354492188e+01,1.268894004821777344e+01
1.397615234375000000e+03,3.931382369995117188e+01,9.346181488037109375e+01,7.065071582794189453e+00,1.207620239257812500e+01
2.193024414062500000e+03,6.104088592529296875e+01,8.800479888916015625e+01,8.895570373535156250e+01,1.447857284545898438e+01
3.053469970703125000e+03,8.515551757812500000e+01,9.425908660888671875e+01,2.871871185302734375e+01,1.265508079528808594e+01
3.173293701171875000e+03,8.886787414550781250e+01,8.559846496582031250e+01,2.915903663635253906e+01,1.254026699066162109e+01
8.346116333007812500e+02,2.392404174804687500e+01,8.903732299804687500e+01,5.861571502685546875e+01,1.340219783782958984e+01
8.170335693359375000e+02,2.267328262329101562e+01,9.384253692626953125e+01,8.197621154785156250e+01,1.428011417388916016e+01
3.494122802734375000e+03,9.676499176025390625e+01,9.492533111572265625e+01,7.585770606994628906e+00,1.364490890502929688e+01
2.369432128906250000e+03,6.642900848388671875e+01,9.499477386474609375e+01,3.321144485473632812e+01,1.320055580139160156e+01
3.143497802734375000e+03,8.891693878173828125e+01,9.304080963134765625e+01,5.563548660278320312e+01,1.253257179260253906e+01
1.315815185546875000e+03,3.658201599121093750e+01,8.644914245605468750e+01,9.219213104248046875e+01,1.328238582611083984e+01
3.423632324218750000e+03,9.571155548095703125e+01,8.974530029296875000e+01,8.654318237304687500e+01,1.296593475341796875e+01
1.199091308593750000e+03,3.424483489990234375e+01,9.018232727050781250e+01,2.578095626831054688e+01,1.369874858856201172e+01
2.286539306640625000e+03,6.364636230468750000e+01,9.014888763427734375e+01,8.341272735595703125e+01,1.327123737335205078e+01
1.421004394531250000e+03,3.926942443847656250e+01,8.625890350341796875e+01,2.801939582824707031e+01,1.424515056610107422e+01
2.766604492187500000e+03,7.736121368408203125e+01,9.107695770263671875e+01,7.348496246337890625e+01,1.392182540893554688e+01
3.845969482421875000e+03,1.078822555541992188e+02,9.315987396240234375e+01,2.168975639343261719e+01,1.238276958465576172e+01
3.016413574218750000e+03,8.507572937011718750e+01,9.021881866455078125e+01,3.509212875366210938e+01,1.380136203765869141e+01
1.162985229492187500e+03,3.166299438476562500e+01,8.860489654541015625e+01,6.988528442382812500e+01,1.411317729949951172e+01
2.229748291015625000e+03,6.237511444091796875e+01,8.767332458496093750e+01,6.124455261230468750e+01,1.217539978027343750e+01
1.920145019531250000e+03,5.354048156738281250e+01,9.258286285400390625e+01,5.040693283081054688e+01,1.302691173553466797e+01
3.912360595703125000e+03,1.097405166625976562e+02,8.714756011962890625e+01,9.236956024169921875e+01,1.433836364746093750e+01
1.696736328125000000e+03,4.709656524658203125e+01,8.896360015869140625e+01,6.387555694580078125e+01,1.262219905853271484e+01
2.504413330078125000e+03,7.020989227294921875e+01,8.704570770263671875e+01,1.789776229858398438e+01,1.346698570251464844e+01
1.142989868164062500e+03,8.114069104194641113e-01,9.443688964843750000e+01,5.049692153930664062e+01,1.441336917877197266e+01
1.185109130859375000e+03,3.260007095336914062e+01,9.054597473144531250e+01,5.365138626098632812e+01,1.389472675323486328e+01
1.944431396484375000e+03,5.488066864013671875e+01,9.173799133300781250e+01,5.610411071777343750e+01,1.394029998779296875e+01
2.341911132812500000e+03,6.622423553466796875e+01,9.456492614746093750e+01,3.412818908691406250e+01,1.387191581726074219e+01
2.129309326171875000e+03,5.954889297485351562e+01,9.333999633789062500e+01,8.208666992187500000e+01,1.373714923858642578e+01
1.910499023437500000e+03,5.393567276000976562e+01,8.957961273193359375e+01,4.558065414428710938e+00,1.307556629180908203e+01
3.932907958984375000e+03,1.096734619140625000e+02,8.716185760498046875e+01,4.024342727661132812e+01,1.256506061553955078e+01
1.491558593750000000e+03,4.275212860107421875e+01,9.216665649414062500e+01,2.866920280456542969e+01,1.389429092407226562e+01
9.903587646484375000e+02,2.789671325683593750e+01,8.855223083496093750e+01,4.212320709228515625e+01,1.335612773895263672e+01
2.249594726562500000e+03,6.380086898803710938e+01,9.486849212646484375e+01,2.606861114501953125e+01,1.257988166809082031e+01
1.209063720703125000e+03,3.350281906127929688e+01,8.723050689697265625e+01,4.017620849609375000e+01,1.363870525360107422e+01
8.416591796875000000e+02,2.404509353637695312e+01,8.825409698486328125e+01,1.677322387695312500e+01,1.301687622070312500e+01
1.309006347656250000e+03,3.688638305664062500e+01,8.806861877441406250e+01,6.757925415039062500e+01,1.335034084320068359e+01
3.712937988281250000e+03,1.038456954956054688e+02,9.353391265869140625e+01,1.833233833312988281e+01,1.306400871276855469e+01
3.866729003906250000e+03,1.081584167480468750e+02,8.944017791748046875e+01,3.983481979370117188e+01,1.424045944213867188e+01
2.029211791992187500e+03,5.680081176757812500e+01,8.988336944580078125e+01,8.097893524169921875e+01,1.384902191162109375e+01
1.775751098632812500e+03,4.988833236694335938e+01,8.954641723632812500e+01,4.294300842285156250e+01,1.383581733703613281e+01
2.187164794921875000e+03,6.159439468383789062e+01,9.484404754638671875e+01,8.944638824462890625e+01,1.260571479797363281e+01
1.169568237304687500e+03,3.262882232666015625e+01,8.555395507812500000e+01,1.746414756774902344e+01,1.213345527648925781e+01
2.460346679687500000e+03,6.954270935058593750e+01,9.272012329101562500e+01,6.616613006591796875e+01,1.293414402008056641e+01
3.688886474609375000e+03,1.029482879638671875e+02,9.142296600341796875e+01,1.209693050384521484e+01,1.263471126556396484e+01
3.769505859375000000e+03,1.048727645874023438e+02,9.028657531738281250e+01,6.019969558715820312e+01,1.384378814697265625e+01
2.217766357421875000e+03,6.271688461303710938e+01,9.253309631347656250e+01,5.428742980957031250e+01,1.264326190948486328e+01
1.639414916992187500e+03,4.627063369750976562e+01,9.139038848876953125e+01,9.623045349121093750e+01,1.323452949523925781e+01
1.080479736328125000e+03,2.959208297729492188e+01,9.461898040771484375e+01,9.085807037353515625e+01,1.374926757812500000e+01
2.155610595703125000e+03,6.123754882812500000e+01,8.847672271728515625e+01,7.573728942871093750e+01,1.316311836242675781e+01
1.303945190429687500e+03,3.697374343872070312e+01,8.702891540527343750e+01,8.780292510986328125e+01,1.372725772857666016e+01
2.476103027343750000e+03,6.940142822265625000e+01,9.159285736083984375e+01,1.050782585144042969e+01,1.206722450256347656e+01
3.875352539062500000e+03,1.086128768920898438e+02,9.225057220458984375e+01,2.607720565795898438e+01,1.285224914550781250e+01
1.101892822265625000e+03,3.162474441528320312e+01,9.270090484619140625e+01,9.327090263366699219e+00,1.364057445526123047e+01
2.767157470703125000e+03,7.717238616943359375e+01,9.071842193603515625e+01,1.535797786712646484e+01,1.384942531585693359e+01
2.237881835937500000e+03,6.213416290283203125e+01,8.526959228515625000e+01,7.049156951904296875e+01,1.412472438812255859e+01
3.060258789062500000e+03,8.603605651855468750e+01,8.695227813720703125e+01,9.086515808105468750e+01,1.326761341094970703e+01
1.153361694335937500e+03,3.236200332641601562e+01,9.422415161132812500e+01,9.236098480224609375e+01,1.201208686828613281e+01
2.720121337890625000e+03,7.658674621582031250e+01,8.505278778076171875e+01,1.370435428619384766e+01,1.203109073638916016e+01
2.787480468750000000e+03,7.848954010009765625e+01,8.621959686279296875e+01,5.908771133422851562e+01,1.381848812103271484e+01
3.451305664062500000e+03,9.643880462646484375e+01,9.082826232910156250e+01,9.786274719238281250e+01,1.246605491638183594e+01
3.463745849609375000e+03,9.740656280517578125e+01,8.746818542480468750e+01,4.735937500000000000e+01,1.265603733062744141e+01
3.107663085937500000e+03,8.674031066894531250e+01,9.448102569580078125e+01,2.279571723937988281e+01,1.204327869415283203e+01
3.509997558593750000e+03,9.837284851074218750e+01,9.348772430419921875e+01,5.064733123779296875e+01,1.255759048461914062e+01
9.061411743164062500e+02,2.578454589843750000e+01,8.866357421875000000e+01,1.001147842407226562e+02,1.271578788757324219e+01
3.996927978515625000e+03,1.117492904663085938e+02,8.501929473876953125e+01,9.529287719726562500e+01,1.204994964599609375e+01
2.000354248046875000e+03,5.689388656616210938e+01,8.786523437500000000e+01,5.154342651367187500e+01,1.370477008819580078e+01
9.428770751953125000e+02,2.561767959594726562e+01,8.792059326171875000e+01,4.901975250244140625e+01,1.346611309051513672e+01
3.869034667968750000e+03,1.087292251586914062e+02,9.487938690185546875e+01,9.712612915039062500e+01,1.429727458953857422e+01
3.407974609375000000e+03,9.590568542480468750e+01,8.665197753906250000e+01,9.364141845703125000e+01,1.238924694061279297e+01
3.447810791015625000e+03,9.721707916259765625e+01,9.091362762451171875e+01,3.385914611816406250e+01,1.311562538146972656e+01
3.243908935546875000e+03,9.135356903076171875e+01,9.011145019531250000e+01,6.323678207397460938e+01,1.259789180755615234e+01
1.680471557617187500e+03,8.691428899765014648e-01,8.971792602539062500e+01,8.844084930419921875e+01,1.289787292480468750e+01
3.783294189453125000e+03,1.053380508422851562e+02,8.730672454833984375e+01,1.113830852508544922e+01,1.437229824066162109e+01
1.699447631835937500e+03,4.785145568847656250e+01,9.360247039794921875e+01,9.881668853759765625e+01,1.217679595947265625e+01
3.820111083984375000e+03,1.069296112060546875e+02,9.028036499023437500e+01,9.813719177246093750e+01,1.291601562500000000e+01
2.245831298828125000e+03,6.244602584838867188e+01,9.462335968017578125e+01,8.441646575927734375e+01,1.410414218902587891e+01
3.204718261718750000e+03,9.021139526367187500e+01,9.414111328125000000e+01,3.792267608642578125e+01,1.207740402221679688e+01
2.385887207031250000e+03,6.654855346679687500e+01,9.140889739990234375e+01,3.570991516113281250e+01,1.376261425018310547e+01
1.502654663085937500e+03,4.187253570556640625e+01,9.442568206787109375e+01,7.341463470458984375e+01,1.253810977935791016e+01
1.796439819335937500e+03,5.028052139282226562e+01,9.126773071289062500e+01,8.391709136962890625e+01,1.384973621368408203e+01
3.275128417968750000e+03,9.153209686279296875e+01,8.740476226806640625e+01,2.625491523742675781e+01,1.378397560119628906e+01
3.883268310546875000e+03,1.092307510375976562e+02,8.878636932373046875e+01,8.332395172119140625e+01,1.251179981231689453e+01
2.204347900390625000e+03,6.143413543701171875e+01,9.057778930664062500e+01,3.582200622558593750e+01,1.427176570892333984e+01
3.103648925781250000e+03,8.758953094482421875e+01,8.502831268310546875e+01,6.750395965576171875e+01,1.229660129547119141e+01
2.662395996093750000e+03,7.420705413818359375e+01,9.260295867919921875e+01,5.189304351806640625e+01,1.363348770141601562e+01
1.027614501953125000e+03,2.822787666320800781e+01,9.168695068359375000e+01,2.625724601745605469e+01,1.377851486206054688e+01
2.192352050781250000e+03,6.199037933349609375e+01,8.813660430908203125e+01,5.638054275512695312e+01,1.364443302154541016e+01
2.014465820312500000e+03,5.635379028320312500e+01,8.854668426513671875e+01,8.397133636474609375e+01,1.336116600036621094e+01
1.946309326171875000e+03,5.409106826782226562e+01,9.225892639160156250e+01,3.882767486572265625e+01,1.354161167144775391e+01
3.781806396484375000e+03,1.058172149658203125e+02,8.793170166015625000e+01,4.830686950683593750e+01,1.420926284790039062e+01
2.298680664062500000e+03,6.400188446044921875e+01,9.419222259521484375e+01,3.756059646606445312e+01,1.418755817413330078e+01
2.284250000000000000e+03,6.421303558349609375e+01,9.296060180664062500e+01,9.076049041748046875e+01,1.400680160522460938e+01
1.612426147460937500e+03,4.532338714599609375e+01,8.885000610351562500e+01,3.171310043334960938e+01,1.375064086914062500e+01
3.304626464843750000e+03,9.273414611816406250e+01,8.606484985351562500e+01,6.981138610839843750e+01,1.323148536682128906e+01
1.508778930664062500e+03,4.179986572265625000e+01,9.079103088378906250e+01,5.548789978027343750e+01,1.360766601562500000e+01
1.351566040039062500e+03,3.691515350341796875e+01,8.587129211425781250e+01,3.912792587280273438e+01,1.211385631561279297e+01
1.342280883789062500e+03,3.692239379882812500e+01,9.498522949218750000e+01,7.198479461669921875e+01,1.352964210510253906e+01
2.043248168945312500e+03,5.812889099121093750e+01,8.890782165527343750e+01,5.590705490112304688e+01,1.283379745483398438e+01
1.947191162109375000e+03,5.445648956298828125e+01,8.917363739013671875e+01,2.768475711345672607e-01,1.341253852844238281e+01
1.657852050781250000e+03,4.590272903442382812e+01,8.883551788330078125e+01,6.484061431884765625e+01,1.444031715393066406e+01
2.171670410156250000e+03,6.080239868164062500e+01,8.700205993652343750e+01,4.576855850219726562e+01,1.412430000305175781e+01
1.335713134765625000e+03,3.742758560180664062e+01,8.819365692138671875e+01,9.129277801513671875e+01,1.333586692810058594e+01
1.667495849609375000e+03,4.722211837768554688e+01,9.028020477294921875e+01,6.657810974121093750e+01,1.358481407165527344e+01
2.158008056640625000e+03,6.136049652099609375e+01,8.553094482421875000e+01,2.082401847839355469e+01,1.380566978454589844e+01
1.229515502929687500e+03,3.482383728027343750e+01,9.133569335937500000e+01,3.125149011611938477e+00,1.441497421264648438e+01
6.658425292968750000e+03,4.270699691772460938e+01,9.477722167968750000e+01,3.146107673645019531e+01,1.255598640441894531e+01
1.045561767578125000e+03,2.997842597961425781e+01,8.618161773681640625e+01,6.694136810302734375e+01,1.204839515686035156e+01
1.370387207031250000e+03,3.857033157348632812e+01,8.691922760009765625e+01,6.353334903717041016e+00,1.371328830718994141e+01
2.140525634765625000e+03,5.936441040039062500e+01,8.831310272216796875e+01,1.084387969970703125e+01,1.249840927124023438e+01
2.472753906250000000e+03,6.942243194580078125e+01,9.277552032470703125e+01,8.575086212158203125e+01,1.236208248138427734e+01
8.137606811523437500e+02,2.253625869750976562e+01,9.238882446289062500e+01,2.352393150329589844e+01,1.377089500427246094e+01
1.231596069335937500e+03,3.392872238159179688e+01,8.817147827148437500e+01,4.490679550170898438e+01,1.209522151947021484e+01
3.584305175781250000e+03,1.004288787841796875e+02,8.607366180419921875e+01,5.742972946166992188e+01,1.238918781280517578e+01
1.021242126464843750e+03,2.919612884521484375e+01,8.788059997558593750e+01,7.237452697753906250e+01,1.216599559783935547e+01
2.531472656250000000e+03,7.119971466064453125e+01,8.993142700195312500e+01,6.084321975708007812e+01,1.431696510314941406e+01
3.224365966796875000e+03,8.978109741210937500e+01,9.459865570068359375e+01,8.207357788085937500e+01,1.350439739227294922e+01
1.992804443359375000e+03,5.641532897949218750e+01,9.156394958496093750e+01,3.939076614379882812e+01,1.239403152465820312e+01
3.666477294921875000e+03,1.024861602783203125e+02,8.934601593017578125e+01,5.166942596435546875e+01,1.209650421142578125e+01
3.645607666015625000e+03,1.024344940185546875e+02,8.849597930908203125e+01,9.854941558837890625e+01,1.245571327209472656e+01
3.668098388671875000e+03,1.027545547485351562e+02,8.900054931640625000e+01,6.400523376464843750e+01,1.384451103210449219e+01
3.987859863281250000e+03,1.114331207275390625e+02,9.296099090576171875e+01,9.281082916259765625e+01,1.372013568878173828e+01
2.797032470703125000e+03,7.873049926757812500e+01,8.716910552978515625e+01,4.616539382934570312e+01,1.277015781402587891e+01
1.426714111328125000e+03,4.029093170166015625e+01,9.215088653564453125e+01,3.001998662948608398e+00,1.441535186767578125e+01
1.196012207031250000e+03,3.373259735107421875e+01,8.897578430175781250e+01,3.009486961364746094e+01,1.322146034240722656e+01
2.911505859375000000e+03,8.177680969238281250e+01,8.803558349609375000e+01,3.110241508483886719e+01,1.275849533081054688e+01
3.061738525390625000e+03,8.591492462158203125e+01,8.831105041503906250e+01,7.811941528320312500e+01,1.382296085357666016e+01
3.272121337890625000e+03,9.139153289794921875e+01,9.263215637207031250e+01,4.331905746459960938e+01,1.268401622772216797e+01
3.636213623046875000e+03,1.026262054443359375e+02,8.969767761230468750e+01,2.390667343139648438e+01,1.209202003479003906e+01
1.576683471679687500e+03,4.420615768432617188e+01,9.076921081542968750e+01,4.658761024475097656e+00,1.376063728332519531e+01
3.363443603515625000e+03,9.393484497070312500e+01,8.528070068359375000e+01,4.613157653808593750e+01,1.255322837829589844e+01
2.846382080078125000e+03,7.891315460205078125e+01,9.211717224121093750e+01,8.584344482421875000e+01,1.245948028564453125e+01
1.169667846679687500e+03,3.276838302612304688e+01,8.671795654296875000e+01,9.010086059570312500e+01,1.321154212951660156e+01
2.342463134765625000e+03,6.457859802246093750e+01,9.105832672119140625e+01,8.046977996826171875e+01,1.260062980651855469e+01
9.380050048828125000e+02,2.602277374267578125e+01,9.494937896728515625e+01,4.298849487304687500e+01,1.447502040863037109e+01
1.456892578125000000e+03,4.079980087280273438e+01,8.983724212646484375e+01,8.406201171875000000e+01,1.439573955535888672e+01
1.857649047851562500e+03,5.202852249145507812e+01,9.160060882568359375e+01,2.000630760192871094e+01,1.335708808898925781e+01
2.789668701171875000e+03,7.807098388671875000e+01,9.086960601806640625e+01,3.497849273681640625e+01,1.378741741180419922e+01
8.905963134765625000e+02,2.504615402221679688e+01,9.095764923095703125e+01,7.980993652343750000e+01,1.437116432189941406e+01
1.329162963867187500e+03,3.793067169189453125e+01,9.253819274902343750e+01,5.280002593994140625e+01,9.567809104919433594e+00
3.577655273437500000e+03,9.978084564208984375e+01,9.249596405029296875e+01,1.368317794799804688e+01,1.371137809753417969e+01
8.516735839843750000e+02,2.360644531250000000e+01,8.550265502929687500e+01,8.470145416259765625e+01,1.272442913055419922e+01
1.242117553710937500e+03,3.489427185058593750e+01,8.762785339355468750e+01,6.969855499267578125e+01,1.302800273895263672e+01
3.834467529296875000e+03,1.080956878662109375e+02,9.204097747802734375e+01,3.817343521118164062e+01,1.221263027191162109e+01
2.417864501953125000e+03,6.774202728271484375e+01,8.949863433837890625e+01,3.374818038940429688e+01,1.277738761901855469e+01
3.571169677734375000e+03,1.005803909301757812e+02,8.551713562011718750e+01,6.979586791992187500e+01,1.375984668731689453e+01
2.140649658203125000e+03,5.993519592285156250e+01,8.906333160400390625e+01,2.774592399597167969e+01,1.292282581329345703e+01
1.113975708007812500e+03,3.225494384765625000e+01,9.211717224121093750e+01,2.410344505310058594e+01,1.280365467071533203e+01
1.477937500000000000e+03,4.272183227539062500e+01,9.171238708496093750e+01,5.343424320220947266e+00,1.285541820526123047e+01
8.536408691406250000e+02,2.430794334411621094e+01,8.526565551757812500e+01,3.333124160766601562e+01,1.286127090454101562e+01
1.812672485351562500e+03,5.047941970825195312e+01,8.843261718750000000e+01,2.366759109497070312e+01,1.427325344085693359e+01
2.900534912109375000e+03,8.185797119140625000e+01,9.269754028320312500e+01,2.684212112426757812e+01,1.297386455535888672e+01
9.500346069335937500e+02,2.765360641479492188e+01,9.216777801513671875e+01,3.059393119812011719e+01,1.423215389251708984e+01
3.658017089843750000e+03,1.023369903564453125e+02,8.624410247802734375e+01,2.953907966613769531e+01,1.428329563140869141e+01
2.100055175781250000e+03,5.906715393066406250e+01,8.589772796630859375e+01,8.273427009582519531e+00,1.288989162445068359e+01
3.931923583984375000e+03,1.109588394165039062e+02,9.488516998291015625e+01,5.507491683959960938e+01,1.369612312316894531e+01
3.187020996093750000e+03,8.933199310302734375e+01,8.780941772460937500e+01,9.670991516113281250e+01,1.402584743499755859e+01
3.590733886718750000e+03,1.012755126953125000e+02,8.633786773681640625e+01,6.938593292236328125e+01,1.411916637420654297e+01
3.290568359375000000e+03,9.180615997314453125e+01,9.246601104736328125e+01,1.942278861999511719e+00,1.268283271789550781e+01
2.205479003906250000e+03,6.122986602783203125e+01,9.052333068847656250e+01,4.095023345947265625e+01,1.338167858123779297e+01
3.639283447265625000e+03,1.006942977905273438e+02,8.508907318115234375e+01,1.582152748107910156e+01,1.429655456542968750e+01
1.501733276367187500e+03,4.129072952270507812e+01,8.667524719238281250e+01,6.128420639038085938e+01,1.346707057952880859e+01
2.954311523437500000e+03,8.321147155761718750e+01,8.950411224365234375e+01,9.319467926025390625e+01,1.406687927246093750e+01
8.639548950195312500e+02,2.418305206298828125e+01,8.541424560546875000e+01,8.268347930908203125e+01,1.306436824798583984e+01
1.394786743164062500e+03,3.872352218627929688e+01,9.291300964355468750e+01,6.065896987915039062e+01,1.395812320709228516e+01
2.430395507812500000e+03,6.891186523437500000e+01,9.485295867919921875e+01,1.253847408294677734e+01,1.302981472015380859e+01
3.969426025390625000e+03,1.112367553710937500e+02,8.951748657226562500e+01,3.430353927612304688e+01,1.443334674835205078e+01
2.276984619140625000e+03,6.264160156250000000e+01,8.730152893066406250e+01,4.075176620483398438e+01,1.281342220306396484e+01
2.519854492187500000e+03,7.010405731201171875e+01,8.799160003662109375e+01,1.407511425018310547e+01,1.427960300445556641e+01
2.985647949218750000e+03,8.398262023925781250e+01,9.329150390625000000e+01,2.771981430053710938e+01,1.213331317901611328e+01
1.646618164062500000e+03,4.622941970825195312e+01,9.020329284667968750e+01,4.576442337036132812e+01,1.419759082794189453e+01
1.147414306640625000e+03,3.148333168029785156e+01,8.528779602050781250e+01,8.182123565673828125e+01,9.720497131347656250e+00
3.632545410156250000e+03,1.019028549194335938e+02,8.743355560302734375e+01,4.397166728973388672e+00,1.347770690917968750e+01
2.870399658203125000e+03,8.037267303466796875e+01,9.416772460937500000e+01,6.305114746093750000e+01,1.254399681091308594e+01
1.179155761718750000e+03,3.301869583129882812e+01,8.853520202636718750e+01,2.346022987365722656e+01,1.439734745025634766e+01
3.621125976562500000e+03,1.015284271240234375e+02,8.502578735351562500e+01,6.412040710449218750e+01,1.223419761657714844e+01
2.973065673828125000e+03,8.282957458496093750e+01,8.908183288574218750e+01,6.231542968750000000e+01,1.378068065643310547e+01
3.235216064453125000e+03,9.025506591796875000e+01,8.798997497558593750e+01,9.890013122558593750e+01,1.361691856384277344e+01
3.850222412109375000e+03,1.076923217773437500e+02,9.291683959960937500e+01,9.772701263427734375e+01,1.350114059448242188e+01
2.730016601562500000e+03,7.586654663085937500e+01,9.096173858642578125e+01,6.755605316162109375e+01,1.286767196655273438e+01
3.197862304687500000e+03,8.946890258789062500e+01,8.979018402099609375e+01,2.573047637939453125e+01,1.200873756408691406e+01
3.086895507812500000e+03,8.679749298095703125e+01,9.380282592773437500e+01,8.547707366943359375e+01,1.260304927825927734e+01
3.775372558593750000e+03,1.059576568603515625e+02,8.685287475585937500e+01,6.861663818359375000e+01,1.253656196594238281e+01
1.683758544921875000e+03,4.656918716430664062e+01,8.764124298095703125e+01,4.961188507080078125e+01,1.227595233917236328e+01
1.319584350585937500e+03,3.703814315795898438e+01,9.229263305664062500e+01,6.428102874755859375e+01,1.217451572418212891e+01
2.479750732421875000e+03,6.973851776123046875e+01,9.496127319335937500e+01,1.072108459472656250e+01,1.267847061157226562e+01
1.938267456054687500e+03,5.443951034545898438e+01,8.808055877685546875e+01,4.429491043090820312e+01,1.393219852447509766e+01
1.649096313476562500e+03,4.545306396484375000e+01,9.224834442138671875e+01,4.444274139404296875e+01,1.404142570495605469e+01
9.029498291015625000e+02,2.510012435913085938e+01,9.297153472900390625e+01,4.504357910156250000e+01,1.409748554229736328e+01
1.869842773437500000e+03,5.167456436157226562e+01,8.921932983398437500e+01,5.487528610229492188e+01,1.251490402221679688e+01
1.097941284179687500e+03,3.091525077819824219e+01,8.980876922607421875e+01,4.188341903686523438e+01,1.206391239166259766e+01
3.199548095703125000e+03,9.019951629638671875e+01,9.297811126708984375e+01,7.438539123535156250e+01,1.446279716491699219e+01
2.124476562500000000e+03,5.998489379882812500e+01,9.172782135009765625e+01,7.179739379882812500e+01,1.275812721252441406e+01
1.481002319335937500e+03,9.529057145118713379e-01,8.560848236083984375e+01,7.262130737304687500e+01,1.425132751464843750e+01
3.978671142578125000e+03,1.107804946899414062e+02,9.401954650878906250e+01,8.060508728027343750e+01,1.217001628875732422e+01
3.132035644531250000e+03,8.814459991455078125e+01,8.630844879150390625e+01,8.624354553222656250e+01,1.407011699676513672e+01
1.943243530273437500e+03,5.414865112304687500e+01,9.112321472167968750e+01,9.064685821533203125e+01,1.206963062286376953e+01
2.151526855468750000e+03,6.004590988159179688e+01,8.892663574218750000e+01,7.378282165527343750e+01,1.427998256683349609e+01
7.378900878906250000e+03,9.750659179687500000e+01,8.691029357910156250e+01,7.141967773437500000e+01,1.418534374237060547e+01
3.300634521484375000e+03,9.286733245849609375e+01,8.859473419189453125e+01,4.010755920410156250e+01,1.274877643585205078e+01
2.255447753906250000e+03,6.288719940185546875e+01,9.363969421386718750e+01,3.379484176635742188e+01,1.249819660186767578e+01
1.476028930664062500e+03,4.070092010498046875e+01,8.729368591308593750e+01,5.596451950073242188e+01,1.300163936614990234e+01
3.089890380859375000e+03,8.658055114746093750e+01,8.695649719238281250e+01,2.138524818420410156e+01,1.249535179138183594e+01
1.492670166015625000e+03,4.105942535400390625e+01,1.374457244873046875e+02,6.770790863037109375e+01,1.404319000244140625e+01
1.243466186523437500e+03,3.471368789672851562e+01,8.841325378417968750e+01,6.078475189208984375e+01,1.291964530944824219e+01
1.645847167968750000e+03,4.512781143188476562e+01,9.128192901611328125e+01,6.223449325561523438e+01,1.280444622039794922e+01
3.442392822265625000e+03,9.721661376953125000e+01,9.091761779785156250e+01,4.388571548461914062e+01,1.389283084869384766e+01
1.895691772460937500e+03,5.283735275268554688e+01,9.122708892822265625e+01,7.508385467529296875e+01,1.398408889770507812e+01
2.399045898437500000e+03,6.749698638916015625e+01,8.547779846191406250e+01,5.985106277465820312e+01,1.394230461120605469e+01
2.417104492187500000e+03,6.750567626953125000e+01,8.911164855957031250e+01,2.848108100891113281e+01,1.440586948394775391e+01
3.456061279296875000e+03,9.718428039550781250e+01,9.342154693603515625e+01,9.433823394775390625e+01,1.231733798980712891e+01
6.512986816406250000e+03,8.355626678466796875e+01,9.270426940917968750e+01,1.326711273193359375e+01,1.350837612152099609e+01
2.943570556640625000e+03,8.194651794433593750e+01,9.207558441162109375e+01,2.542209625244140625e+01,1.316559219360351562e+01
3.749731445312500000e+03,1.053556671142578125e+02,9.040847778320312500e+01,4.026776504516601562e+01,1.315533733367919922e+01
1.196920410156250000e+03,3.401377487182617188e+01,8.886768341064453125e+01,9.673463439941406250e+01,1.357702255249023438e+01
2.464569824218750000e+03,6.910501861572265625e+01,8.986676025390625000e+01,1.461354064941406250e+01,1.341348743438720703e+01
1.433538330078125000e+03,4.008168411254882812e+01,8.596934509277343750e+01,9.002780914306640625e+01,1.381425285339355469e+01
8.842161254882812500e+02,2.395007133483886719e+01,1.232965164184570312e+02,4.274987280368804932e-01,1.351177024841308594e+01
3.125081298828125000e+03,8.782995605468750000e+01,9.101050567626953125e+01,1.961300277709960938e+01,1.369885921478271484e+01
1.904143798828125000e+03,5.415680694580078125e+01,8.925471496582031250e+01,4.410115814208984375e+01,1.326498508453369141e+01
2.395802001953125000e+03,6.728755950927734375e+01,8.684661102294921875e+01,7.730637359619140625e+01,1.201418495178222656e+01
1.795076782226562500e+03,5.049468994140625000e+01,9.205406188964843750e+01,3.878416824340820312e+01,1.360222148895263672e+01
2.339214599609375000e+03,6.490104675292968750e+01,8.864790344238281250e+01,6.743626403808593750e+01,1.348873615264892578e+01
8.229475097656250000e+02,2.308208084106445312e+01,9.171280670166015625e+01,2.983297729492187500e+01,1.255290317535400391e+01
3.903244873046875000e+03,1.093723373413085938e+02,9.173894500732421875e+01,2.229113197326660156e+01,1.328272247314453125e+01
8.180463256835937500e+02,2.365108108520507812e+01,9.106505584716796875e+01,4.023286056518554688e+01,1.335942173004150391e+01
3.416825683593750000e+03,9.685001373291015625e+01,8.512925720214843750e+01,6.294995880126953125e+01,1.411212444305419922e+01
1.726353271484375000e+03,4.947298812866210938e+01,9.464372253417968750e+01,2.947366523742675781e+01,1.396172142028808594e+01
3.300390380859375000e+03,9.318345642089843750e+01,9.474999237060546875e+01,2.597588157653808594e+01,1.318763160705566406e+01
1.835229736328125000e+03,5.177776336669921875e+01,9.231465911865234375e+01,7.806465911865234375e+01,1.238932800292968750e+01
1.278579223632812500e+03,3.534732055664062500e+01,8.645113372802734375e+01,3.832964706420898438e+01,1.270374774932861328e+01
1.793454101562500000e+03,5.006515121459960938e+01,8.732923126220703125e+01,6.274115562438964844e+00,1.217790603637695312e+01
2.205711181640625000e+03,6.114834976196289062e+01,8.722317504882812500e+01,9.883450317382812500e+01,1.423088550567626953e+01
3.825333007812500000e+03,1.071889724731445312e+02,9.004064178466796875e+01,9.070177078247070312e+00,1.305913734436035156e+01
1.666022827148437500e+03,4.670383834838867188e+01,9.163452911376953125e+01,1.118448066711425781e+01,1.408132362365722656e+01
1.239163330078125000e+03,3.544411087036132812e+01,9.240882110595703125e+01,3.736360931396484375e+01,1.386969757080078125e+01
3.339062255859375000e+03,9.362402343750000000e+01,9.424973297119140625e+01,5.290106964111328125e+01,1.223111915588378906e+01
2.269195556640625000e+03,6.358731079101562500e+01,9.188149261474609375e+01,4.150608062744140625e+01,1.368411350250244141e+01
1.744403198242187500e+03,4.884733963012695312e+01,8.829651641845703125e+01,9.697492218017578125e+01,1.318685436248779297e+01
1.825603271484375000e+03,5.156232070922851562e+01,9.305226135253906250e+01,1.016541290283203125e+01,1.221952152252197266e+01
3.816167724609375000e+03,1.068481674194335938e+02,8.921087646484375000e+01,3.658008575439453125e+01,1.369157028198242188e+01
3.707873291015625000e+03,1.046599578857421875e+02,9.158998870849609375e+01,3.615142440795898438e+01,1.432441234588623047e+01
2.161158691406250000e+03,6.112295150756835938e+01,8.553619384765625000e+01,4.183786773681640625e+01,1.210099601745605469e+01
2.427043701171875000e+03,6.733184814453125000e+01,9.098142242431640625e+01,7.201797485351562500e+01,1.352741909027099609e+01
2.870250732421875000e+03,8.051813507080078125e+01,9.126590728759765625e+01,4.131040191650390625e+01,1.356897068023681641e+01
1.086953979492187500e+03,2.970757293701171875e+01,8.537233734130859375e+01,5.735930252075195312e+01,1.238868618011474609e+01
1.569782226562500000e+03,4.436384963989257812e+01,8.570904541015625000e+01,7.113651275634765625e+01,1.246550941467285156e+01
8.484890136718750000e+02,2.402889823913574219e+01,9.450038909912109375e+01,2.461483478546142578e-01,1.314454650878906250e+01
1.298424560546875000e+03,3.616778182983398438e+01,9.415744781494140625e+01,5.674481201171875000e+01,1.299308300018310547e+01
2.552919189453125000e+03,7.098825836181640625e+01,9.290428924560546875e+01,8.255012512207031250e+01,1.253290176391601562e+01
3.722305175781250000e+03,1.044933166503906250e+02,9.199966430664062500e+01,1.477951812744140625e+01,1.411898803710937500e+01
3.155957031250000000e+03,8.795459747314453125e+01,8.511647033691406250e+01,3.271145248413085938e+01,1.285587596893310547e+01
3.363423828125000000e+03,9.385071563720703125e+01,9.127758026123046875e+01,9.454199218750000000e+01,1.420971012115478516e+01
2.605579101562500000e+03,7.333219146728515625e+01,8.991403198242187500e+01,8.792480468750000000e+01,1.370132350921630859e+01
2.742495361328125000e+03,7.657366180419921875e+01,9.279123687744140625e+01,7.457105255126953125e+01,1.282558059692382812e+01
2.224051269531250000e+03,6.273159408569335938e+01,9.468752288818359375e+01,3.106541824340820312e+01,1.247340869903564453e+01
3.289349853515625000e+03,9.093284606933593750e+01,9.123122406005859375e+01,2.949568176269531250e+01,1.207544136047363281e+01
2.841212890625000000e+03,8.032974243164062500e+01,9.358613586425781250e+01,3.148376655578613281e+01,1.234179687500000000e+01
3.854479492187500000e+03,1.076456909179687500e+02,8.665459442138671875e+01,5.863518142700195312e+01,1.312323760986328125e+01
2.689719726562500000e+03,7.550945281982421875e+01,9.223594665527343750e+01,1.952416229248046875e+01,1.424071311950683594e+01
2.535591308593750000e+03,7.070643615722656250e+01,9.052478790283203125e+01,9.354254150390625000e+01,1.417261886596679688e+01
1.229138305664062500e+03,3.467640686035156250e+01,9.279258728027343750e+01,3.862328338623046875e+01,1.261083126068115234e+01
1.028953735351562500e+03,2.812850952148437500e+01,8.891323089599609375e+01,7.157492828369140625e+01,1.249806118011474609e+01
1.430825927734375000e+03,4.049434280395507812e+01,8.665575408935546875e+01,5.181002020835876465e-01,1.034365844726562500e+01
2.340772216796875000e+03,6.590376281738281250e+01,9.152519226074218750e+01,4.955065536499023438e+01,1.227673053741455078e+01
3.885087890625000000e+03,1.084461364746093750e+02,8.507897186279296875e+01,2.515327453613281250e+00,1.420553970336914062e+01
1.596030517578125000e+03,4.445024871826171875e+01,9.061217498779296875e+01,2.713995933532714844e+00,1.405177879333496094e+01
8.476161499023437500e+02,2.381280899047851562e+01,8.893608856201171875e+01,8.804119873046875000e+01,1.380453491210937500e+01
3.070650390625000000e+03,8.644235992431640625e+01,8.591721343994140625e+01,1.835332298278808594e+01,1.445006752014160156e+01
2.016625976562500000e+03,5.636054992675781250e+01,9.208372497558593750e+01,3.010118103027343750e+01,1.223729324340820312e+01
2.819312988281250000e+03,7.919652557373046875e+01,9.414008331298828125e+01,8.012641143798828125e+01,1.420606231689453125e+01
1.574347167968750000e+03,4.312911605834960938e+01,1.239008560180664062e+02,7.577072143554687500e+01,1.359361267089843750e+01
3.801750000000000000e+03,1.067312927246093750e+02,9.421102905273437500e+01,2.568469429016113281e+01,1.414253330230712891e+01
1.232398681640625000e+03,8.117561936378479004e-01,8.561850738525390625e+01,4.147090435028076172e+00,1.403535842895507812e+01
3.219177246093750000e+03,9.076116180419921875e+01,8.849880981445312500e+01,1.631047630310058594e+01,1.266020965576171875e+01
2.493779785156250000e+03,7.027452850341796875e+01,9.190362548828125000e+01,3.920338821411132812e+01,1.245688343048095703e+01
2.667064453125000000e+03,7.459123229980468750e+01,8.645262145996093750e+01,9.559852600097656250e+00,1.264677047729492188e+01
1.465593872070312500e+03,4.096011352539062500e+01,9.309941101074218750e+01,8.904200553894042969e+00,1.298808670043945312e+01
3.470093017578125000e+03,9.626732635498046875e+01,9.173220062255859375e+01,3.740460586547851562e+01,1.292155742645263672e+01
1.192825439453125000e+03,3.426094436645507812e+01,8.653284454345703125e+01,1.792683029174804688e+01,1.349845695495605469e+01
1.735943603515625000e+03,4.871087646484375000e+01,9.301522064208984375e+01,8.573265075683593750e+01,1.373007011413574219e+01
2.389007568359375000e+03,6.698367309570312500e+01,9.130152130126953125e+01,5.209756469726562500e+01,1.307148265838623047e+01
8.769615478515625000e+02,2.454703330993652344e+01,9.232395172119140625e+01,1.882253646850585938e+01,1.310947608947753906e+01
3.988048095703125000e+03,1.113470993041992188e+02,8.923086547851562500e+01,8.068037986755371094e+00,1.280893325805664062e+01
3.786861083984375000e+03,1.068522491455078125e+02,8.964089965820312500e+01,9.729750823974609375e+01,1.360569572448730469e+01
3.486316406250000000e+03,9.835236358642578125e+01,9.060961151123046875e+01,2.361284828186035156e+01,1.237329196929931641e+01
3.696343261718750000e+03,1.030182952880859375e+02,9.348020935058593750e+01,6.837758636474609375e+01,1.248864078521728516e+01
2.169340576171875000e+03,6.147690963745117188e+01,9.133738708496093750e+01,2.676550483703613281e+01,1.360698699951171875e+01
3.250105468750000000e+03,9.156063842773437500e+01,9.416542053222656250e+01,8.497565269470214844e+00,1.381514835357666016e+01
1.583586059570312500e+03,4.373691177368164062e+01,8.513372039794921875e+01,4.653976440429687500e+01,1.410951232910156250e+01
1.508814208984375000e+03,4.201083374023437500e+01,9.159012603759765625e+01,4.314636230468750000e+01,1.262029266357421875e+01
1.869949584960937500e+03,5.208759689331054688e+01,8.951090240478515625e+01,4.023708724975585938e+01,1.391915225982666016e+01
1.251327514648437500e+03,3.477322006225585938e+01,8.807807922363281250e+01,1.817816162109375000e+01,1.223484325408935547e+01
2.995613769531250000e+03,8.405636596679687500e+01,8.954769134521484375e+01,8.308277130126953125e+00,1.344813537597656250e+01
1.065571655273437500e+03,3.001181793212890625e+01,8.931388854980468750e+01,7.579337310791015625e+01,1.411975669860839844e+01
1.690107666015625000e+03,4.689221191406250000e+01,8.971534729003906250e+01,2.670020484924316406e+01,1.446924972534179688e+01
3.953725830078125000e+03,1.104728546142578125e+02,9.221360015869140625e+01,5.158269119262695312e+01,1.377353572845458984e+01
3.438137451171875000e+03,9.651184082031250000e+01,9.144934082031250000e+01,6.721373748779296875e+01,1.325800514221191406e+01
2.030491210937500000e+03,5.683345413208007812e+01,9.362592315673828125e+01,7.620313262939453125e+01,1.294375324249267578e+01
3.685479736328125000e+03,1.037438125610351562e+02,8.771068572998046875e+01,4.845249176025390625e+01,1.277037525177001953e+01
1.128952636718750000e+03,3.121908378601074219e+01,9.103405761718750000e+01,2.455660438537597656e+01,1.210637950897216797e+01
1.125604003906250000e+03,3.106182098388671875e+01,9.288456726074218750e+01,2.449592590332031250e+01,1.332286834716796875e+01
2.815320800781250000e+03,7.863564300537109375e+01,8.750909423828125000e+01,6.310281372070312500e+01,1.238433837890625000e+01
1.049946899414062500e+03,2.956890678405761719e+01,8.846479034423828125e+01,1.903414726257324219e+00,1.241371917724609375e+01
2.615435546875000000e+03,7.373638153076171875e+01,8.914197540283203125e+01,3.183524513244628906e+01,1.366419792175292969e+01
2.528454345703125000e+03,7.027966308593750000e+01,9.039276123046875000e+01,6.170228958129882812e+01,1.218311500549316406e+01
1.248287475585937500e+03,3.537912750244140625e+01,9.355355834960937500e+01,7.795046234130859375e+01,1.231693363189697266e+01
2.186943115234375000e+03,6.051966094970703125e+01,9.195878601074218750e+01,5.844710922241210938e+01,1.329828453063964844e+01
3.005423339843750000e+03,8.442578125000000000e+01,8.632049560546875000e+01,5.132402420043945312e+01,1.436055278778076172e+01
9.089337158203125000e+02,2.572266006469726562e+01,9.377957153320312500e+01,2.254797935485839844e+01,1.380718612670898438e+01
1.068239624023437500e+03,2.985110282897949219e+01,8.891183471679687500e+01,2.514275932312011719e+01,1.317672729492187500e+01
3.163301269531250000e+03,8.861058807373046875e+01,9.426587677001953125e+01,6.601757812500000000e+01,1.249349117279052734e+01
9.515920410156250000e+02,2.676377105712890625e+01,8.639787292480468750e+01,4.410774230957031250e+01,1.303588485717773438e+01
3.398607910156250000e+03,9.536468505859375000e+01,8.646916961669921875e+01,8.567794799804687500e+01,1.448522853851318359e+01
6.678470214843750000e+03,5.802057266235351562e+01,8.645195007324218750e+01,3.765837907791137695e+00,1.206147480010986328e+01
9.666840820312500000e+02,2.742229080200195312e+01,8.572961425781250000e+01,7.318068981170654297e+00,1.312797069549560547e+01
8.096300659179687500e+02,2.385814285278320312e+01,8.569219970703125000e+01,1.771018981933593750e+01,1.446321105957031250e+01
3.429378906250000000e+03,9.498493957519531250e+01,8.558005523681640625e+01,6.768682861328125000e+01,1.270775222778320312e+01
1.577606201171875000e+03,4.499191665649414062e+01,9.181159210205078125e+01,3.004911041259765625e+01,1.295932006835937500e+01
3.787325195312500000e+03,1.063103103637695312e+02,9.239488983154296875e+01,4.689302062988281250e+01,1.211778926849365234e+01
3.524379150390625000e+03,9.934813690185546875e+01,9.496298980712890625e+01,3.575799560546875000e+01,1.242876911163330078e+01
1.903570556640625000e+03,5.266062164306640625e+01,8.997967529296875000e+01,1.581678676605224609e+01,1.308022594451904297e+01
3.929595214843750000e+03,1.098344268798828125e+02,9.192183685302734375e+01,3.932266616821289062e+01,1.387834358215332031e+01
3.661544189453125000e+03,1.029977111816406250e+02,8.633245849609375000e+01,9.566794586181640625e+01,1.422935581207275391e+01
2.367640869140625000e+03,6.650546264648437500e+01,9.074371337890625000e+01,5.583288955688476562e+01,1.203743934631347656e+01
1.539105346679687500e+03,4.290263366699218750e+01,9.058374786376953125e+01,9.695481872558593750e+01,1.241042613983154297e+01
2.463631103515625000e+03,6.830807495117187500e+01,8.662771606445312500e+01,2.993881034851074219e+01,1.415594291687011719e+01
1.772158447265625000e+03,4.951188659667968750e+01,8.895788574218750000e+01,9.793460845947265625e+01,1.245267868041992188e+01
3.923573486328125000e+03,1.106494598388671875e+02,8.892858886718750000e+01,9.646775054931640625e+01,1.372502231597900391e+01
2.360415039062500000e+03,6.597488403320312500e+01,9.060636138916015625e+01,8.784146881103515625e+01,1.335931873321533203e+01
1.260521728515625000e+03,3.508843612670898438e+01,9.258155059814453125e+01,7.870817565917968750e+01,1.396387767791748047e+01
2.516091552734375000e+03,7.056425476074218750e+01,8.999469757080078125e+01,6.237695693969726562e+01,1.364676570892333984e+01
9.625779418945312500e+02,2.725366783142089844e+01,8.641799163818359375e+01,4.750519943237304688e+01,1.336169242858886719e+01
2.267394042968750000e+03,6.370097732543945312e+01,9.136408233642578125e+01,5.724131393432617188e+01,1.236282539367675781e+01
9.048885498046875000e+02,6.968002319335937500e-01,8.930101013183593750e+01,2.243012046813964844e+01,1.296053504943847656e+01
1.428857055664062500e+03,4.010717773437500000e+01,9.278299713134765625e+01,9.837223052978515625e+01,1.364886760711669922e+01
3.311716308593750000e+03,9.241338348388671875e+01,8.932257843017578125e+01,8.424311828613281250e+01,1.391034412384033203e+01
1.511577392578125000e+03,4.186528778076171875e+01,9.242906188964843750e+01,2.370620727539062500e+01,1.407437515258789062e+01
1.656646728515625000e+03,4.646411895751953125e+01,9.182015228271484375e+01,4.426155471801757812e+01,1.393445014953613281e+01
1.602244628906250000e+03,4.532955932617187500e+01,9.439879608154296875e+01,2.984399795532226562e+01,1.294188690185546875e+01
2.131981201171875000e+03,5.929137420654296875e+01,9.170276641845703125e+01,7.639959716796875000e+01,1.432157230377197266e+01
1.696993774414062500e+03,4.701936721801757812e+01,8.519216918945312500e+01,1.742508506774902344e+01,1.406738662719726562e+01
1.747371948242187500e+03,4.921036529541015625e+01,8.570003509521484375e+01,1.706443595886230469e+01,1.355714797973632812e+01
1.301506835937500000e+03,3.632488250732421875e+01,9.359091949462890625e+01,9.441954612731933594e+00,1.366787624359130859e+01
1.648004272460937500e+03,4.701538848876953125e+01,9.457260131835937500e+01,1.043302917480468750e+01,1.245786762237548828e+01
2.508103515625000000e+03,6.937317657470703125e+01,8.885861206054687500e+01,4.641807556152343750e+00,1.427380275726318359e+01
3.510605712890625000e+03,9.764118194580078125e+01,9.224726867675781250e+01,8.784487152099609375e+01,1.208578205108642578e+01
1.579023071289062500e+03,4.392220687866210938e+01,9.066251373291015625e+01,4.012395095825195312e+01,1.337897586822509766e+01
1.390348632812500000e+03,3.912522888183593750e+01,8.885302734375000000e+01,9.314353179931640625e+01,1.433480262756347656e+01
1.736424316406250000e+03,4.895872497558593750e+01,9.227011108398437500e+01,8.455290222167968750e+01,1.405780887603759766e+01
1.379231567382812500e+03,3.877483749389648438e+01,9.147119140625000000e+01,4.196585845947265625e+01,1.243704700469970703e+01
6.625606445312500000e+03,5.198311614990234375e+01,9.051889038085937500e+01,8.112763977050781250e+01,1.246852684020996094e+01
2.889999023437500000e+03,8.054988098144531250e+01,9.072431182861328125e+01,3.841693639755249023e+00,1.426553916931152344e+01
2.615483642578125000e+03,7.338550567626953125e+01,9.194066619873046875e+01,8.565933227539062500e+01,1.394685935974121094e+01
3.517291503906250000e+03,9.860395812988281250e+01,9.347879028320312500e+01,1.224566578865051270e+00,1.310494327545166016e+01
3.235269042968750000e+03,9.182344055175781250e+01,8.556817626953125000e+01,7.769070434570312500e+01,1.294134712219238281e+01
2.208160400390625000e+03,6.182998657226562500e+01,8.591723632812500000e+01,6.674899291992187500e+01,1.363879394531250000e+01
1.918068603515625000e+03,5.287548446655273438e+01,8.656774139404296875e+01,8.459490203857421875e+01,1.438007926940917969e+01
2.231754882812500000e+03,6.279012680053710938e+01,9.319178771972656250e+01,1.120843315124511719e+01,1.351482582092285156e+01
2.895792968750000000e+03,8.078869628906250000e+01,8.834389495849609375e+01,2.409254837036132812e+01,1.405832481384277344e+01
3.870621093750000000e+03,1.080722122192382812e+02,8.986162567138671875e+01,4.407115173339843750e+01,1.426916027069091797e+01
3.809902099609375000e+03,1.068689498901367188e+02,9.008352661132812500e+01,4.040343856811523438e+01,1.318542194366455078e+01
3.216981689453125000e+03,8.961224365234375000e+01,8.741045379638671875e+01,1.462525177001953125e+01,1.390172958374023438e+01
1.959272949218750000e+03,5.489524078369140625e+01,9.304707336425781250e+01,5.965013027191162109e+00,1.301213169097900391e+01
3.041747070312500000e+03,8.550459289550781250e+01,8.906029510498046875e+01,5.733113861083984375e+01,1.206945991516113281e+01
1.207635620117187500e+03,3.340466308593750000e+01,8.984315490722656250e+01,9.187979888916015625e+01,1.401708602905273438e+01
3.908690673828125000e+03,1.097399749755859375e+02,8.989956665039062500e+01,8.633822631835937500e+01,1.253492736816406250e+01
2.735819091796875000e+03,7.683983612060546875e+01,9.473171997070312500e+01,1.415312194824218750e+01,1.437110137939453125e+01
2.246485595703125000e+03,6.266883087158203125e+01,9.225531005859375000e+01,6.137802505493164062e+01,1.264277076721191406e+01
3.286422363281250000e+03,9.217169189453125000e+01,9.019305419921875000e+01,3.528399944305419922e+00,1.377348995208740234e+01
2.881673339843750000e+03,8.082880401611328125e+01,9.434928131103515625e+01,7.263320159912109375e+01,1.331920337677001953e+01
3.581040039062500000e+03,1.002265396118164062e+02,9.328618621826171875e+01,7.792005920410156250e+01,1.398570728302001953e+01
2.713232910156250000e+03,7.580239105224609375e+01,8.762975311279296875e+01,6.921494007110595703e+00,1.282538223266601562e+01
3.476173828125000000e+03,9.814733123779296875e+01,9.055969238281250000e+01,8.390697479248046875e+01,1.447580432891845703e+01
2.722158447265625000e+03,7.523635864257812500e+01,9.156909179687500000e+01,4.661665916442871094e+00,1.348797321319580078e+01
1.980126098632812500e+03,5.510061645507812500e+01,8.682142639160156250e+01,5.578155517578125000e+01,1.429825878143310547e+01
3.125043212890625000e+03,8.702395629882812500e+01,8.963080596923828125e+01,5.123899078369140625e+01,1.210801887512207031e+01
2.965558593750000000e+03,8.290417480468750000e+01,9.107804870605468750e+01,8.290153503417968750e+01,1.328514671325683594e+01
3.264617919921875000e+03,9.060177612304687500e+01,9.106362915039062500e+01,6.584807586669921875e+01,1.407398891448974609e+01
1.046606933593750000e+03,2.887305641174316406e+01,9.120675659179687500e+01,8.323287200927734375e+01,1.411170864105224609e+01
2.377424072265625000e+03,6.682473754882812500e+01,8.934123229980468750e+01,1.173114538192749023e+00,1.300445461273193359e+01
2.883472656250000000e+03,8.044692230224609375e+01,9.075256347656250000e+01,8.668047332763671875e+01,1.262199687957763672e+01
1.439952636718750000e+03,4.055061340332031250e+01,8.550504302978515625e+01,2.293406295776367188e+01,1.288426208496093750e+01
2.972924316406250000e+03,8.372512054443359375e+01,8.575299072265625000e+01,6.885612487792968750e+01,1.320718479156494141e+01
2.590370361328125000e+03,7.140851593017578125e+01,8.977425384521484375e+01,6.002611541748046875e+01,1.233913516998291016e+01
9.010097656250000000e+02,2.416547393798828125e+01,9.355068206787109375e+01,9.013095855712890625e+01,1.389105987548828125e+01
3.096062500000000000e+03,8.630981445312500000e+01,9.169037628173828125e+01,5.471662521362304688e+01,1.312149429321289062e+01
3.846184326171875000e+03,-4.753099679946899414e-01,9.029196929931640625e+01,6.594551086425781250e+01,1.362494564056396484e+01
2.363969482421875000e+03,6.652606201171875000e+01,8.730901336669921875e+01,3.785065841674804688e+01,1.416310119628906250e+01
2.604359619140625000e+03,7.256233215332031250e+01,8.558848571777343750e+01,5.978560256958007812e+01,1.403975296020507812e+01
3.538054687500000000e+03,9.848680114746093750e+01,9.094272613525390625e+01,8.781474304199218750e+01,1.293616008758544922e+01
2.222133300781250000e+03,6.245765686035156250e+01,8.790278625488281250e+01,8.547331237792968750e+01,1.230473327636718750e+01
1.446217407226562500e+03,4.028126907348632812e+01,8.626147460937500000e+01,3.263788986206054688e+01,1.245972347259521484e+01
2.617104736328125000e+03,7.302218627929687500e+01,9.128573608398437500e+01,2.292133522033691406e+01,1.307021045684814453e+01
2.477198974609375000e+03,6.957676696777343750e+01,8.771031951904296875e+01,8.671667480468750000e+01,1.394989299774169922e+01
2.642394042968750000e+03,7.425255584716796875e+01,9.081628417968750000e+01,3.627628326416015625e+01,1.435601615905761719e+01
2.974486328125000000e+03,8.402807617187500000e+01,8.599156951904296875e+01,2.069851684570312500e+01,1.305683517456054688e+01
3.381341796875000000e+03,9.416928100585937500e+01,9.349222564697265625e+01,8.666957092285156250e+01,1.379531860351562500e+01
3.445275878906250000e+03,9.570443725585937500e+01,9.037398529052734375e+01,4.456000137329101562e+01,1.201462459564208984e+01
1.846915405273437500e+03,5.118392944335937500e+01,8.815227508544921875e+01,8.287436485290527344e+00,1.330010509490966797e+01
2.128060546875000000e+03,5.962586212158203125e+01,8.788887786865234375e+01,8.015904235839843750e+01,1.387962627410888672e+01
1.400562622070312500e+03,3.882769775390625000e+01,9.250830841064453125e+01,7.531071472167968750e+01,1.289072322845458984e+01
2.549491210937500000e+03,7.190469360351562500e+01,9.390496063232421875e+01,7.988470458984375000e+01,1.323415946960449219e+01
3.871359130859375000e+03,1.085914840698242188e+02,8.745751190185546875e+01,6.238322830200195312e+01,1.235222911834716797e+01
3.067616943359375000e+03,8.546842193603515625e+01,9.498674011230468750e+01,7.317676544189453125e+01,1.347602844238281250e+01
1.924313232421875000e+03,5.487611389160156250e+01,8.987686157226562500e+01,7.905770111083984375e+01,1.279470634460449219e+01
2.033255126953125000e+03,5.638552856445312500e+01,8.873846435546875000e+01,3.790884017944335938e+01,1.446509647369384766e+01
3.106700195312500000e+03,8.642160797119140625e+01,9.347501373291015625e+01,2.018998146057128906e+01,1.383734703063964844e+01
1.589871215820312500e+03,4.467583847045898438e+01,9.097573852539062500e+01,7.438719940185546875e+01,1.371317005157470703e+01
3.257147216796875000e+03,9.181313323974609375e+01,8.970603179931640625e+01,4.468791198730468750e+01,1.202827453613281250e+01
3.758781250000000000e+03,1.039333038330078125e+02,8.811064147949218750e+01,4.000665664672851562e+01,1.233373928070068359e+01
1.556353393554687500e+03,4.341590118408203125e+01,8.653601837158203125e+01,6.332848072052001953e+00,1.248781013488769531e+01
3.526449707031250000e+03,9.869704437255859375e+01,9.409552001953125000e+01,5.871239471435546875e+01,1.412568569183349609e+01
3.576845214843750000e+03,9.971144866943359375e+01,8.744834899902343750e+01,3.934207534790039062e+01,1.426671218872070312e+01
2.066920654296875000e+03,5.770924758911132812e+01,9.018701934814453125e+01,5.448500442504882812e+01,1.365115261077880859e+01
1.577988891601562500e+03,4.503999328613281250e+01,9.417797088623046875e+01,1.642901420593261719e+01,1.304142665863037109e+01
3.928019042968750000e+03,1.107353363037109375e+02,8.842314910888671875e+01,3.735910034179687500e+01,1.233472251892089844e+01
2.673279785156250000e+03,7.514895629882812500e+01,9.067112731933593750e+01,7.325958251953125000e+01,1.246933555603027344e+01
3.365371093750000000e+03,9.368506622314453125e+01,9.173387908935546875e+01,5.615705871582031250e+01,1.276890373229980469e+01
3.496742187500000000e+03,9.836281585693359375e+01,9.452975463867187500e+01,6.507946014404296875e+01,1.228974723815917969e+01
1.683776245117187500e+03,4.666337585449218750e+01,9.111822509765625000e+01,6.146667098999023438e+01,1.253212070465087891e+01
2.579808837890625000e+03,7.252429199218750000e+01,9.360346221923828125e+01,6.483976745605468750e+01,1.305055618286132812e+01
9.781106567382812500e+02,2.618483352661132812e+01,9.026593017578125000e+01,8.084030914306640625e+01,1.298020458221435547e+01
3.240292480468750000e+03,9.185128021240234375e+01,8.706803894042968750e+01,4.283991241455078125e+01,1.416709995269775391e+01
9.645413208007812500e+02,2.726698684692382812e+01,8.853337860107421875e+01,7.874638366699218750e+01,1.408030033111572266e+01
1.967578369140625000e+03,5.473174285888671875e+01,9.047247314453125000e+01,7.547261047363281250e+01,1.280373954772949219e+01
8.685770263671875000e+02,2.407658386230468750e+01,9.215541076660156250e+01,1.088655853271484375e+01,1.307324028015136719e+01
1.026521484375000000e+03,2.973648262023925781e+01,9.221660614013671875e+01,2.237225914001464844e+01,1.438485431671142578e+01
2.165746093750000000e+03,6.040363311767578125e+01,8.598316955566406250e+01,4.295762538909912109e+00,1.380342197418212891e+01
2.405317871093750000e+03,6.732775115966796875e+01,9.421964263916015625e+01,5.073239898681640625e+01,1.309601783752441406e+01
2.041771362304687500e+03,5.751342391967773438e+01,8.594099426269531250e+01,1.543037223815917969e+01,1.432948684692382812e+01
7.321930664062500000e+03,1.086807556152343750e+02,9.125904083251953125e+01,1.986933517456054688e+01,1.286805820465087891e+01
1.602921386718750000e+03,4.525817871093750000e+01,9.138206481933593750e+01,3.450279998779296875e+01,1.299014759063720703e+01
2.996081054687500000e+03,8.392539215087890625e+01,9.407783508300781250e+01,3.679634094238281250e+01,1.288318252563476562e+01
3.531682128906250000e+03,9.899282836914062500e+01,9.082682800292968750e+01,2.853119850158691406e+01,1.384793090820312500e+01
2.086941162109375000e+03,5.803097915649414062e+01,8.913987731933593750e+01,7.868162536621093750e+01,1.427243232727050781e+01
2.374016357421875000e+03,6.696966552734375000e+01,8.718179321289062500e+01,1.875302696228027344e+01,1.440795612335205078e+01
1.085472656250000000e+03,2.947739601135253906e+01,9.214842987060546875e+01,9.915436553955078125e+01,1.381866836547851562e+01
8.916979980468750000e+02,2.515673065185546875e+01,8.929177856445312500e+01,4.544609069824218750e+01,1.280062770843505859e+01
3.692935791015625000e+03,1.037305374145507812e+02,8.837924194335937500e+01,8.136705017089843750e+01,1.229336357116699219e+01
9.768652954101562500e+02,2.849304580688476562e+01,8.764807128906250000e+01,6.104850769042968750e+01,1.251347541809082031e+01
3.242097656250000000e+03,9.042129516601562500e+01,8.997931671142578125e+01,6.429984283447265625e+01,1.416793060302734375e+01
1.173499389648437500e+03,3.236699676513671875e+01,8.687230682373046875e+01,3.683839416503906250e+01,1.266772842407226562e+01
2.202468994140625000e+03,6.249499130249023438e+01,9.281233978271484375e+01,4.707253456115722656e+00,1.335962772369384766e+01
1.777354125976562500e+03,4.954295349121093750e+01,8.529174041748046875e+01,6.624916839599609375e+01,1.280806732177734375e+01
9.559117431640625000e+02,2.674665260314941406e+01,8.973475646972656250e+01,1.643787193298339844e+01,1.376281452178955078e+01
8.513796386718750000e+02,2.309648513793945312e+01,9.196729278564453125e+01,4.670487403869628906e+00,1.424350070953369141e+01
1.441692016601562500e+03,4.048789215087890625e+01,9.238497924804687500e+01,2.125149917602539062e+01,1.255789470672607422e+01
2.124230224609375000e+03,5.917541122436523438e+01,9.040721893310546875e+01,6.113654708862304688e+01,1.250626468658447266e+01
3.971295410156250000e+03,1.111747970581054688e+02,9.296016693115234375e+01,8.044943237304687500e+01,1.361093425750732422e+01
3.529250732421875000e+03,9.858744049072265625e+01,9.372484588623046875e+01,6.438513755798339844e+00,1.389213848114013672e+01
3.504600341796875000e+03,9.851733398437500000e+01,8.507614898681640625e+01,1.887367057800292969e+01,1.432819557189941406e+01
2.375172363281250000e+03,6.606989288330078125e+01,9.242520904541015625e+01,4.716353225708007812e+01,1.370070743560791016e+01
1.047968627929687500e+03,2.854123497009277344e+01,9.279998016357421875e+01,2.544815063476562500e+01,1.395814418792724609e+01
2.259689453125000000e+03,6.292219543457031250e+01,8.810217285156250000e+01,9.365995788574218750e+01,1.275748825073242188e+01
1.322973754882812500e+03,3.808909988403320312e+01,8.552281951904296875e+01,7.424893188476562500e+01,1.237663173675537109e+01
1.153555908203125000e+03,3.267855072021484375e+01,8.596981048583984375e+01,2.141808128356933594e+01,1.346649456024169922e+01
8.234877319335937500e+02,2.324767112731933594e+01,9.478679656982421875e+01,4.338699340820312500e+01,1.248791217803955078e+01
9.278141479492187500e+02,2.566288948059082031e+01,8.782979583740234375e+01,6.825598144531250000e+01,1.360681343078613281e+01
1.031474975585937500e+03,2.922603607177734375e+01,8.793936920166015625e+01,6.082332229614257812e+01,1.297925376892089844e+01
3.551359130859375000e+03,9.958982849121093750e+01,8.840727233886718750e+01,6.920288085937500000e+01,1.211057853698730469e+01
1.841096679687500000e+03,5.179174041748046875e+01,9.029541778564453125e+01,7.423179626464843750e+01,1.347686195373535156e+01
2.476009521484375000e+03,6.877205657958984375e+01,9.333458709716796875e+01,5.196186542510986328e+00,1.431210422515869141e+01
3.641692138671875000e+03,1.019222793579101562e+02,8.699794769287109375e+01,2.923115348815917969e+01,1.443017578125000000e+01
3.675147705078125000e+03,1.035159683227539062e+02,8.575823211669921875e+01,7.236110687255859375e+01,1.392735385894775391e+01
9.144570312500000000e+02,4.735045433044433594e-01,8.837863159179687500e+01,8.110162353515625000e+01,1.308909225463867188e+01
1.889540649414062500e+03,5.249981689453125000e+01,9.013713073730468750e+01,6.645462799072265625e+01,1.347130489349365234e+01
1.511992797851562500e+03,4.216757583618164062e+01,9.035364532470703125e+01,4.273017501831054688e+01,1.399246501922607422e+01
1.339739135742187500e+03,3.746739578247070312e+01,8.621607971191406250e+01,7.508660125732421875e+01,1.311230468750000000e+01
8.309217529296875000e+02,2.311280441284179688e+01,8.589518737792968750e+01,3.577525711059570312e+01,1.255935668945312500e+01
3.136961914062500000e+03,8.853170776367187500e+01,8.901799774169921875e+01,3.066555023193359375e+01,1.224904632568359375e+01
3.479623535156250000e+03,9.776225280761718750e+01,9.341992950439453125e+01,5.556791782379150391e+00,1.270152854919433594e+01
3.506736083984375000e+03,9.722067260742187500e+01,8.647643280029296875e+01,5.264893722534179688e+01,1.367105484008789062e+01
2.486781005859375000e+03,6.925798797607421875e+01,8.565260314941406250e+01,4.147227478027343750e+01,1.283737945556640625e+01
2.006512817382812500e+03,5.584676742553710938e+01,8.663671112060546875e+01,6.796304321289062500e+01,1.219231224060058594e+01
2.467494873046875000e+03,6.887865447998046875e+01,9.365653228759765625e+01,6.474585723876953125e+01,1.308725070953369141e+01
3.198177246093750000e+03,8.942974853515625000e+01,8.980387115478515625e+01,8.961019134521484375e+01,1.308412742614746094e+01
3.764296386718750000e+03,1.055143280029296875e+02,9.349057769775390625e+01,2.295201110839843750e+01,1.332861995697021484e+01
2.633528564453125000e+03,7.328994750976562500e+01,9.049107360839843750e+01,8.691295623779296875e+01,1.351251888275146484e+01
2.600090087890625000e+03,7.262994384765625000e+01,9.484607696533203125e+01,2.479016876220703125e+01,1.218987083435058594e+01
3.443191406250000000e+03,9.640321350097656250e+01,8.563748931884765625e+01,3.384276199340820312e+01,1.330024719238281250e+01
1.868523315429687500e+03,5.273703384399414062e+01,8.780138397216796875e+01,8.428353881835937500e+01,1.363953590393066406e+01
6.985427246093750000e+03,1.090230407714843750e+02,8.527951812744140625e+01,1.165864181518554688e+01,1.254502773284912109e+01
2.790431640625000000e+03,7.811077880859375000e+01,9.377411651611328125e+01,9.203027343750000000e+01,1.421791553497314453e+01
2.673787597656250000e+03,7.588397979736328125e+01,8.770425415039062500e+01,6.547858715057373047e-01,1.342002582550048828e+01
3.933578369140625000e+03,1.107292861938476562e+02,9.329221343994140625e+01,5.940959930419921875e+01,1.261213684082031250e+01
3.499793701171875000e+03,9.812057495117187500e+01,9.003676605224609375e+01,3.897214889526367188e+01,1.325783443450927734e+01
2.889705078125000000e+03,8.073483276367187500e+01,9.467202758789062500e+01,5.678292083740234375e+01,1.449922847747802734e+01
1.045985595703125000e+03,2.997059249877929688e+01,8.537585449218750000e+01,8.988262176513671875e+01,1.443904495239257812e+01
2.513920166015625000e+03,7.059701538085937500e+01,8.576046752929687500e+01,9.737749481201171875e+01,1.386558818817138672e+01
1.974302368164062500e+03,5.528781890869140625e+01,8.660484313964843750e+01,7.906494903564453125e+01,1.338614940643310547e+01
2.478109375000000000e+03,7.021083831787109375e+01,8.603916168212890625e+01,8.452095031738281250e+01,1.378815364837646484e+01
2.467503417968750000e+03,6.828034210205078125e+01,8.544554901123046875e+01,5.837094879150390625e+01,1.295010948181152344e+01
3.362313476562500000e+03,9.481950378417968750e+01,8.533376312255859375e+01,3.022872161865234375e+01,1.305712699890136719e+01
2.658390869140625000e+03,-6.727020740509033203e-01,8.964132690429687500e+01,4.962237167358398438e+01,1.206125926971435547e+01
3.283063720703125000e+03,9.226403045654296875e+01,8.949561309814453125e+01,3.187724494934082031e+01,1.201015377044677734e+01
3.008496582031250000e+03,8.395603942871093750e+01,9.337463378906250000e+01,9.603787231445312500e+01,1.291822910308837891e+01
2.918921386718750000e+03,8.169406127929687500e+01,8.722623443603515625e+01,2.225223541259765625e+01,1.349988174438476562e+01
2.322043212890625000e+03,-1.425230354070663452e-01,9.037662506103515625e+01,9.113340759277343750e+01,1.259702110290527344e+01
3.146977539062500000e+03,8.876488494873046875e+01,9.272531127929687500e+01,7.893958282470703125e+01,9.910001754760742188e+00
1.339176757812500000e+03,3.737155532836914062e+01,9.285966491699218750e+01,5.914876556396484375e+01,1.225285816192626953e+01
1.562091430664062500e+03,4.378879165649414062e+01,9.216298675537109375e+01,7.465401458740234375e+01,1.259540748596191406e+01
3.505850341796875000e+03,9.845040893554687500e+01,9.329360198974609375e+01,1.243284797668457031e+01,1.390228843688964844e+01
6.639854003906250000e+03,9.512197875976562500e+01,8.833564758300781250e+01,8.067803955078125000e+01,1.248753833770751953e+01
3.875746582031250000e+03,1.088959808349609375e+02,9.425926971435546875e+01,5.892003631591796875e+01,1.303615283966064453e+01
2.887110595703125000e+03,8.095928955078125000e+01,9.464305877685546875e+01,4.267116546630859375e+01,1.354269790649414062e+01
3.838049316406250000e+03,1.078017730712890625e+02,8.893420410156250000e+01,8.093490600585937500e+00,1.301016330718994141e+01
1.184377319335937500e+03,3.407473754882812500e+01,9.333348846435546875e+01,1.162287425994873047e+01,1.221514129638671875e+01
3.974306396484375000e+03,1.118794708251953125e+02,9.103234863281250000e+01,3.946384811401367188e+01,1.073088645935058594e+01
1.607416381835937500e+03,4.520875930786132812e+01,9.164035797119140625e+01,1.306496143341064453e+01,1.250043201446533203e+01
2.921368652343750000e+03,8.193432617187500000e+01,8.666635894775390625e+01,4.385828495025634766e+00,1.309896850585937500e+01
1.363642578125000000e+03,3.813079452514648438e+01,9.360282135009765625e+01,3.203971862792968750e+01,1.290189647674560547e+01
1.468401123046875000e+03,4.117758178710937500e+01,9.491217803955078125e+01,6.187945556640625000e+01,1.252227687835693359e+01
2.445513183593750000e+03,6.921011352539062500e+01,8.962799072265625000e+01,3.850894927978515625e+01,1.359890842437744141e+01
1.748751464843750000e+03,4.947294616699218750e+01,8.832446289062500000e+01,7.603675842285156250e+01,1.210236072540283203e+01
1.429757446289062500e+03,4.020156097412109375e+01,8.521804809570312500e+01,5.037505722045898438e+01,1.336334133148193359e+01
1.382868408203125000e+03,3.818321990966796875e+01,8.647991943359375000e+01,3.651178359985351562e+01,1.430555057525634766e+01
2.367039062500000000e+03,6.668339538574218750e+01,8.964973449707031250e+01,9.779169464111328125e+01,1.302894020080566406e+01
1.967120483398437500e+03,5.465150451660156250e+01,9.419445037841796875e+01,2.208135032653808594e+01,1.203537654876708984e+01
3.913604736328125000e+03,1.108239212036132812e+02,9.411352539062500000e+01,4.251807403564453125e+01,1.200138568878173828e+01
1.315478393554687500e+03,3.740130996704101562e+01,8.502411651611328125e+01,5.246341705322265625e+01,1.248670387268066406e+01
9.765697021484375000e+02,2.633979034423828125e+01,9.343903350830078125e+01,3.037167739868164062e+01,1.232406234741210938e+01
2.590885498046875000e+03,7.278453826904296875e+01,9.268694305419921875e+01,7.731228637695312500e+01,1.271335697174072266e+01
1.462025390625000000e+03,4.033877182006835938e+01,8.887421417236328125e+01,8.532271575927734375e+01,1.348990154266357422e+01
1.997977050781250000e+03,5.573143386840820312e+01,9.312905120849609375e+01,8.812332153320312500e+01,1.336754035949707031e+01
6.900820312500000000e+03,9.525168609619140625e+01,9.045153045654296875e+01,6.597982025146484375e+01,1.247935676574707031e+01
2.191363525390625000e+03,6.079133224487304688e+01,9.499517822265625000e+01,3.490826034545898438e+01,1.261100769042968750e+01
3.275808349609375000e+03,9.214147186279296875e+01,8.761437225341796875e+01,8.686521530151367188e+00,1.394163990020751953e+01
2.329666992187500000e+03,-3.720735311508178711e-01,9.170017242431640625e+01,6.825940704345703125e+01,1.321616649627685547e+01
2.058165283203125000e+03,5.697747039794921875e+01,8.765949249267578125e+01,6.000294494628906250e+01,1.238008975982666016e+01
2.191034912109375000e+03,6.186256408691406250e+01,8.943650817871093750e+01,5.387638092041015625e+01,1.393395423889160156e+01
2.020184082031250000e+03,5.656781768798828125e+01,9.486944580078125000e+01,8.748508453369140625e+01,1.241466522216796875e+01
3.154280273437500000e+03,8.803068542480468750e+01,9.418508911132812500e+01,4.986313247680664062e+01,9.780364036560058594e+00
3.871278564453125000e+03,1.079824447631835938e+02,8.541078948974609375e+01,2.460666084289550781e+01,1.216382598876953125e+01
2.212943603515625000e+03,6.174121093750000000e+01,8.772946166992187500e+01,5.688189697265625000e+01,1.236249637603759766e+01
8.743282470703125000e+02,2.421723175048828125e+01,9.375107574462890625e+01,6.102274322509765625e+01,1.310985755920410156e+01
1.993468383789062500e+03,5.610610198974609375e+01,9.268400573730468750e+01,7.544060516357421875e+01,1.307939529418945312e+01
3.608647216796875000e+03,1.013133468627929688e+02,8.784556579589843750e+01,2.727735900878906250e+01,1.391863918304443359e+01
1.759251831054687500e+03,4.907635498046875000e+01,8.623463439941406250e+01,7.413874816894531250e+01,1.421465682983398438e+01
1.248797119140625000e+03,3.444849014282226562e+01,8.608575439453125000e+01,6.722400665283203125e+01,1.270308399200439453e+01
3.188352294921875000e+03,8.843210601806640625e+01,9.385810089111328125e+01,8.783815002441406250e+01,1.238963508605957031e+01
3.119634521484375000e+03,8.709909057617187500e+01,8.572610473632812500e+01,5.095778274536132812e+01,1.265444660186767578e+01
3.973664550781250000e+03,1.115459442138671875e+02,8.615027618408203125e+01,4.543075561523437500e+00,1.397578620910644531e+01
7.020030273437500000e+03,9.708005523681640625e+01,8.640118408203125000e+01,1.326362419128417969e+01,1.422875690460205078e+01
1.104822753906250000e+03,3.076120567321777344e+01,8.842146301269531250e+01,6.586701202392578125e+01,1.303062248229980469e+01
2.855823242187500000e+03,7.991427612304687500e+01,9.149675750732421875e+01,6.461624145507812500e+01,1.404218673706054688e+01
2.492790283203125000e+03,6.942666625976562500e+01,9.431554412841796875e+01,1.990498542785644531e+01,1.244920539855957031e+01
1.044100830078125000e+03,2.957935142517089844e+01,8.815003967285156250e+01,2.753767776489257812e+01,1.225251197814941406e+01
1.949884887695312500e+03,5.416392898559570312e+01,8.680342102050781250e+01,7.565158843994140625e+01,1.239252853393554688e+01
3.536997314453125000e+03,1.000846786499023438e+02,9.366242218017578125e+01,4.015200805664062500e+01,1.351801967620849609e+01
3.970991943359375000e+03,1.110692596435546875e+02,9.195866394042968750e+01,1.537434673309326172e+01,1.429757118225097656e+01
3.158310302734375000e+03,8.770954895019531250e+01,8.533400726318359375e+01,8.810723876953125000e+01,1.397338771820068359e+01
2.199968261718750000e+03,6.164178848266601562e+01,8.715431213378906250e+01,1.249065343290567398e-02,1.264377212524414062e+01
3.517404541015625000e+03,9.888013458251953125e+01,8.699959564208984375e+01,7.173432159423828125e+01,1.387532424926757812e+01
1.471407104492187500e+03,4.179996871948242188e+01,8.516070556640625000e+01,1.272524356842041016e+01,1.409072589874267578e+01
2.137146972656250000e+03,6.014222335815429688e+01,8.567640686035156250e+01,5.859513473510742188e+01,1.248411750793457031e+01
2.802184814453125000e+03,7.897093200683593750e+01,8.546856689453125000e+01,1.743917083740234375e+01,1.212123680114746094e+01
3.304323242187500000e+03,9.213431549072265625e+01,8.731150054931640625e+01,8.821134185791015625e+01,1.352387619018554688e+01
2.983060058593750000e+03,8.398336029052734375e+01,9.038853454589843750e+01,7.875319671630859375e+01,1.422808456420898438e+01
1.777703002929687500e+03,5.010574340820312500e+01,9.308365631103515625e+01,4.870107269287109375e+01,1.291731929779052734e+01
1.990881591796875000e+03,5.644869995117187500e+01,9.150544738769531250e+01,2.439280450344085693e-01,1.354618453979492188e+01
2.962303710937500000e+03,8.362007904052734375e+01,9.460881042480468750e+01,6.885163879394531250e+01,1.214240074157714844e+01
2.665645751953125000e+03,7.528249359130859375e+01,9.199945831298828125e+01,6.772546386718750000e+01,1.215115928649902344e+01
3.903565673828125000e+03,1.101280212402343750e+02,9.459452819824218750e+01,2.531691551208496094e+01,1.226386165618896484e+01
3.427938476562500000e+03,9.663406372070312500e+01,8.821545410156250000e+01,7.488208007812500000e+01,1.400347328186035156e+01
1.686172485351562500e+03,4.716356277465820312e+01,8.910256195068359375e+01,8.446475219726562500e+01,1.307226562500000000e+01
1.083715820312500000e+03,3.046361160278320312e+01,8.737404632568359375e+01,6.817086791992187500e+01,1.386917400360107422e+01
2.039381103515625000e+03,5.729698562622070312e+01,8.980142211914062500e+01,2.745840072631835938e+01,1.306138992309570312e+01
1.758213867187500000e+03,4.975865173339843750e+01,8.585794830322265625e+01,7.663606262207031250e+01,1.262078189849853516e+01
3.614815429687500000e+03,1.017370452880859375e+02,8.792639160156250000e+01,9.761135101318359375e+01,1.336194038391113281e+01
2.061202392578125000e+03,5.803741073608398438e+01,8.501660919189453125e+01,1.120703697204589844e+01,1.415691184997558594e+01
2.759114746093750000e+03,7.736590576171875000e+01,8.672367095947265625e+01,9.297682189941406250e+01,1.210750770568847656e+01
3.270156738281250000e+03,9.175837707519531250e+01,8.855777740478515625e+01,3.209099578857421875e+01,1.445110511779785156e+01
3.992561523437500000e+03,1.119701004028320312e+02,8.938316345214843750e+01,2.868355560302734375e+01,1.232506275177001953e+01
2.242928955078125000e+03,6.239492416381835938e+01,9.168443298339843750e+01,5.606528472900390625e+01,1.421290683746337891e+01
1.044835937500000000e+03,2.907532119750976562e+01,9.108802032470703125e+01,5.901950836181640625e+01,1.245360946655273438e+01
2.421846191406250000e+03,6.826037597656250000e+01,9.126049041748046875e+01,8.748990631103515625e+01,1.290629673004150391e+01
3.993003173828125000e+03,1.113932495117187500e+02,9.408415985107421875e+01,5.585520863533020020e-01,1.338084602355957031e+01
3.230447753906250000e+03,9.040269470214843750e+01,9.334748077392578125e+01,7.605155944824218750e+00,1.385177803039550781e+01
1.669426391601562500e+03,4.684676742553710938e+01,9.232159423828125000e+01,1.056047916412353516e+01,1.416498565673828125e+01
3.774592529296875000e+03,1.064591598510742188e+02,9.223749542236328125e+01,9.823967742919921875e+01,1.373652648925781250e+01
1.436824218750000000e+03,3.956761932373046875e+01,9.412653350830078125e+01,5.227624130249023438e+01,1.212946891784667969e+01
8.039458007812500000e+02,2.240513801574707031e+01,8.989501953125000000e+01,3.330941772460937500e+01,1.307831764221191406e+01
1.583780151367187500e+03,4.411773681640625000e+01,8.987266540527343750e+01,2.688503265380859375e+01,1.290427398681640625e+01
2.295609130859375000e+03,6.392020416259765625e+01,9.130996704101562500e+01,2.532189607620239258e+00,1.395217800140380859e+01
1.279149414062500000e+03,3.661936569213867188e+01,9.102664184570312500e+01,3.403006362915039062e+01,1.414962482452392578e+01
1.580060668945312500e+03,4.424052810668945312e+01,9.206349182128906250e+01,5.573862075805664062e+01,1.292163753509521484e+01
1.980639282226562500e+03,5.504324340820312500e+01,9.182161712646484375e+01,7.963275146484375000e+01,1.287341308593750000e+01
3.396039062500000000e+03,9.437202453613281250e+01,8.732666778564453125e+01,5.364218521118164062e+01,1.383872413635253906e+01
1.873718994140625000e+03,5.363212966918945312e+01,8.950473022460937500e+01,1.430939483642578125e+01,1.444122123718261719e+01
2.901032226562500000e+03,8.143116760253906250e+01,9.035074615478515625e+01,8.166416931152343750e+01,1.251605796813964844e+01
2.092155273437500000e+03,5.929778671264648438e+01,8.619550323486328125e+01,5.596777439117431641e+00,1.446570587158203125e+01
2.229332519531250000e+03,6.182067108154296875e+01,8.872145843505859375e+01,2.108115005493164062e+01,1.409165096282958984e+01
3.827197998046875000e+03,1.067985153198242188e+02,8.704993438720703125e+01,1.157640647888183594e+01,1.393088436126708984e+01
1.447062866210937500e+03,4.042664337158203125e+01,8.776502227783203125e+01,9.962944793701171875e+01,1.284121608734130859e+01
2.363346191406250000e+03,6.688304138183593750e+01,8.746952819824218750e+01,2.305470466613769531e+01,1.346564865112304688e+01
2.123417480468750000e+03,5.973347854614257812e+01,8.745259094238281250e+01,7.102452087402343750e+01,1.412833690643310547e+01
1.904693847656250000e+03,5.178313851356506348e-01,8.953066253662109375e+01,8.945046997070312500e+01,1.323179244995117188e+01
1.576088134765625000e+03,4.355343246459960938e+01,9.489067840576171875e+01,2.104930877685546875e+01,1.353816032409667969e+01
2.766739990234375000e+03,7.724517822265625000e+01,8.651663970947265625e+01,2.155707168579101562e+01,1.267474842071533203e+01
3.641554931640625000e+03,1.013969192504882812e+02,8.607758331298828125e+01,8.727528381347656250e+01,1.318815708160400391e+01
3.550498535156250000e+03,9.867805480957031250e+01,8.779487609863281250e+01,8.554753875732421875e+01,1.297472381591796875e+01
1.141173095703125000e+03,3.218007278442382812e+01,9.189521789550781250e+01,5.619031143188476562e+01,1.405146312713623047e+01
1.507196044921875000e+03,4.154535675048828125e+01,8.821739959716796875e+01,6.108329296112060547e+00,1.390735530853271484e+01
1.584362426757812500e+03,4.447437286376953125e+01,9.378287506103515625e+01,6.278092193603515625e+01,1.350998973846435547e+01
3.423395507812500000e+03,9.643682098388671875e+01,9.033358764648437500e+01,3.238270187377929688e+01,1.226314353942871094e+01
3.878866210937500000e+03,1.084008483886718750e+02,8.609457397460937500e+01,5.092720794677734375e+01,1.373904323577880859e+01
3.151049316406250000e+03,8.816938781738281250e+01,9.000177001953125000e+01,9.875532531738281250e+01,1.439791202545166016e+01
2.862291748046875000e+03,7.982295989990234375e+01,9.426628112792968750e+01,9.820933532714843750e+01,1.393530750274658203e+01
1.656815185546875000e+03,4.680780410766601562e+01,9.460547637939453125e+01,1.000487213134765625e+02,1.390945243835449219e+01
3.902803466796875000e+03,1.093063659667968750e+02,8.836587524414062500e+01,4.748128509521484375e+01,1.329465484619140625e+01
3.368982666015625000e+03,9.434297943115234375e+01,9.027015686035156250e+01,6.528763580322265625e+01,1.379301357269287109e+01
2.043313720703125000e+03,5.715322113037109375e+01,8.814197540283203125e+01,8.543310546875000000e+01,1.343753719329833984e+01
1.586988403320312500e+03,4.446681976318359375e+01,8.609222412109375000e+01,7.206064605712890625e+01,1.273961162567138672e+01
1.354230712890625000e+03,3.887891006469726562e+01,9.067359161376953125e+01,7.736125946044921875e+01,1.290392494201660156e+01
2.255838378906250000e+03,6.255792617797851562e+01,9.225005340576171875e+01,6.078062820434570312e+01,1.281732368469238281e+01
1.839246704101562500e+03,5.174864959716796875e+01,8.927136993408203125e+01,1.334984207153320312e+01,1.390198898315429688e+01
1.363511718750000000e+03,3.808915328979492188e+01,9.379003906250000000e+01,3.027548599243164062e+01,1.283220672607421875e+01
2.552903808593750000e+03,7.113098907470703125e+01,9.198055267333984375e+01,8.333744049072265625e+01,1.396530342102050781e+01
3.865763427734375000e+03,1.074485244750976562e+02,8.887633514404296875e+01,4.525625228881835938e+01,1.402259826660156250e+01
2.860129150390625000e+03,8.035354614257812500e+01,8.547089385986328125e+01,4.533552932739257812e+01,1.396801280975341797e+01
1.700493286132812500e+03,4.714341354370117188e+01,8.519413757324218750e+01,3.218150711059570312e+01,1.426548099517822266e+01
2.238728515625000000e+03,6.310308837890625000e+01,8.726166534423828125e+01,9.926242065429687500e+01,1.286465930938720703e+01
3.136427734375000000e+03,8.775897979736328125e+01,9.052419281005859375e+01,9.897437286376953125e+01,1.366073131561279297e+01
2.529657470703125000e+03,7.017543029785156250e+01,8.736249542236328125e+01,2.795899581909179688e+01,1.289047622680664062e+01
8.342400512695312500e+02,2.347230720520019531e+01,9.360566711425781250e+01,2.679037475585937500e+01,1.249735355377197266e+01
3.370999023437500000e+03,9.391698455810546875e+01,8.762181091308593750e+01,8.012498474121093750e+01,1.426895046234130859e+01
2.052301269531250000e+03,5.724966430664062500e+01,9.333683013916015625e+01,1.199692726135253906e+01,1.418381977081298828e+01
1.640125488281250000e+03,4.525131607055664062e+01,9.110948944091796875e+01,8.397875976562500000e+01,1.234018039703369141e+01
2.417087402343750000e+03,6.749211120605468750e+01,8.623797607421875000e+01,7.851386260986328125e+01,1.354366111755371094e+01
3.604037841796875000e+03,1.009190826416015625e+02,9.417623138427734375e+01,6.719608306884765625e+01,1.332040691375732422e+01
1.821728759765625000e+03,5.126794052124023438e+01,9.488661956787109375e+01,3.029962921142578125e+01,1.255516052246093750e+01
3.205378662109375000e+03,8.916313934326171875e+01,8.506722259521484375e+01,2.606138229370117188e+01,1.413727474212646484e+01
2.177683837890625000e+03,6.088899993896484375e+01,8.535822296142578125e+01,4.105481719970703125e+01,1.286392402648925781e+01
2.884271972656250000e+03,7.981303405761718750e+01,8.513777160644531250e+01,2.482942390441894531e+01,1.314136791229248047e+01
2.282598632812500000e+03,6.299813842773437500e+01,8.958408355712890625e+01,2.458904838562011719e+01,1.401812458038330078e+01
3.265949951171875000e+03,9.075134277343750000e+01,9.153973388671875000e+01,4.814804458618164062e+01,1.325789737701416016e+01
1.581381347656250000e+03,4.417025375366210938e+01,9.414593505859375000e+01,6.901482391357421875e+01,1.206560134887695312e+01
2.369500976562500000e+03,6.642752075195312500e+01,8.945104980468750000e+01,2.896376848220825195e+00,1.301215171813964844e+01
1.874510253906250000e+03,5.163100814819335938e+01,8.997970581054687500e+01,9.362415313720703125e+01,1.419015693664550781e+01
3.445220214843750000e+03,9.732854461669921875e+01,9.348252105712890625e+01,6.323659133911132812e+01,1.235570430755615234e+01
1.250792968750000000e+03,3.524414443969726562e+01,8.550748443603515625e+01,9.039201354980468750e+01,1.420660591125488281e+01
1.481001708984375000e+03,4.207596588134765625e+01,8.702703094482421875e+01,2.197667837142944336e+00,1.445225811004638672e+01
3.085758056640625000e+03,8.601616668701171875e+01,9.390357971191406250e+01,5.953927612304687500e+01,1.441768074035644531e+01
1.284185058593750000e+03,3.577233123779296875e+01,9.158527374267578125e+01,9.918952941894531250e+01,1.258868789672851562e+01
3.997631591796875000e+03,1.122139129638671875e+02,9.308718109130859375e+01,7.442736816406250000e+01,1.413952064514160156e+01
2.961312744140625000e+03,8.336517333984375000e+01,8.509249114990234375e+01,6.216069793701171875e+01,1.210023880004882812e+01
2.709524414062500000e+03,7.526788330078125000e+01,9.423312377929687500e+01,2.878090095520019531e+01,1.369786357879638672e+01
3.762537597656250000e+03,1.066505661010742188e+02,8.916737365722656250e+01,5.392296600341796875e+01,1.242637729644775391e+01
2.008829589843750000e+03,5.637170028686523438e+01,8.867063903808593750e+01,8.205766296386718750e+01,1.375375080108642578e+01
2.168339111328125000e+03,6.012096023559570312e+01,9.373639678955078125e+01,2.015559196472167969e+01,1.376669788360595703e+01
3.027757324218750000e+03,8.477262878417968750e+01,8.745495605468750000e+01,4.745906066894531250e+01,1.397212219238281250e+01
7.268323730468750000e+03,2.791944313049316406e+01,9.294437408447265625e+01,4.570385742187500000e+01,1.247602081298828125e+01
1.947752929687500000e+03,5.427159500122070312e+01,8.931519317626953125e+01,6.331491851806640625e+01,1.431692314147949219e+01
2.914993164062500000e+03,8.055346679687500000e+01,9.109611511230468750e+01,2.126837348937988281e+01,1.212291336059570312e+01
3.370328857421875000e+03,9.454405212402343750e+01,8.808003997802734375e+01,9.646891784667968750e+01,1.324164962768554688e+01
2.073421142578125000e+03,5.827577972412109375e+01,9.205419158935546875e+01,5.878855133056640625e+01,1.412046241760253906e+01
7.013881835937500000e+03,5.318164825439453125e+01,8.972736358642578125e+01,2.121548652648925781e+01,1.442682743072509766e+01
3.612572998046875000e+03,1.009737319946289062e+02,8.774931335449218750e+01,4.290751266479492188e+01,1.298710250854492188e+01
2.757716796875000000e+03,7.789051055908203125e+01,9.434265899658203125e+01,7.820839691162109375e+01,1.283748435974121094e+01
1.764149902343750000e+03,4.933805084228515625e+01,9.479574584960937500e+01,5.371235275268554688e+01,1.340519142150878906e+01
2.230221923828125000e+03,6.108784103393554688e+01,8.529196929931640625e+01,8.432543945312500000e+01,1.356458473205566406e+01
1.368067260742187500e+03,3.821507263183593750e+01,9.426181030273437500e+01,2.630486297607421875e+01,1.378756999969482422e+01
3.579198486328125000e+03,1.007060394287109375e+02,9.474014282226562500e+01,8.885037994384765625e+01,1.263636779785156250e+01
9.836641845703125000e+02,2.712842178344726562e+01,9.475502014160156250e+01,5.641700625419616699e-01,1.425169944763183594e+01
1.003647155761718750e+03,2.726807403564453125e+01,9.319513702392578125e+01,7.662566184997558594e+00,1.235807132720947266e+01
1.362856201171875000e+03,3.844730758666992188e+01,9.384564971923828125e+01,3.605875396728515625e+01,1.276288223266601562e+01
9.885291137695312500e+02,2.733414268493652344e+01,9.050964355468750000e+01,5.880105972290039062e+00,1.385361671447753906e+01
2.888597656250000000e+03,8.055270385742187500e+01,9.499421691894531250e+01,5.164593887329101562e+01,1.223799800872802734e+01
1.713198364257812500e+03,4.888981246948242188e+01,9.304789733886718750e+01,8.864863586425781250e+01,1.312179088592529297e+01
3.195283935546875000e+03,9.090193176269531250e+01,8.686352539062500000e+01,7.615950012207031250e+01,1.337909507751464844e+01
3.362376708984375000e+03,9.369621276855468750e+01,9.019713592529296875e+01,4.803115081787109375e+01,1.387683677673339844e+01
2.338285156250000000e+03,6.495734405517578125e+01,9.062174224853515625e+01,2.543607521057128906e+01,1.246347713470458984e+01
2.388535888671875000e+03,6.727692413330078125e+01,8.505473327636718750e+01,7.866497039794921875e+01,1.282678985595703125e+01
9.547757568359375000e+02,2.694431114196777344e+01,9.142258453369140625e+01,3.694242858886718750e+01,1.318171691894531250e+01
3.957211914062500000e+03,1.104538269042968750e+02,8.912374877929687500e+01,8.755390167236328125e+01,1.271012783050537109e+01
3.320553955078125000e+03,9.304201507568359375e+01,9.255635833740234375e+01,9.761750030517578125e+01,1.204211521148681641e+01
2.567209960937500000e+03,7.225172424316406250e+01,9.319450378417968750e+01,4.986000442504882812e+01,1.208469486236572266e+01
3.851883544921875000e+03,1.084913253784179688e+02,8.812938690185546875e+01,9.415177154541015625e+01,1.375067901611328125e+01
2.839853759765625000e+03,7.988235473632812500e+01,8.889857482910156250e+01,7.325314331054687500e+01,1.381391048431396484e+01
1.435195556640625000e+03,3.940480804443359375e+01,9.138175964355468750e+01,5.625350952148437500e+01,1.231082439422607422e+01
3.728621337890625000e+03,1.038919677734375000e+02,9.186544799804687500e+01,6.827018737792968750e+01,1.271295642852783203e+01
3.191574707031250000e+03,8.907823181152343750e+01,9.247227478027343750e+01,6.995941996574401855e-01,1.286122322082519531e+01
3.514948242187500000e+03,9.743857574462890625e+01,8.640158081054687500e+01,4.379158401489257812e+01,1.321544361114501953e+01
3.711799072265625000e+03,1.038455810546875000e+02,9.086109161376953125e+01,5.101662826538085938e+01,1.209006214141845703e+01
1.878645507812500000e+03,5.231172561645507812e+01,9.153060150146484375e+01,6.727392578125000000e+01,1.214374160766601562e+01
3.246682617187500000e+03,9.075424957275390625e+01,9.222550964355468750e+01,5.844863891601562500e+01,1.215116786956787109e+01
3.525278320312500000e+03,9.910800170898437500e+01,8.766971588134765625e+01,8.084995269775390625e+01,1.268334960937500000e+01
2.685586914062500000e+03,7.586412811279296875e+01,8.776404571533203125e+01,6.527430725097656250e+01,1.233406066894531250e+01
3.566272705078125000e+03,9.951251220703125000e+01,8.570201110839843750e+01,4.284174728393554688e+01,1.285806655883789062e+01
2.268320312500000000e+03,6.356152343750000000e+01,9.180774688720703125e+01,7.454447937011718750e+01,1.259523391723632812e+01
3.259958984375000000e+03,9.185774230957031250e+01,8.503454589843750000e+01,7.738403320312500000e+01,1.351155662536621094e+01
1.779561035156250000e+03,5.006211853027343750e+01,9.165831756591796875e+01,2.385596084594726562e+01,1.379794120788574219e+01
3.570653808593750000e+03,1.004554138183593750e+02,9.078308105468750000e+01,4.912295532226562500e+01,1.299317646026611328e+01
2.140190429687500000e+03,5.946115493774414062e+01,9.239131927490234375e+01,2.155844688415527344e+01,1.264071655273437500e+01
3.837988525390625000e+03,1.060701446533203125e+02,9.245080566406250000e+01,2.177002716064453125e+01,1.234295845031738281e+01
2.601465087890625000e+03,7.245264434814453125e+01,9.429425048828125000e+01,3.311782455444335938e+01,1.408736133575439453e+01
3.909449462890625000e+03,1.086523742675781250e+02,8.766779327392578125e+01,5.123295593261718750e+01,1.201298904418945312e+01
1.301643920898437500e+03,3.669761276245117188e+01,8.627542114257812500e+01,9.340962982177734375e+01,1.272079753875732422e+01
2.333232177734375000e+03,6.464842987060546875e+01,9.452072143554687500e+01,5.593213272094726562e+01,1.424432659149169922e+01
1.623031005859375000e+03,4.572995376586914062e+01,8.781803894042968750e+01,6.495672607421875000e+01,1.223410701751708984e+01
1.367597045898437500e+03,3.843307495117187500e+01,9.119718170166015625e+01,8.732439994812011719e+00,1.405761718750000000e+01
1.021579711914062500e+03,2.845139122009277344e+01,8.685508728027343750e+01,8.365773773193359375e+01,1.323657989501953125e+01
1.999538818359375000e+03,5.701673889160156250e+01,9.149980926513671875e+01,9.375530242919921875e+01,1.357929801940917969e+01
1.903025024414062500e+03,5.349926376342773438e+01,8.590184020996093750e+01,2.837867927551269531e+01,1.260778999328613281e+01
1.856600463867187500e+03,5.292774963378906250e+01,1.244475936889648438e+02,2.380862045288085938e+01,1.200778007507324219e+01
2.234263427734375000e+03,6.265336227416992188e+01,9.098477172851562500e+01,7.314456105232238770e-01,1.269505500793457031e+01
8.050273437500000000e+02,2.346189117431640625e+01,8.861663055419921875e+01,9.486041259765625000e+01,1.211195182800292969e+01
1.630410400390625000e+03,4.567515563964843750e+01,8.858589935302734375e+01,8.258566856384277344e+00,1.215819072723388672e+01
2.395135742187500000e+03,6.732058715820312500e+01,9.113258361816406250e+01,2.289793968200683594e+01,1.325019359588623047e+01
7.377834960937500000e+03,7.809194946289062500e+01,9.362839508056640625e+01,3.906869125366210938e+01,1.403030586242675781e+01
1.570649780273437500e+03,4.388838958740234375e+01,9.276767730712890625e+01,1.982042312622070312e+01,1.427659511566162109e+01
3.444736328125000000e+03,9.623777008056640625e+01,9.132572937011718750e+01,5.823073196411132812e+01,1.327810096740722656e+01
1.651457641601562500e+03,4.602801132202148438e+01,8.844213104248046875e+01,5.162112808227539062e+01,1.319805717468261719e+01
3.890193847656250000e+03,1.087479629516601562e+02,9.399003601074218750e+01,9.910305023193359375e+01,1.360460853576660156e+01
3.645645019531250000e+03,1.022160568237304688e+02,9.201899719238281250e+01,3.130536270141601562e+01,1.205548191070556641e+01
1.400291625976562500e+03,3.986130523681640625e+01,9.328878784179687500e+01,5.090244674682617188e+01,1.290543460845947266e+01
1.869674926757812500e+03,5.239536666870117188e+01,9.084063720703125000e+01,4.494140148162841797e+00,1.406125640869140625e+01
2.211364501953125000e+03,6.144642639160156250e+01,8.867464447021484375e+01,9.636033630371093750e+01,1.201474380493164062e+01
3.550595703125000000e+03,9.940003204345703125e+01,9.351721954345703125e+01,2.416996002197265625e+01,1.354665184020996094e+01
1.507270996093750000e+03,4.218626022338867188e+01,8.844951629638671875e+01,1.602724838256835938e+01,1.366478633880615234e+01
2.585588867187500000e+03,7.304827880859375000e+01,9.387006378173828125e+01,8.630590820312500000e+01,1.222074222564697266e+01
3.284343505859375000e+03,9.314917755126953125e+01,8.612651824951171875e+01,2.092051506042480469e+01,1.305690383911132812e+01
1.454117553710937500e+03,4.005667495727539062e+01,9.312343597412109375e+01,5.279546737670898438e+01,1.411782741546630859e+01
1.729197387695312500e+03,4.873097229003906250e+01,8.612445831298828125e+01,7.312026977539062500e+01,1.354584407806396484e+01
1.369006225585937500e+03,3.837793731689453125e+01,8.709760284423828125e+01,9.113144874572753906e+00,1.418936538696289062e+01
2.738600341796875000e+03,7.625286865234375000e+01,9.285503387451171875e+01,7.462969779968261719e+00,1.250727844238281250e+01
3.294328125000000000e+03,9.226741790771484375e+01,9.278996276855468750e+01,1.345522117614746094e+01,1.334016990661621094e+01
1.729043457031250000e+03,4.901901245117187500e+01,9.184947204589843750e+01,7.712539672851562500e+01,1.428146171569824219e+01
2.963248535156250000e+03,8.279972839355468750e+01,8.514021301269531250e+01,1.070207595825195312e+01,1.314702129364013672e+01
1.881873901367187500e+03,5.239588928222656250e+01,9.001805114746093750e+01,1.922601318359375000e+01,1.358546447753906250e+01
3.481443115234375000e+03,9.697407531738281250e+01,8.818865203857421875e+01,9.209709167480468750e+01,1.238912868499755859e+01
3.554870849609375000e+03,9.913262939453125000e+01,8.877392578125000000e+01,8.457804870605468750e+01,1.406290149688720703e+01
3.085544677734375000e+03,8.573745727539062500e+01,8.939987945556640625e+01,7.183818817138671875e+01,1.256863594055175781e+01
1.631732788085937500e+03,4.562262725830078125e+01,9.109185791015625000e+01,7.150701904296875000e+01,1.340229701995849609e+01
1.542657470703125000e+03,4.238038635253906250e+01,9.286786651611328125e+01,5.730295658111572266e+00,1.412570953369140625e+01
9.988453979492187500e+02,2.800836563110351562e+01,9.304033660888671875e+01,7.517263031005859375e+01,1.418954181671142578e+01
2.240204589843750000e+03,6.263045501708984375e+01,9.036889648437500000e+01,5.957471084594726562e+01,1.422907924652099609e+01
3.272206542968750000e+03,9.207287597656250000e+01,8.946000671386718750e+01,9.811601257324218750e+01,1.377517604827880859e+01
3.556364257812500000e+03,9.981641387939453125e+01,8.729777526855468750e+01,5.210058212280273438e+01,1.412480545043945312e+01
6.600728515625000000e+03,7.883190917968750000e+01,8.947211456298828125e+01,1.901605224609375000e+01,1.250771427154541016e+01
1.241903320312500000e+03,3.421031570434570312e+01,8.945449066162109375e+01,9.436350250244140625e+01,1.366081142425537109e+01
2.049279541015625000e+03,5.777981948852539062e+01,8.545024108886718750e+01,7.169448852539062500e+01,1.201220893859863281e+01
3.868214111328125000e+03,1.084761047363281250e+02,9.463018798828125000e+01,8.083485412597656250e+01,1.273577785491943359e+01
1.179585937500000000e+03,3.281278610229492188e+01,8.858793640136718750e+01,8.229945373535156250e+01,1.357654571533203125e+01
3.423967773437500000e+03,9.559702301025390625e+01,8.632451629638671875e+01,1.141844081878662109e+01,1.392980575561523438e+01
3.561818359375000000e+03,9.994953155517578125e+01,9.308455657958984375e+01,1.645050048828125000e+01,1.225350093841552734e+01
1.652505737304687500e+03,4.664625167846679688e+01,9.293209838867187500e+01,1.024359130859375000e+01,1.429334545135498047e+01
1.306923828125000000e+03,3.614582443237304688e+01,8.748171997070312500e+01,5.253869247436523438e+01,1.397957420349121094e+01
3.026069824218750000e+03,8.503981018066406250e+01,8.769010925292968750e+01,1.037452220916748047e+01,1.307197952270507812e+01
2.721986816406250000e+03,7.688719177246093750e+01,9.145222473144531250e+01,6.979030609130859375e+01,1.225838470458984375e+01
8.630219116210937500e+02,2.483263778686523438e+01,8.851798248291015625e+01,4.621053314208984375e+01,1.241717815399169922e+01
2.978187988281250000e+03,8.278290557861328125e+01,9.292424774169921875e+01,4.913035202026367188e+01,1.376114559173583984e+01
2.570190917968750000e+03,7.196394348144531250e+01,9.359714508056640625e+01,4.422577285766601562e+01,1.242133998870849609e+01
1.908441772460937500e+03,5.350392532348632812e+01,9.474269104003906250e+01,4.173885345458984375e+01,1.401822566986083984e+01
1.724329345703125000e+03,4.838330459594726562e+01,9.060670471191406250e+01,3.604843139648437500e+01,1.211101722717285156e+01
2.683367187500000000e+03,7.458199310302734375e+01,8.909574890136718750e+01,1.473982238769531250e+01,1.385400867462158203e+01
6.618788574218750000e+03,8.197911071777343750e+01,9.377795410156250000e+01,6.943153381347656250e+01,1.240247821807861328e+01
3.795000000000000000e+03,1.065987014770507812e+02,8.822216033935546875e+01,5.445484161376953125e+01,1.322456073760986328e+01
3.527764160156250000e+03,9.899917602539062500e+01,9.237160491943359375e+01,4.002531528472900391e+00,1.423468303680419922e+01
1.040922851562500000e+03,2.841153907775878906e+01,8.602835083007812500e+01,9.493010711669921875e+01,1.361667251586914062e+01
1.093498535156250000e+03,3.051670265197753906e+01,9.409461212158203125e+01,5.552019119262695312e+01,1.290530395507812500e+01
1.063792724609375000e+03,-9.798141121864318848e-01,9.403147888183593750e+01,5.440364074707031250e+01,1.320337295532226562e+01
2.177165283203125000e+03,6.169938278198242188e+01,8.500557708740234375e+01,4.530734634399414062e+01,1.386505985260009766e+01
1.218810913085937500e+03,3.525457763671875000e+01,8.945872497558593750e+01,7.939234924316406250e+01,1.270641231536865234e+01
6.920092773437500000e+03,3.057640075683593750e+01,8.763042449951171875e+01,8.734716796875000000e+01,1.259013271331787109e+01
1.223223510742187500e+03,3.453477096557617188e+01,8.653578948974609375e+01,9.884878540039062500e+01,1.435754394531250000e+01
3.126082275390625000e+03,8.779174041748046875e+01,9.330346679687500000e+01,6.255178451538085938e+00,1.388738059997558594e+01
2.949933349609375000e+03,8.223583221435546875e+01,8.870912170410156250e+01,4.250817489624023438e+01,1.403030776977539062e+01
1.641630859375000000e+03,4.581303787231445312e+01,8.608694458007812500e+01,9.776830291748046875e+01,1.241212940216064453e+01
3.903781982421875000e+03,1.089550094604492188e+02,8.819665527343750000e+01,2.939604759216308594e+01,1.335827255249023438e+01
2.788528808593750000e+03,7.777880859375000000e+01,8.871749877929687500e+01,3.373564147949218750e+01,1.207068347930908203e+01
3.849432617187500000e+03,1.080256881713867188e+02,9.116978454589843750e+01,7.665483856201171875e+01,9.574699401855468750e+00
2.149392578125000000e+03,6.003816223144531250e+01,9.327462005615234375e+01,5.070936203002929688e+01,1.324116706848144531e+01
9.812807006835937500e+02,2.776224327087402344e+01,9.267756652832031250e+01,3.108939361572265625e+01,1.295389652252197266e+01
1.257929931640625000e+03,3.620075225830078125e+01,9.281292724609375000e+01,2.125880813598632812e+01,1.440714359283447266e+01
3.027331054687500000e+03,8.474354553222656250e+01,9.391888427734375000e+01,6.571697235107421875e+01,1.408070850372314453e+01
3.695829101562500000e+03,1.025117263793945312e+02,9.481726074218750000e+01,7.202076435089111328e+00,1.269084835052490234e+01
9.055764160156250000e+02,2.570126724243164062e+01,8.865095520019531250e+01,5.446194076538085938e+01,1.448371124267578125e+01
1.650135986328125000e+03,4.573608398437500000e+01,8.576765441894531250e+01,2.086890792846679688e+01,1.384387111663818359e+01
2.527594726562500000e+03,7.026982879638671875e+01,1.312558288574218750e+02,7.323384094238281250e+01,1.223948097229003906e+01
3.362281494140625000e+03,9.422464752197265625e+01,8.984213256835937500e+01,7.793575286865234375e+01,1.273148632049560547e+01
2.160452392578125000e+03,6.057843399047851562e+01,9.187035369873046875e+01,3.425642395019531250e+01,1.237953281402587891e+01
9.288119506835937500e+02,2.530459976196289062e+01,9.392487335205078125e+01,7.496186065673828125e+01,1.447951889038085938e+01
3.999801757812500000e+03,1.121260223388671875e+02,9.442768096923828125e+01,7.065399932861328125e+01,1.324652004241943359e+01
1.544450317382812500e+03,4.316327667236328125e+01,9.106015777587890625e+01,8.677389526367187500e+01,1.350776767730712891e+01
1.408130859375000000e+03,3.910052490234375000e+01,8.658101654052734375e+01,4.072519302368164062e+01,1.365998458862304688e+01
1.573345703125000000e+03,4.432494354248046875e+01,9.491459655761718750e+01,8.630158996582031250e+01,1.280169200897216797e+01
1.995679077148437500e+03,5.563484191894531250e+01,8.601876068115234375e+01,6.230376052856445312e+01,1.400862026214599609e+01
2.366492187500000000e+03,6.689907836914062500e+01,8.926729583740234375e+01,7.911331176757812500e+01,1.346153259277343750e+01
2.868729980468750000e+03,8.044621276855468750e+01,8.638660430908203125e+01,5.467549133300781250e+01,1.222100162506103516e+01
3.487664550781250000e+03,9.710556030273437500e+01,9.102194976806640625e+01,2.959166145324707031e+01,1.265043258666992188e+01
2.564990234375000000e+03,7.183550262451171875e+01,9.155148315429687500e+01,7.834476470947265625e+01,1.020487499237060547e+01
2.275605468750000000e+03,6.353938293457031250e+01,8.661783599853515625e+01,5.789276885986328125e+01,1.423550033569335938e+01
3.840170166015625000e+03,1.078755416870117188e+02,9.288072967529296875e+01,1.679362487792968750e+01,1.271448135375976562e+01
2.887181884765625000e+03,7.974770355224609375e+01,8.618247222900390625e+01,9.815734863281250000e+01,1.227056884765625000e+01
2.728364257812500000e+03,7.617926025390625000e+01,8.776683044433593750e+01,7.808370971679687500e+01,1.318399047851562500e+01
1.063487426757812500e+03,2.992908668518066406e+01,8.694521331787109375e+01,1.891072273254394531e+01,1.248859024047851562e+01
1.489142944335937500e+03,4.210055923461914062e+01,9.138591003417968750e+01,8.996006774902343750e+01,1.227317810058593750e+01
3.403010498046875000e+03,9.509737396240234375e+01,9.115571594238281250e+01,7.515837860107421875e+01,1.375789642333984375e+01
1.764129272460937500e+03,4.947085952758789062e+01,8.592898559570312500e+01,5.152356719970703125e+01,1.381554508209228516e+01
2.370510498046875000e+03,6.712825775146484375e+01,9.437343597412109375e+01,6.343212127685546875e+01,1.206168842315673828e+01
1.550801025390625000e+03,4.281552886962890625e+01,9.000720977783203125e+01,6.206443786621093750e+01,1.301401615142822266e+01
1.770246704101562500e+03,4.999716949462890625e+01,9.485620880126953125e+01,9.850466918945312500e+01,1.426526737213134766e+01
2.722268066406250000e+03,7.582899475097656250e+01,8.794244384765625000e+01,6.538065433502197266e+00,1.436758136749267578e+01
2.671356689453125000e+03,7.565619659423828125e+01,8.776777648925781250e+01,4.495433807373046875e+01,1.280695056915283203e+01
1.334295898437500000e+03,3.749351882934570312e+01,8.544341278076171875e+01,7.411235046386718750e+01,1.365789890289306641e+01
7.449905273437500000e+03,1.050808181762695312e+02,9.364251708984375000e+01,7.240856170654296875e+01,1.441357612609863281e+01
2.459458007812500000e+03,6.961917877197265625e+01,9.327740478515625000e+01,7.708103179931640625e+01,1.325078868865966797e+01
1.343085083007812500e+03,3.719650650024414062e+01,8.760704040527343750e+01,1.535315418243408203e+01,1.261588096618652344e+01
2.614750000000000000e+03,7.462022399902343750e+01,9.309936523437500000e+01,6.813726806640625000e+01,1.269518470764160156e+01
3.355034667968750000e+03,9.396967315673828125e+01,8.820850372314453125e+01,5.472828292846679688e+01,1.340194320678710938e+01
2.786569335937500000e+03,7.719426727294921875e+01,8.618580627441406250e+01,5.782412719726562500e+01,1.384849071502685547e+01
1.251527099609375000e+03,3.505553054809570312e+01,8.792746734619140625e+01,6.445021057128906250e+01,1.405145835876464844e+01
3.320937011718750000e+03,9.294158172607421875e+01,9.479978179931640625e+01,8.835298156738281250e+01,1.275330066680908203e+01
1.121481933593750000e+03,3.085767555236816406e+01,8.892156982421875000e+01,2.963980865478515625e+01,1.302072620391845703e+01
2.097791259765625000e+03,5.904991149902343750e+01,8.856286621093750000e+01,5.449759674072265625e+01,1.326284122467041016e+01
2.089120117187500000e+03,5.820760345458984375e+01,9.156713104248046875e+01,8.142183685302734375e+01,1.241084003448486328e+01
1.337602661132812500e+03,3.733092880249023438e+01,9.360800933837890625e+01,8.231246185302734375e+01,1.334735488891601562e+01
3.217188964843750000e+03,8.944166564941406250e+01,8.672171020507812500e+01,5.433514022827148438e+01,1.391344165802001953e+01
1.699239990234375000e+03,4.739911651611328125e+01,8.845185852050781250e+01,8.985057830810546875e+01,1.307896804809570312e+01
1.949439208984375000e+03,5.465949630737304688e+01,8.935021972656250000e+01,5.975416183471679688e+01,1.348970031738281250e+01
2.688242919921875000e+03,7.493522644042968750e+01,9.116165924072265625e+01,1.712913131713867188e+01,1.341237640380859375e+01
1.405495239257812500e+03,3.850967025756835938e+01,9.122288513183593750e+01,6.752761840820312500e+01,1.266526222229003906e+01
2.384321533203125000e+03,6.727203369140625000e+01,9.111687469482421875e+01,6.122581481933593750e+01,1.370941066741943359e+01
3.205927734375000000e+03,8.980272674560546875e+01,8.808514404296875000e+01,9.910934448242187500e+01,1.211743640899658203e+01
1.845595703125000000e+03,5.147505950927734375e+01,8.971600341796875000e+01,4.871903228759765625e+01,1.401650905609130859e+01
2.301115966796875000e+03,6.431924438476562500e+01,8.600219726562500000e+01,7.352227020263671875e+01,1.346048831939697266e+01
1.166223999023437500e+03,3.211341094970703125e+01,9.067286682128906250e+01,6.687977600097656250e+01,1.367764091491699219e+01
2.151655517578125000e+03,-9.151933193206787109e-01,9.339227294921875000e+01,5.953510761260986328e+00,1.434653282165527344e+01
1.138028198242187500e+03,3.167382049560546875e+01,9.407247161865234375e+01,3.112792205810546875e+01,1.400040054321289062e+01
2.721233886718750000e+03,7.682353973388671875e+01,8.963751220703125000e+01,3.938838958740234375e+00,1.404856300354003906e+01
3.401282470703125000e+03,9.480587005615234375e+01,8.594150543212890625e+01,6.683949279785156250e+01,1.201851463317871094e+01
2.812902832031250000e+03,7.890866088867187500e+01,9.264076232910156250e+01,9.999472808837890625e+01,1.210058116912841797e+01
2.317240722656250000e+03,6.525072479248046875e+01,8.889979553222656250e+01,1.903561019897460938e+01,1.400662517547607422e+01
1.607742309570312500e+03,4.570982360839843750e+01,8.963791656494140625e+01,1.981605589389801025e-01,1.341360664367675781e+01
3.305562988281250000e+03,9.274542236328125000e+01,8.655419921875000000e+01,7.393724060058593750e+01,1.079539871215820312e+01
8.443124389648437500e+02,2.455639839172363281e+01,9.447473907470703125e+01,3.600531387329101562e+01,1.331774520874023438e+01
3.817666259765625000e+03,1.064633178710937500e+02,9.133095550537109375e+01,2.344182968139648438e+01,1.212938880920410156e+01
1.852386230468750000e+03,5.226472473144531250e+01,8.510945129394531250e+01,6.225424957275390625e+01,1.273452568054199219e+01
1.905534912109375000e+03,5.277763748168945312e+01,9.173895263671875000e+01,8.222566223144531250e+01,1.275302314758300781e+01
3.291838623046875000e+03,9.138838958740234375e+01,9.110832214355468750e+01,9.779180908203125000e+01,1.218279838562011719e+01
1.866759521484375000e+03,5.209311676025390625e+01,9.225404357910156250e+01,3.762726593017578125e+01,1.344686222076416016e+01
3.786842773437500000e+03,1.057892303466796875e+02,9.046054077148437500e+01,6.166389465332031250e+01,1.272973632812500000e+01
1.538695434570312500e+03,4.270032119750976562e+01,9.417966461181640625e+01,4.210006713867187500e+01,1.276000785827636719e+01
1.508140380859375000e+03,4.207206726074218750e+01,8.570009613037109375e+01,3.278999328613281250e+01,1.281539726257324219e+01
2.054678955078125000e+03,5.894562149047851562e+01,8.890258789062500000e+01,3.872916793823242188e+01,1.228933238983154297e+01
1.104928466796875000e+03,3.043689346313476562e+01,9.329193115234375000e+01,3.073999404907226562e+01,1.341619205474853516e+01
3.125232421875000000e+03,8.834322357177734375e+01,9.116053771972656250e+01,6.592642974853515625e+01,1.282107067108154297e+01
9.940183715820312500e+02,2.733294296264648438e+01,8.754549407958984375e+01,3.859212875366210938e+01,1.249239921569824219e+01
3.127333496093750000e+03,8.772803497314453125e+01,8.583327484130859375e+01,7.111296081542968750e+01,1.419878864288330078e+01
1.146337402343750000e+03,3.137013244628906250e+01,9.463379669189453125e+01,9.079452514648437500e+01,1.342990207672119141e+01
2.191629394531250000e+03,6.175815200805664062e+01,9.092002868652343750e+01,2.553183794021606445e+00,1.201864147186279297e+01
2.122535888671875000e+03,6.039009094238281250e+01,9.116307067871093750e+01,3.515593719482421875e+01,1.386568355560302734e+01
1.241359741210937500e+03,3.453502655029296875e+01,8.803871154785156250e+01,4.217351913452148438e+01,1.355928421020507812e+01
3.977397460937500000e+03,1.109863739013671875e+02,8.930174255371093750e+01,4.720947742462158203e+00,1.275874137878417969e+01
1.122614013671875000e+03,3.162668228149414062e+01,8.571985626220703125e+01,9.207547760009765625e+01,1.335213470458984375e+01
1.106437866210937500e+03,3.131187057495117188e+01,8.991609954833984375e+01,2.415084457397460938e+01,1.287156581878662109e+01
1.296880737304687500e+03,3.681231307983398438e+01,9.118601226806640625e+01,8.512213134765625000e+01,1.352300071716308594e+01
2.712879638671875000e+03,7.603900909423828125e+01,9.174471282958984375e+01,6.985619354248046875e+01,1.331269168853759766e+01
3.565146728515625000e+03,9.889350891113281250e+01,9.019754028320312500e+01,3.682323837280273438e+01,1.212594890594482422e+01
2.320554199218750000e+03,6.481285095214843750e+01,9.015904235839843750e+01,2.624122810363769531e+01,1.410892581939697266e+01
1.140542480468750000e+03,3.200431060791015625e+01,8.590440368652343750e+01,8.970333862304687500e+01,1.207249832153320312e+01
1.501357299804687500e+03,4.270668792724609375e+01,9.252348327636718750e+01,1.194330883026123047e+01,1.372937965393066406e+01
3.533068115234375000e+03,9.922143554687500000e+01,8.598284912109375000e+01,9.770063781738281250e+01,1.203686904907226562e+01
3.603471923828125000e+03,1.017147903442382812e+02,9.020048522949218750e+01,3.003372764587402344e+01,1.429647731781005859e+01
1.711384277343750000e+03,4.807067871093750000e+01,9.132354736328125000e+01,9.291625976562500000e+01,1.445251178741455078e+01
3.958996337890625000e+03,1.112691574096679688e+02,9.248071289062500000e+01,7.186216354370117188e+00,1.348033237457275391e+01
1.153599975585937500e+03,3.174704360961914062e+01,8.837505340576171875e+01,9.355683898925781250e+01,1.350842857360839844e+01
8.692891845703125000e+02,2.343271636962890625e+01,9.499977111816406250e+01,7.622303009033203125e+01,1.227031993865966797e+01
1.095224487304687500e+03,3.105954360961914062e+01,9.251950836181640625e+01,4.235853576660156250e+01,1.274852848052978516e+01
2.936951171875000000e+03,8.280923461914062500e+01,8.737104034423828125e+01,6.292070388793945312e+00,1.412983703613281250e+01
1.668782348632812500e+03,4.704857254028320312e+01,9.222602844238281250e+01,1.432816123962402344e+01,1.306588745117187500e+01
1.866815917968750000e+03,5.273721313476562500e+01,9.453945159912109375e+01,4.830984115600585938e+01,1.352019119262695312e+01
3.033281738281250000e+03,8.461221313476562500e+01,8.757500457763671875e+01,1.607300949096679688e+01,1.216823768615722656e+01
2.471931640625000000e+03,6.988275909423828125e+01,8.948118591308593750e+01,8.018719482421875000e+01,1.304128360748291016e+01
1.082747192382812500e+03,2.909270858764648438e+01,9.397328948974609375e+01,2.503087615966796875e+01,1.426751327514648438e+01
3.444595947265625000e+03,9.595929718017578125e+01,9.453791809082031250e+01,6.540570831298828125e+01,1.323720169067382812e+01
1.122204101562500000e+03,3.169013214111328125e+01,9.141338348388671875e+01,5.348785400390625000e+01,1.301839542388916016e+01
2.324110595703125000e+03,6.512225341796875000e+01,9.218006134033203125e+01,2.633423614501953125e+01,1.413622474670410156e+01
1.634809448242187500e+03,4.554473876953125000e+01,8.518901062011718750e+01,3.649926376342773438e+01,1.227515411376953125e+01
2.762749511718750000e+03,7.702400970458984375e+01,8.835446166992187500e+01,1.225680232048034668e+00,1.358057403564453125e+01
3.435623291015625000e+03,9.660581970214843750e+01,9.126500701904296875e+01,8.657156372070312500e+01,1.400826835632324219e+01
3.922723388671875000e+03,1.096029052734375000e+02,8.534285736083984375e+01,5.686110305786132812e+01,1.250819778442382812e+01
1.408194824218750000e+03,3.970871353149414062e+01,8.948806762695312500e+01,2.024853515625000000e+01,1.374817657470703125e+01
1.151687988281250000e+03,3.132372093200683594e+01,8.684287261962890625e+01,8.465396118164062500e+01,1.344760990142822266e+01
3.991242187500000000e+03,1.109583816528320312e+02,9.015534210205078125e+01,5.123714447021484375e+01,1.340594673156738281e+01
2.660977539062500000e+03,7.404092407226562500e+01,9.254166412353515625e+01,1.536396694183349609e+01,1.416705989837646484e+01
2.715962890625000000e+03,7.574768829345703125e+01,8.779365539550781250e+01,5.693138122558593750e+01,1.260064697265625000e+01
8.098560791015625000e+02,2.295393753051757812e+01,8.806575012207031250e+01,9.596265411376953125e+01,1.389791202545166016e+01
1.646548950195312500e+03,4.712275695800781250e+01,8.544602966308593750e+01,8.589683532714843750e+01,1.219363117218017578e+01
1.461838989257812500e+03,4.015918731689453125e+01,9.136377716064453125e+01,6.415830230712890625e+01,1.292971611022949219e+01
6.720273925781250000e+03,6.934312438964843750e+01,9.349055480957031250e+01,3.821036529541015625e+01,1.398411941528320312e+01
1.578117065429687500e+03,4.563488388061523438e+01,8.885312652587890625e+01,2.395783424377441406e+01,1.247972106933593750e+01
3.408143554687500000e+03,9.616780853271484375e+01,9.258036041259765625e+01,9.395448303222656250e+01,1.365217018127441406e+01
1.476707641601562500e+03,4.117858505249023438e+01,9.237264251708984375e+01,9.515797615051269531e+00,1.348748588562011719e+01
2.203824462890625000e+03,6.215444183349609375e+01,9.069927978515625000e+01,8.574502563476562500e+01,1.347475051879882812e+01
3.814012939453125000e+03,1.065399627685546875e+02,8.993000030517578125e+01,7.645948028564453125e+01,1.447923564910888672e+01
3.772299316406250000e+03,1.063401107788085938e+02,8.812847900390625000e+01,1.913247680664062500e+01,1.448102092742919922e+01
3.057926269531250000e+03,8.497368621826171875e+01,8.650793457031250000e+01,7.144532012939453125e+01,1.317434597015380859e+01
2.908989501953125000e+03,8.159161376953125000e+01,9.491106414794921875e+01,2.610061073303222656e+01,1.366198730468750000e+01
2.805245605468750000e+03,7.876810455322265625e+01,9.141561126708984375e+01,4.122586059570312500e+01,1.389910793304443359e+01
1.872149536132812500e+03,5.249432754516601562e+01,9.460935974121093750e+01,4.286346435546875000e+01,1.443331718444824219e+01
1.860671997070312500e+03,5.157176971435546875e+01,8.880108642578125000e+01,7.773383331298828125e+01,1.315425968170166016e+01
1.256267089843750000e+03,3.504972839355468750e+01,8.616632080078125000e+01,3.035247611999511719e+01,1.207899379730224609e+01
2.076322753906250000e+03,1.731967628002166748e-01,8.511778259277343750e+01,9.064652252197265625e+01,1.373013687133789062e+01
3.676374023437500000e+03,1.029253311157226562e+02,9.241085815429687500e+01,8.722841262817382812e+00,1.354498863220214844e+01
1.458445312500000000e+03,4.137864303588867188e+01,8.674860382080078125e+01,1.514273834228515625e+01,1.279392337799072266e+01
1.060615966796875000e+03,2.902529716491699219e+01,8.528219604492187500e+01,6.759099578857421875e+01,1.285927486419677734e+01
2.966001220703125000e+03,8.374444580078125000e+01,8.502258300781250000e+01,2.409426689147949219e+01,1.390980148315429688e+01
1.360577758789062500e+03,3.853520965576171875e+01,8.978404998779296875e+01,1.474259567260742188e+01,1.268357467651367188e+01
1.764280395507812500e+03,5.004614639282226562e+01,9.322422790527343750e+01,9.926949310302734375e+01,1.319452953338623047e+01
3.214634033203125000e+03,9.057609558105468750e+01,8.968231201171875000e+01,2.005624771118164062e+01,1.246343803405761719e+01
2.609564697265625000e+03,7.303515625000000000e+01,9.021742248535156250e+01,1.495755553245544434e+00,1.370450210571289062e+01
2.608158203125000000e+03,7.317345428466796875e+01,9.009748840332031250e+01,1.134315109252929688e+01,1.321385574340820312e+01
8.895646362304687500e+02,2.541382980346679688e+01,8.871144104003906250e+01,8.849415588378906250e+01,1.397708034515380859e+01
1.761022949218750000e+03,4.968185043334960938e+01,8.798542022705078125e+01,7.631871032714843750e+01,1.261316490173339844e+01
3.523318359375000000e+03,9.852111816406250000e+01,9.319726562500000000e+01,7.993545532226562500e+01,1.440471553802490234e+01
3.641461181640625000e+03,1.023657989501953125e+02,9.203706359863281250e+01,4.044477462768554688e+01,1.349999713897705078e+01
1.301467041015625000e+03,3.724779891967773438e+01,9.140171051025390625e+01,6.120822525024414062e+01,1.362540721893310547e+01
2.835750244140625000e+03,7.894554901123046875e+01,9.395794677734375000e+01,7.021045684814453125e+01,1.447649478912353516e+01
3.858551025390625000e+03,1.086349563598632812e+02,9.147010040283203125e+01,6.681029510498046875e+01,1.201004219055175781e+01
3.206281982421875000e+03,8.932468414306640625e+01,8.784540557861328125e+01,8.969967651367187500e+01,1.258774280548095703e+01
8.698604736328125000e+02,2.445528411865234375e+01,8.844831085205078125e+01,4.212801361083984375e+01,1.225071811676025391e+01
3.637779052734375000e+03,1.019266891479492188e+02,8.903143310546875000e+01,1.545147037506103516e+01,1.300354576110839844e+01
2.332884521484375000e+03,6.567851257324218750e+01,8.697303009033203125e+01,5.399993133544921875e+01,1.246777629852294922e+01
1.224148193359375000e+03,3.454948425292968750e+01,8.784864807128906250e+01,3.552043151855468750e+01,1.280520153045654297e+01
2.139475585937500000e+03,6.067967987060546875e+01,9.414599609375000000e+01,7.128862762451171875e+01,1.315906429290771484e+01
1.887549072265625000e+03,5.313714599609375000e+01,8.876742553710937500e+01,8.009490966796875000e+01,1.230239677429199219e+01
2.747971679687500000e+03,7.736885070800781250e+01,8.909140014648437500e+01,6.017747497558593750e+01,1.433845329284667969e+01
3.231952148437500000e+03,9.066455841064453125e+01,9.362926483154296875e+01,2.910503578186035156e+01,1.420404338836669922e+01
3.944463134765625000e+03,1.099283294677734375e+02,9.003788757324218750e+01,1.694531822204589844e+01,1.347065258026123047e+01
3.234595214843750000e+03,9.129311370849609375e+01,8.960182189941406250e+01,4.489170837402343750e+01,1.379133605957031250e+01
3.704428710937500000e+03,1.041408615112304688e+02,8.536641693115234375e+01,8.603350830078125000e+01,1.390552997589111328e+01
3.161589599609375000e+03,8.823343658447265625e+01,9.307199859619140625e+01,3.719397735595703125e+01,1.326506423950195312e+01
3.555974609375000000e+03,9.866206359863281250e+01,9.244691467285156250e+01,4.939210891723632812e+01,1.354600620269775391e+01
3.334610839843750000e+03,9.383215332031250000e+01,8.742228698730468750e+01,8.415885925292968750e+01,1.385298156738281250e+01
2.963806884765625000e+03,8.258300018310546875e+01,9.428170776367187500e+01,9.019321441650390625e+01,1.234739971160888672e+01
3.922371582031250000e+03,1.098779830932617188e+02,8.794078063964843750e+01,1.211768054962158203e+01,1.216187953948974609e+01
3.278822021484375000e+03,9.240457153320312500e+01,8.700607299804687500e+01,1.750941395759582520e+00,1.405363559722900391e+01
2.874728515625000000e+03,8.079477691650390625e+01,9.374755096435546875e+01,1.627518296241760254e+00,1.393499660491943359e+01
1.795314453125000000e+03,5.025037002563476562e+01,9.497308349609375000e+01,2.400600624084472656e+01,1.443275451660156250e+01
3.778190429687500000e+03,1.065280303955078125e+02,8.535176086425781250e+01,1.575233459472656250e+01,1.251454925537109375e+01
3.509857666015625000e+03,9.817424774169921875e+01,8.991046142578125000e+01,2.452139472961425781e+01,1.272025108337402344e+01
2.851406005859375000e+03,8.005860137939453125e+01,8.575283813476562500e+01,6.680559539794921875e+01,1.277215671539306641e+01
1.218848999023437500e+03,3.440183639526367188e+01,8.802964782714843750e+01,3.692728424072265625e+01,1.258999347686767578e+01
1.941416992187500000e+03,5.492314529418945312e+01,8.613484954833984375e+01,5.675502777099609375e+01,1.246381092071533203e+01
2.555755371093750000e+03,7.205622863769531250e+01,9.470306396484375000e+01,1.069231510162353516e+01,1.234099292755126953e+01
2.067095458984375000e+03,5.816009902954101562e+01,8.629727935791015625e+01,6.947982788085937500e+01,1.268462085723876953e+01
2.626312500000000000e+03,7.298059082031250000e+01,9.431714630126953125e+01,4.174158096313476562e+01,1.379483127593994141e+01
3.035246093750000000e+03,8.553196716308593750e+01,8.940119934082031250e+01,6.497420501708984375e+01,1.425707054138183594e+01
3.615516845703125000e+03,1.006276626586914062e+02,9.302339935302734375e+01,2.757084465026855469e+01,1.421766185760498047e+01
1.098640991210937500e+03,3.007531738281250000e+01,8.513265228271484375e+01,8.315242767333984375e+01,1.365818214416503906e+01
3.556789550781250000e+03,9.961132049560546875e+01,9.336452484130859375e+01,9.897464752197265625e+01,1.332361221313476562e+01
6.563757812500000000e+03,2.948780441284179688e+01,9.076731109619140625e+01,2.192066764831542969e+01,1.251865291595458984e+01
2.502035400390625000e+03,7.022491455078125000e+01,9.488603973388671875e+01,8.183078765869140625e+01,1.385403633117675781e+01
1.949447143554687500e+03,5.406795501708984375e+01,9.039958953857421875e+01,4.549718093872070312e+01,1.259966754913330078e+01
2.972965087890625000e+03,8.279250335693359375e+01,9.092275238037109375e+01,2.217379951477050781e+01,1.383504104614257812e+01
2.798986328125000000e+03,7.820714569091796875e+01,8.516341400146484375e+01,1.566982746124267578e+00,1.325001430511474609e+01
3.488611083984375000e+03,9.738280487060546875e+01,9.277398681640625000e+01,5.990711975097656250e+01,1.229264736175537109e+01
3.704626953125000000e+03,1.042613067626953125e+02,8.950924682617187500e+01,2.073728752136230469e+01,1.330945587158203125e+01
1.486631347656250000e+03,4.158764648437500000e+01,9.425691223144531250e+01,1.619306945800781250e+01,1.419820022583007812e+01
2.681612548828125000e+03,7.490570068359375000e+01,9.179616546630859375e+01,4.333329010009765625e+01,1.419351291656494141e+01
1.748015136718750000e+03,4.854459381103515625e+01,9.290673828125000000e+01,8.783147430419921875e+01,1.280508518218994141e+01
3.055755615234375000e+03,8.584185791015625000e+01,9.325396728515625000e+01,2.093312263488769531e+01,1.334816741943359375e+01
1.327512084960937500e+03,3.809889221191406250e+01,9.267795562744140625e+01,1.732753944396972656e+01,1.428879356384277344e+01
7.121386230468750000e+03,2.494540596008300781e+01,9.156860351562500000e+01,1.346024036407470703e+01,1.378122425079345703e+01
1.515489013671875000e+03,4.165818405151367188e+01,8.913930511474609375e+01,1.766669845581054688e+01,1.406103897094726562e+01
3.814584716796875000e+03,1.061017303466796875e+02,8.942282104492187500e+01,1.086457061767578125e+01,1.231220054626464844e+01
2.316979980468750000e+03,6.549009704589843750e+01,8.570310974121093750e+01,1.823107242584228516e+00,1.206236934661865234e+01
1.637129638671875000e+03,4.567706680297851562e+01,9.164776611328125000e+01,4.908810424804687500e+01,1.211813545227050781e+01
1.275401367187500000e+03,3.628110504150390625e+01,9.003998565673828125e+01,7.131965637207031250e+01,1.438793277740478516e+01
9.089525146484375000e+02,2.493197631835937500e+01,8.623263549804687500e+01,4.291968536376953125e+01,1.407315158843994141e+01
2.989515625000000000e+03,8.390877532958984375e+01,8.519823455810546875e+01,9.456905364990234375e+01,1.388821601867675781e+01
2.180173828125000000e+03,6.093685913085937500e+01,9.035346984863281250e+01,2.194562339782714844e+01,1.416881561279296875e+01
3.334416015625000000e+03,9.399092102050781250e+01,9.203234100341796875e+01,5.572204589843750000e+01,1.410802745819091797e+01
1.778560791015625000e+03,4.938431549072265625e+01,9.259967041015625000e+01,1.282932567596435547e+01,1.395209598541259766e+01
3.144001220703125000e+03,8.736743927001953125e+01,9.243176269531250000e+01,7.847151947021484375e+01,1.375178146362304688e+01
3.713044433593750000e+03,1.040374984741210938e+02,9.325941467285156250e+01,2.611490631103515625e+01,1.290418624877929688e+01
3.274663085937500000e+03,9.282630157470703125e+01,8.565029144287109375e+01,9.150787353515625000e+01,1.234549331665039062e+01
1.495386840820312500e+03,4.171868896484375000e+01,8.843238830566406250e+01,8.275167083740234375e+01,1.216097450256347656e+01
1.575081298828125000e+03,4.423623275756835938e+01,8.737821197509765625e+01,6.880777740478515625e+01,1.277138614654541016e+01
3.518660400390625000e+03,9.799800109863281250e+01,9.133943939208984375e+01,5.087902450561523438e+01,1.432139015197753906e+01
3.733914794921875000e+03,1.049928131103515625e+02,9.108129119873046875e+01,4.650141143798828125e+01,1.300112819671630859e+01
3.644145507812500000e+03,1.024221801757812500e+02,9.385888671875000000e+01,2.252478027343750000e+01,1.282506084442138672e+01
3.615719482421875000e+03,1.005993347167968750e+02,9.279278564453125000e+01,6.965393066406250000e+01,1.315648078918457031e+01
2.699769042968750000e+03,7.549530792236328125e+01,8.535985565185546875e+01,3.082401657104492188e+01,1.352268886566162109e+01
2.256377197265625000e+03,6.307800674438476562e+01,8.812570190429687500e+01,5.096048355102539062e+00,1.227900123596191406e+01
2.545213623046875000e+03,7.200956726074218750e+01,8.913914489746093750e+01,7.890261077880859375e+01,1.407262992858886719e+01
3.298465087890625000e+03,9.221340179443359375e+01,8.849027252197265625e+01,2.907561492919921875e+01,1.320470046997070312e+01
2.518998779296875000e+03,7.072164916992187500e+01,8.827112579345703125e+01,1.101605987548828125e+01,1.445277976989746094e+01
1.205086181640625000e+03,3.414478683471679688e+01,9.092794799804687500e+01,4.537812423706054688e+01,1.361767482757568359e+01
1.806661010742187500e+03,5.082041931152343750e+01,9.264756774902343750e+01,8.442723846435546875e+01,1.423876190185546875e+01
9.733337402343750000e+02,2.702564430236816406e+01,8.558051300048828125e+01,8.809738922119140625e+01,1.210813617706298828e+01
1.135095703125000000e+03,3.235678482055664062e+01,9.418330383300781250e+01,8.347139739990234375e+01,1.380578899383544922e+01
1.371272460937500000e+03,3.801445770263671875e+01,8.848339843750000000e+01,6.249773406982421875e+01,1.234104728698730469e+01
3.747084472656250000e+03,1.054680709838867188e+02,8.702100372314453125e+01,7.125415802001953125e+01,1.325348663330078125e+01
3.181258300781250000e+03,8.887164306640625000e+01,8.964982604980468750e+01,6.219255065917968750e+01,1.264841175079345703e+01
1.766192016601562500e+03,4.996046447753906250e+01,8.756024932861328125e+01,2.689884567260742188e+01,1.284893131256103516e+01
2.026076416015625000e+03,5.670949172973632812e+01,8.606568145751953125e+01,4.836042404174804688e+01,1.411195945739746094e+01
3.220809814453125000e+03,9.052024841308593750e+01,8.986045074462890625e+01,4.361364364624023438e+01,1.281160926818847656e+01
2.629365234375000000e+03,7.297637939453125000e+01,8.843580627441406250e+01,4.139692306518554688e+01,1.252940654754638672e+01
1.119559936523437500e+03,3.206142044067382812e+01,9.243600463867187500e+01,2.314009428024291992e+00,1.444806194305419922e+01
3.927509765625000000e+03,1.110845031738281250e+02,8.505742645263671875e+01,7.508855438232421875e+01,1.343275070190429688e+01
3.410911865234375000e+03,9.632861328125000000e+01,9.031681060791015625e+01,6.536828613281250000e+01,1.323870563507080078e+01
3.338845703125000000e+03,9.376512145996093750e+01,9.340433502197265625e+01,9.563464164733886719e+00,1.375544166564941406e+01
1.159564819335937500e+03,3.303441238403320312e+01,9.096182250976562500e+01,8.336754608154296875e+01,1.381137847900390625e+01
1.959148559570312500e+03,5.521019363403320312e+01,9.038262176513671875e+01,8.306340026855468750e+01,1.433042907714843750e+01
1.554520263671875000e+03,4.317623519897460938e+01,8.915959167480468750e+01,6.396714401245117188e+01,1.388151931762695312e+01
2.238718994140625000e+03,6.210346221923828125e+01,8.526819610595703125e+01,8.648864746093750000e+01,1.321302127838134766e+01
3.067879882812500000e+03,8.545397949218750000e+01,9.175076293945312500e+01,9.949143981933593750e+01,1.448732948303222656e+01
9.886991577148437500e+02,2.730737495422363281e+01,8.987221527099609375e+01,1.092836093902587891e+01,1.316206741333007812e+01
2.968249755859375000e+03,8.360920715332031250e+01,9.431558990478515625e+01,8.886780738830566406e+00,1.438460350036621094e+01
3.098721923828125000e+03,8.599777984619140625e+01,8.822463226318359375e+01,6.972736358642578125e+01,1.439242935180664062e+01
1.162107299804687500e+03,3.183979034423828125e+01,9.214837646484375000e+01,5.039346694946289062e+01,1.224162673950195312e+01
2.610158691406250000e+03,7.247142028808593750e+01,8.515367126464843750e+01,6.193671798706054688e+01,1.251228618621826172e+01
2.379579345703125000e+03,6.737597656250000000e+01,8.877760314941406250e+01,2.631735992431640625e+01,1.448764038085937500e+01
2.636977539062500000e+03,7.443116760253906250e+01,8.560829925537109375e+01,1.531003761291503906e+01,1.282819175720214844e+01
2.390578125000000000e+03,6.668354797363281250e+01,9.330955505371093750e+01,1.101120758056640625e+01,1.275680637359619141e+01
2.317323242187500000e+03,6.576159667968750000e+01,9.410398864746093750e+01,1.468414974212646484e+01,1.245383071899414062e+01
3.546428710937500000e+03,9.952373504638671875e+01,9.395044708251953125e+01,3.722152328491210938e+01,1.282148551940917969e+01
3.948419189453125000e+03,1.105432281494140625e+02,8.875484466552734375e+01,4.605030059814453125e+01,1.211476707458496094e+01
1.690934692382812500e+03,4.719520187377929688e+01,8.867557525634765625e+01,4.183700561523437500e+01,1.338975620269775391e+01
1.501669555664062500e+03,4.249435806274414062e+01,9.091077423095703125e+01,6.217961883544921875e+01,1.371688461303710938e+01
1.086543823242187500e+03,2.983815002441406250e+01,8.589947509765625000e+01,6.933587789535522461e-01,1.212807559967041016e+01
2.069356689453125000e+03,5.832080459594726562e+01,8.940354919433593750e+01,9.186718940734863281e+00,1.310126495361328125e+01
2.826517822265625000e+03,7.896946716308593750e+01,9.107553100585937500e+01,6.121179199218750000e+01,1.210602092742919922e+01
2.915253173828125000e+03,8.180457305908203125e+01,9.262117767333984375e+01,6.268933868408203125e+01,1.202386760711669922e+01
1.526680908203125000e+03,4.312659072875976562e+01,9.484693908691406250e+01,4.886871337890625000e+01,1.202205944061279297e+01
2.855729248046875000e+03,7.901973724365234375e+01,9.209486389160156250e+01,8.404563140869140625e+01,1.226321315765380859e+01
1.944314331054687500e+03,5.390309143066406250e+01,8.993909454345703125e+01,8.561950683593750000e+01,1.392639827728271484e+01
1.713745605468750000e+03,4.764493179321289062e+01,9.140385437011718750e+01,9.389453125000000000e+01,1.447900295257568359e+01
3.091093017578125000e+03,8.634773254394531250e+01,8.574011230468750000e+01,4.096105575561523438e+01,1.334784603118896484e+01
1.334774169921875000e+03,3.732337188720703125e+01,8.806694030761718750e+01,3.819164657592773438e+01,1.379821681976318359e+01
1.767016601562500000e+03,4.965576553344726562e+01,9.481854248046875000e+01,1.029089927673339844e+01,1.214924144744873047e+01
1.829853393554687500e+03,5.177869796752929688e+01,8.717798614501953125e+01,1.063806533813476562e+01,1.443313980102539062e+01
2.361523681640625000e+03,6.616270446777343750e+01,8.849999237060546875e+01,7.173107147216796875e+01,1.243615531921386719e+01
3.911878906250000000e+03,1.086285324096679688e+02,9.037537384033203125e+01,6.383468246459960938e+01,1.234900665283203125e+01
2.086841796875000000e+03,5.892934036254882812e+01,9.423302459716796875e+01,8.836663055419921875e+01,1.330535316467285156e+01
1.420600952148437500e+03,3.941602706909179688e+01,9.480773162841796875e+01,5.406228637695312500e+01,1.293588924407958984e+01
3.252127441406250000e+03,9.089678955078125000e+01,8.730810546875000000e+01,8.889427185058593750e+01,1.418737220764160156e+01
1.857705688476562500e+03,5.148974609375000000e+01,9.198271179199218750e+01,2.856502342224121094e+01,1.233061408996582031e+01
1.260390136718750000e+03,3.567959213256835938e+01,8.665531921386718750e+01,2.847200775146484375e+01,1.238403320312500000e+01
1.741942504882812500e+03,4.941201400756835938e+01,8.784346008300781250e+01,4.779356956481933594e+00,1.418490028381347656e+01
2.067284912109375000e+03,5.728303909301757812e+01,9.125696563720703125e+01,9.836014556884765625e+01,1.378353977203369141e+01
2.202362792968750000e+03,6.241841125488281250e+01,8.709427642822265625e+01,5.878219223022460938e+01,1.258138275146484375e+01
1.902488281250000000e+03,5.356215286254882812e+01,9.133066558837890625e+01,4.456174373626708984e+00,1.210359096527099609e+01
9.014432983398437500e+02,2.610567665100097656e+01,9.250315093994140625e+01,9.560735321044921875e+01,1.250781631469726562e+01
2.091478515625000000e+03,5.821896743774414062e+01,8.722462463378906250e+01,8.417887878417968750e+01,1.380301570892333984e+01
3.339448730468750000e+03,9.388312530517578125e+01,9.111894989013671875e+01,9.011814117431640625e+01,1.341732311248779297e+01
1.285634033203125000e+03,3.607771682739257812e+01,8.556619262695312500e+01,4.088772964477539062e+01,1.393070507049560547e+01
3.288504150390625000e+03,9.110838317871093750e+01,9.208299255371093750e+01,9.889942169189453125e+01,1.353975200653076172e+01
9.292775268554687500e+02,2.565362739562988281e+01,8.801764678955078125e+01,9.029891204833984375e+01,1.211278724670410156e+01
1.420068725585937500e+03,4.030114364624023438e+01,8.940377044677734375e+01,4.751544892787933350e-01,1.373213195800781250e+01
3.003745117187500000e+03,8.301601409912109375e+01,8.746338653564453125e+01,2.088900947570800781e+01,1.276633644104003906e+01
2.281321289062500000e+03,6.374672317504882812e+01,9.202798461914062500e+01,7.860163116455078125e+01,1.323968410491943359e+01
1.386994628906250000e+03,3.850769424438476562e+01,8.705357360839843750e+01,8.688955688476562500e+01,1.276077461242675781e+01
2.549389404296875000e+03,7.133921813964843750e+01,9.062429809570312500e+01,5.458905220031738281e+00,1.280094718933105469e+01
2.381648681640625000e+03,6.697854614257812500e+01,9.122626495361328125e+01,7.588086700439453125e+01,1.287126922607421875e+01
3.485356445312500000e+03,9.755130004882812500e+01,9.274336242675781250e+01,1.157041645050048828e+01,1.297515678405761719e+01
3.179492919921875000e+03,8.949833679199218750e+01,9.108563232421875000e+01,6.496488952636718750e+01,1.399791049957275391e+01
9.052196044921875000e+02,2.569166755676269531e+01,8.877628326416015625e+01,5.352396011352539062e+01,1.340160179138183594e+01
1.774292846679687500e+03,4.946453094482421875e+01,8.596977996826171875e+01,8.457969665527343750e+01,1.354189014434814453e+01
3.579858642578125000e+03,1.002765808105468750e+02,8.536204528808593750e+01,9.704328918457031250e+01,1.234876728057861328e+01
2.149105712890625000e+03,5.999148941040039062e+01,9.393014526367187500e+01,6.049069213867187500e+01,1.312287139892578125e+01
8.745313720703125000e+02,2.439759254455566406e+01,9.062329864501953125e+01,6.530900573730468750e+01,1.362227916717529297e+01
2.534652832031250000e+03,6.991630554199218750e+01,9.452922821044921875e+01,6.100605010986328125e+01,1.263776779174804688e+01
2.730073486328125000e+03,7.562387084960937500e+01,8.656684875488281250e+01,4.594436168670654297e+00,1.397702407836914062e+01
3.019163085937500000e+03,8.329558563232421875e+01,9.461683654785156250e+01,9.906790161132812500e+01,1.314525127410888672e+01
1.427181640625000000e+03,4.030428314208984375e+01,8.800656127929687500e+01,1.083014678955078125e+01,1.247161865234375000e+01
3.808432128906250000e+03,1.059890441894531250e+02,8.601799011230468750e+01,2.495438003540039062e+01,1.348626899719238281e+01
2.553407958984375000e+03,7.024545288085937500e+01,9.222906494140625000e+01,3.806629180908203125e+01,1.296036052703857422e+01
3.446955078125000000e+03,9.576721191406250000e+01,8.872261810302734375e+01,1.536128997802734375e+01,1.350210094451904297e+01
3.183239013671875000e+03,8.892748260498046875e+01,8.825825500488281250e+01,3.704597091674804688e+01,1.317388916015625000e+01
9.811379394531250000e+02,2.754088973999023438e+01,9.177931213378906250e+01,4.017749023437500000e+01,1.260695075988769531e+01
3.003756835937500000e+03,8.389496612548828125e+01,8.506703948974609375e+01,6.986379241943359375e+01,1.265539836883544922e+01
3.272018554687500000e+03,9.113751220703125000e+01,8.610820770263671875e+01,6.086597442626953125e+01,1.439774036407470703e+01
1.541693969726562500e+03,-5.890733599662780762e-01,8.884534454345703125e+01,1.791187477111816406e+01,1.351998233795166016e+01
1.715351318359375000e+03,4.746634292602539062e+01,8.594286346435546875e+01,8.673030090332031250e+01,1.376960945129394531e+01
1.363110473632812500e+03,3.851593780517578125e+01,8.795758056640625000e+01,5.076247406005859375e+01,1.391639328002929688e+01
3.957091552734375000e+03,1.104703140258789062e+02,9.210761260986328125e+01,9.845850372314453125e+01,1.369502925872802734e+01
2.648591552734375000e+03,7.434117889404296875e+01,8.708168029785156250e+01,1.495082187652587891e+01,1.402327442169189453e+01
3.969896728515625000e+03,1.127359848022460938e+02,8.965991973876953125e+01,5.411458587646484375e+01,1.244893646240234375e+01
2.182291503906250000e+03,6.127548217773437500e+01,8.618827819824218750e+01,5.120419311523437500e+01,1.241408252716064453e+01
3.615180419921875000e+03,1.011798324584960938e+02,9.310584259033203125e+01,4.908212661743164062e+01,1.210631084442138672e+01
3.716255615234375000e+03,1.033538131713867188e+02,9.459554290771484375e+01,8.649341583251953125e+01,1.431908702850341797e+01
3.541503173828125000e+03,9.928822326660156250e+01,8.871218109130859375e+01,4.573365783691406250e+01,1.379679107666015625e+01
3.344306640625000000e+03,9.338865661621093750e+01,9.393348693847656250e+01,9.542864990234375000e+01,1.311895275115966797e+01
3.659238281250000000e+03,1.025288085937500000e+02,8.837892150878906250e+01,2.545338249206542969e+01,1.424147319793701172e+01
3.232047851562500000e+03,9.042362213134765625e+01,8.706813812255859375e+01,9.415388488769531250e+01,1.230163860321044922e+01
2.665256591796875000e+03,7.495628356933593750e+01,9.205739593505859375e+01,4.030370712280273438e+01,1.217192077636718750e+01
1.408655273437500000e+03,4.005576705932617188e+01,8.936128997802734375e+01,4.136499404907226562e+01,1.418773746490478516e+01
1.657147460937500000e+03,4.725413513183593750e+01,9.355756378173828125e+01,4.173686218261718750e+01,1.310480594635009766e+01
2.474715576171875000e+03,6.932669067382812500e+01,8.871498107910156250e+01,6.491026306152343750e+01,1.219169998168945312e+01
3.502532714843750000e+03,9.769622039794921875e+01,8.891925811767578125e+01,7.111103820800781250e+01,1.404048347473144531e+01
3.919632812500000000e+03,1.095699844360351562e+02,9.429899597167968750e+01,8.617234039306640625e+01,1.426574230194091797e+01
1.763253540039062500e+03,4.860041046142578125e+01,9.392921447753906250e+01,2.215143585205078125e+01,1.354975223541259766e+01
1.267798706054687500e+03,3.563744354248046875e+01,8.696426391601562500e+01,3.777899551391601562e+01,1.376396369934082031e+01
3.097799560546875000e+03,8.636645507812500000e+01,8.656291198730468750e+01,1.041514968872070312e+01,1.449941349029541016e+01
3.713319580078125000e+03,1.042097778320312500e+02,9.056555175781250000e+01,5.755603790283203125e+00,1.349487590789794922e+01
1.465828125000000000e+03,4.103314208984375000e+01,8.936938476562500000e+01,8.757245063781738281e+00,1.445918655395507812e+01
2.903740234375000000e+03,8.088031768798828125e+01,9.399275207519531250e+01,4.850536346435546875e+01,1.318024253845214844e+01
2.704579101562500000e+03,7.550190734863281250e+01,9.155593872070312500e+01,6.911320495605468750e+01,1.256952762603759766e+01
1.001030578613281250e+03,2.783216667175292969e+01,8.651946258544921875e+01,8.240018463134765625e+01,1.266316413879394531e+01
3.664924560546875000e+03,1.025362243652343750e+02,8.697631835937500000e+01,3.720795440673828125e+01,1.395060062408447266e+01
1.317853881835937500e+03,3.649919128417968750e+01,8.588867187500000000e+01,6.930977630615234375e+01,1.412153911590576172e+01
2.279699707031250000e+03,6.459022521972656250e+01,8.883441162109375000e+01,9.382975006103515625e+01,1.290888595581054688e+01
1.582806884765625000e+03,4.437708282470703125e+01,9.486625671386718750e+01,2.224822616577148438e+01,1.403718948364257812e+01
2.099266601562500000e+03,5.863480377197265625e+01,9.032144927978515625e+01,7.498461914062500000e+01,1.291002464294433594e+01
2.104479003906250000e+03,5.856077575683593750e+01,9.332001495361328125e+01,8.853403472900390625e+01,1.225631427764892578e+01
3.793081298828125000e+03,1.054329223632812500e+02,9.015584564208984375e+01,1.005178146362304688e+02,1.390892791748046875e+01
1.689787109375000000e+03,4.750260543823242188e+01,9.275655364990234375e+01,7.023776245117187500e+01,1.336372947692871094e+01
2.635537841796875000e+03,7.419126129150390625e+01,8.513292694091796875e+01,7.780223083496093750e+01,1.243754863739013672e+01
1.201277465820312500e+03,3.398474502563476562e+01,8.823767852783203125e+01,7.050347137451171875e+01,1.368782901763916016e+01
3.166916259765625000e+03,8.910089874267578125e+01,9.487793731689453125e+01,8.910205841064453125e+01,1.221762561798095703e+01
2.682167480468750000e+03,7.474967956542968750e+01,9.175012207031250000e+01,8.773712921142578125e+01,1.326761245727539062e+01
3.640353759765625000e+03,1.027127990722656250e+02,9.026747894287109375e+01,1.595239353179931641e+01,1.428581905364990234e+01
2.378576904296875000e+03,6.672576141357421875e+01,8.845917510986328125e+01,7.271236419677734375e+01,1.335235881805419922e+01
1.936385131835937500e+03,5.421492385864257812e+01,9.152615356445312500e+01,3.197979164123535156e+01,1.442586708068847656e+01
2.251073730468750000e+03,6.282213211059570312e+01,9.438970184326171875e+01,6.656101226806640625e+01,1.266068267822265625e+01
1.771423950195312500e+03,4.909901809692382812e+01,9.259263610839843750e+01,9.336189270019531250e+01,1.319041728973388672e+01
9.725390625000000000e+02,2.738103866577148438e+01,8.652872467041015625e+01,8.571417999267578125e+01,1.399539852142333984e+01
2.575537109375000000e+03,7.185563659667968750e+01,9.139857482910156250e+01,9.542412567138671875e+01,1.447612571716308594e+01
1.845870971679687500e+03,5.130679702758789062e+01,9.064263916015625000e+01,4.128718185424804688e+01,1.226989841461181641e+01
2.782420898437500000e+03,7.683233642578125000e+01,9.410363006591796875e+01,9.353072357177734375e+01,1.275757026672363281e+01
2.501692382812500000e+03,6.931376647949218750e+01,9.226228332519531250e+01,1.969664573669433594e+01,1.272815799713134766e+01
3.294148193359375000e+03,9.231247711181640625e+01,8.672192382812500000e+01,7.176573753356933594e+00,1.328026294708251953e+01
1.454319213867187500e+03,4.057666015625000000e+01,9.375725555419921875e+01,2.913901710510253906e+01,1.315705299377441406e+01
1.058143798828125000e+03,3.004748725891113281e+01,8.751401519775390625e+01,2.995846366882324219e+01,1.431882095336914062e+01
2.615553710937500000e+03,7.399978637695312500e+01,8.736289978027343750e+01,2.963874816894531250e+01,1.275446319580078125e+01
2.727279541015625000e+03,7.589595794677734375e+01,8.937768554687500000e+01,3.438064575195312500e+01,1.391460132598876953e+01
2.577236083984375000e+03,7.236107635498046875e+01,9.249486541748046875e+01,7.687631225585937500e+01,1.327264595031738281e+01
1.817088134765625000e+03,5.077516555786132812e+01,9.034802246093750000e+01,1.166459178924560547e+01,1.271874046325683594e+01
3.150787597656250000e+03,8.777798461914062500e+01,8.770758819580078125e+01,7.099047088623046875e+01,1.445051193237304688e+01
2.123975341796875000e+03,5.863793182373046875e+01,8.790309143066406250e+01,4.398532867431640625e+01,1.371398067474365234e+01
2.921165527343750000e+03,8.246133422851562500e+01,8.786446380615234375e+01,9.248084259033203125e+01,1.206214904785156250e+01
3.432243896484375000e+03,9.541368103027343750e+01,9.061430358886718750e+01,5.227938461303710938e+01,1.374420928955078125e+01
2.459364013671875000e+03,6.851333618164062500e+01,8.508480834960937500e+01,5.614354133605957031e+00,1.304261207580566406e+01
3.423303955078125000e+03,9.505558776855468750e+01,9.028231048583984375e+01,4.060834884643554688e+00,1.253563976287841797e+01
2.522859130859375000e+03,6.997984313964843750e+01,8.995300292968750000e+01,1.524665069580078125e+01,1.240394687652587891e+01
2.995268066406250000e+03,8.369650268554687500e+01,9.388467407226562500e+01,5.528088378906250000e+01,1.281387805938720703e+01
3.598640380859375000e+03,1.002804718017578125e+02,9.030850219726562500e+01,2.484064102172851562e+01,1.261199092864990234e+01
9.018341064453125000e+02,2.574043846130371094e+01,9.495888519287109375e+01,5.969617843627929688e+01,1.364994907379150391e+01
3.339608154296875000e+03,9.270018005371093750e+01,9.434603881835937500e+01,4.346424102783203125e+01,1.233347034454345703e+01
1.154014282226562500e+03,3.118876647949218750e+01,8.741638946533203125e+01,5.692120361328125000e+01,1.347548866271972656e+01
3.671609130859375000e+03,1.030630569458007812e+02,9.257399749755859375e+01,8.825396728515625000e+01,1.397386169433593750e+01
1.430490966796875000e+03,3.990743255615234375e+01,8.536585998535156250e+01,8.976499938964843750e+01,1.405001163482666016e+01
1.364684326171875000e+03,3.820108413696289062e+01,9.145783996582031250e+01,8.282219696044921875e+01,1.403044223785400391e+01
2.897880371093750000e+03,8.188863372802734375e+01,9.162102508544921875e+01,3.772849655151367188e+01,1.284114170074462891e+01
3.932187744140625000e+03,1.098678588867187500e+02,8.975333404541015625e+01,5.887707901000976562e+01,1.236655807495117188e+01
8.673403930664062500e+02,2.490538597106933594e+01,9.209862518310546875e+01,7.568430328369140625e+01,1.298104190826416016e+01
1.657465698242187500e+03,4.605439376831054688e+01,8.821062469482421875e+01,8.776727294921875000e+01,1.365509128570556641e+01
1.725067504882812500e+03,4.754822540283203125e+01,9.066420745849609375e+01,5.509087753295898438e+01,1.407136726379394531e+01
3.562675781250000000e+03,9.936827087402343750e+01,9.167951965332031250e+01,6.647586822509765625e+01,1.365550613403320312e+01
3.158609130859375000e+03,8.821102142333984375e+01,8.735027313232421875e+01,2.991547775268554688e+01,1.420232963562011719e+01
8.419003906250000000e+02,2.345195198059082031e+01,8.632196044921875000e+01,9.607821655273437500e+01,1.217692661285400391e+01
3.080104492187500000e+03,8.638521575927734375e+01,9.262559509277343750e+01,6.514482116699218750e+01,1.268689918518066406e+01
2.540912597656250000e+03,7.114034271240234375e+01,9.061740112304687500e+01,7.496573638916015625e+01,1.383863258361816406e+01
1.361158691406250000e+03,3.771310806274414062e+01,8.554100036621093750e+01,9.890471649169921875e+01,1.395228767395019531e+01
2.150926513671875000e+03,6.042018508911132812e+01,8.823007965087890625e+01,5.646542358398437500e+01,1.295402622222900391e+01
2.593719238281250000e+03,7.240904235839843750e+01,8.579530334472656250e+01,4.052406692504882812e+01,1.416547870635986328e+01
2.068431640625000000e+03,5.836120986938476562e+01,8.882445526123046875e+01,5.348231887817382812e+01,1.289644336700439453e+01
1.528915527343750000e+03,4.254140090942382812e+01,8.570832061767578125e+01,8.978610992431640625e+01,1.382739639282226562e+01
2.534551757812500000e+03,7.065477752685546875e+01,9.164180755615234375e+01,3.227769470214843750e+01,1.338109207153320312e+01
3.976494140625000000e+03,1.111163177490234375e+02,9.143455505371093750e+01,5.632020568847656250e+01,1.434357166290283203e+01
1.070221801757812500e+03,3.005584907531738281e+01,8.541614532470703125e+01,4.939908218383789062e+01,1.282465267181396484e+01
2.157876464843750000e+03,6.049631500244140625e+01,9.415396881103515625e+01,4.549252319335937500e+01,1.438567066192626953e+01
1.478538085937500000e+03,4.109547805786132812e+01,8.567091369628906250e+01,4.753761291503906250e+01,1.305972671508789062e+01
1.625483886718750000e+03,4.520863723754882812e+01,9.009313964843750000e+01,7.474475097656250000e+01,1.328216838836669922e+01
2.162567626953125000e+03,6.049604797363281250e+01,9.461863708496093750e+01,2.239262008666992188e+01,1.301527309417724609e+01
9.944818725585937500e+02,2.752095222473144531e+01,8.669257354736328125e+01,2.077019309997558594e+01,1.258313560485839844e+01
3.943777832031250000e+03,1.111009826660156250e+02,8.781285858154296875e+01,5.585833358764648438e+01,1.392621326446533203e+01
3.068441406250000000e+03,8.705234527587890625e+01,8.503148651123046875e+01,9.169412994384765625e+01,1.347351074218750000e+01
2.418439453125000000e+03,6.707310485839843750e+01,8.959709167480468750e+01,2.154951477050781250e+01,1.386300945281982422e+01
1.370848999023437500e+03,3.767635726928710938e+01,8.662529754638671875e+01,5.084034729003906250e+01,1.361370658874511719e+01
3.711582275390625000e+03,1.036622161865234375e+02,8.817248535156250000e+01,6.428883361816406250e+01,1.408017063140869141e+01
2.124888183593750000e+03,6.011106872558593750e+01,8.500642395019531250e+01,6.448731231689453125e+01,1.379543972015380859e+01
3.462424804687500000e+03,9.666757965087890625e+01,8.668566131591796875e+01,7.088640594482421875e+01,1.315076446533203125e+01
2.524131591796875000e+03,7.033786010742187500e+01,8.897184753417968750e+01,2.830853700637817383e+00,1.329718875885009766e+01
3.387038085937500000e+03,9.454012298583984375e+01,8.870327758789062500e+01,7.470912933349609375e+01,1.350696182250976562e+01
2.383666503906250000e+03,6.702436065673828125e+01,9.337979888916015625e+01,8.128018951416015625e+01,1.256402301788330078e+01
1.054417846679687500e+03,2.953592300415039062e+01,8.792935943603515625e+01,8.893018341064453125e+01,1.390518283843994141e+01
1.157463623046875000e+03,3.227297592163085938e+01,9.000853729248046875e+01,1.005108451843261719e+01,1.333742141723632812e+01
1.719739257812500000e+03,4.704308700561523438e+01,9.439413452148437500e+01,4.259250640869140625e+01,1.248161029815673828e+01
1.185847778320312500e+03,3.357026672363281250e+01,8.887393188476562500e+01,9.411736297607421875e+01,1.280994892120361328e+01
2.740001953125000000e+03,7.763553619384765625e+01,8.741293334960937500e+01,6.070718288421630859e+00,1.337221908569335938e+01
1.009688415527343750e+03,2.833795166015625000e+01,8.908681488037109375e+01,9.922698974609375000e+01,1.298246765136718750e+01
1.187542114257812500e+03,3.234708404541015625e+01,9.055323028564453125e+01,9.319293212890625000e+01,1.303079223632812500e+01
1.919143920898437500e+03,5.374113464355468750e+01,9.146019744873046875e+01,4.730759048461914062e+01,1.397607707977294922e+01
1.853039550781250000e+03,5.230669403076171875e+01,8.721823120117187500e+01,2.422935485839843750e+00,1.435341739654541016e+01
3.708396972656250000e+03,1.043489151000976562e+02,9.435928344726562500e+01,5.886526489257812500e+01,1.344284343719482422e+01
1.706813598632812500e+03,4.842966461181640625e+01,9.104824829101562500e+01,5.835653305053710938e+01,1.263927936553955078e+01
3.828975585937500000e+03,1.083461227416992188e+02,8.626866149902343750e+01,9.377069091796875000e+01,1.345592498779296875e+01
1.913186157226562500e+03,5.372489929199218750e+01,8.953082275390625000e+01,8.565751647949218750e+01,1.382148456573486328e+01
2.296847412109375000e+03,6.326994705200195312e+01,8.962918090820312500e+01,4.144101333618164062e+01,1.225929069519042969e+01
3.602559570312500000e+03,1.016435623168945312e+02,9.000207519531250000e+01,9.259658813476562500e+01,1.243054580688476562e+01
1.182791748046875000e+03,3.255111312866210938e+01,9.288763427734375000e+01,9.295851898193359375e+01,1.319122219085693359e+01
1.427097290039062500e+03,4.008882522583007812e+01,8.537023925781250000e+01,1.505965805053710938e+01,1.203089141845703125e+01
3.069752197265625000e+03,8.622683715820312500e+01,8.996147918701171875e+01,9.590625762939453125e+01,1.332948493957519531e+01
3.105874267578125000e+03,8.692926788330078125e+01,9.420451354980468750e+01,2.253567695617675781e+01,1.345925617218017578e+01
3.933536621093750000e+03,1.108446121215820312e+02,8.958484649658203125e+01,4.941588211059570312e+01,1.241699314117431641e+01
3.187021972656250000e+03,8.953205871582031250e+01,8.549534606933593750e+01,1.312049579620361328e+01,1.359584999084472656e+01
3.468363525390625000e+03,9.640815734863281250e+01,8.706153869628906250e+01,5.857992553710937500e+01,1.313629245758056641e+01
2.284308349609375000e+03,6.408472442626953125e+01,9.462119293212890625e+01,2.991878509521484375e+01,1.390299892425537109e+01
2.128907226562500000e+03,5.895336151123046875e+01,8.552527618408203125e+01,6.452737808227539062e+00,1.226187992095947266e+01
2.959350830078125000e+03,8.356104278564453125e+01,8.891022491455078125e+01,7.623788452148437500e+01,1.275002479553222656e+01
2.673862548828125000e+03,7.459433746337890625e+01,8.835282897949218750e+01,8.855970001220703125e+01,1.319136905670166016e+01
1.141806030273437500e+03,3.245606994628906250e+01,8.790237426757812500e+01,8.376269531250000000e+01,1.223795604705810547e+01
3.182474609375000000e+03,8.941216278076171875e+01,8.806166076660156250e+01,9.220493316650390625e+01,1.288474178314208984e+01
2.631465576171875000e+03,7.441348266601562500e+01,9.166094970703125000e+01,6.102396774291992188e+01,1.364277935028076172e+01
2.856756103515625000e+03,7.981494903564453125e+01,9.475205230712890625e+01,3.707602310180664062e+01,1.301474475860595703e+01
2.233626953125000000e+03,6.291135025024414062e+01,9.455334472656250000e+01,7.962785339355468750e+01,1.303941345214843750e+01
2.550441894531250000e+03,7.175367736816406250e+01,9.006511688232421875e+01,5.959604740142822266e+00,1.231796073913574219e+01
9.449127197265625000e+02,2.675487518310546875e+01,9.330880737304687500e+01,7.691117095947265625e+01,1.309447383880615234e+01
3.506729248046875000e+03,9.843115234375000000e+01,8.777033233642578125e+01,1.001229400634765625e+02,1.234135723114013672e+01
1.853799682617187500e+03,5.278775405883789062e+01,8.585778045654296875e+01,4.597123718261718750e+01,1.287865734100341797e+01
1.101359741210937500e+03,3.122056198120117188e+01,9.276216888427734375e+01,1.452962875366210938e+01,1.441010379791259766e+01
3.975191162109375000e+03,1.113285064697265625e+02,9.352178955078125000e+01,8.323663330078125000e+01,1.382566452026367188e+01
2.149603759765625000e+03,6.044400024414062500e+01,9.261362457275390625e+01,5.321474456787109375e+01,1.330098056793212891e+01
2.788085937500000000e+03,7.946491241455078125e+01,8.946157073974609375e+01,3.694488906860351562e+01,1.366330432891845703e+01
3.801044677734375000e+03,1.059344787597656250e+02,8.973489379882812500e+01,2.669756698608398438e+01,1.282892227172851562e+01
2.372023925781250000e+03,6.629644775390625000e+01,8.643908691406250000e+01,8.790687561035156250e+01,1.224023818969726562e+01
1.544040405273437500e+03,4.402923965454101562e+01,8.881389617919921875e+01,6.720230865478515625e+01,1.372031402587890625e+01
3.014014892578125000e+03,8.410047149658203125e+01,8.500992584228515625e+01,3.509076595306396484e+00,1.447716426849365234e+01
1.651956420898437500e+03,4.690707397460937500e+01,9.303676605224609375e+01,9.842320251464843750e+01,1.274244117736816406e+01
3.596443115234375000e+03,1.007198638916015625e+02,9.110770416259765625e+01,5.535408401489257812e+01,1.299041652679443359e+01
3.610709960937500000e+03,1.006917648315429688e+02,9.264277648925781250e+01,4.076942443847656250e+01,1.235562324523925781e+01
1.544299438476562500e+03,4.307641983032226562e+01,8.897028350830078125e+01,5.930333328247070312e+01,1.282009887695312500e+01
2.233695800781250000e+03,6.266706848144531250e+01,8.653562164306640625e+01,1.951575660705566406e+01,1.332916164398193359e+01
2.559242431640625000e+03,9.864363074302673340e-01,9.421356201171875000e+01,3.922761535644531250e+01,1.418671798706054688e+01
1.846591308593750000e+03,5.216881942749023438e+01,8.830030059814453125e+01,9.533013916015625000e+01,1.209118461608886719e+01
1.651298828125000000e+03,4.611017990112304688e+01,8.754728698730468750e+01,1.350380992889404297e+01,1.435949611663818359e+01
1.812897827148437500e+03,4.986416625976562500e+01,9.134811401367187500e+01,9.852503967285156250e+01,1.379108047485351562e+01
9.790108032226562500e+02,2.713004875183105469e+01,9.186898040771484375e+01,3.417042922973632812e+01,1.216578197479248047e+01
2.410544677734375000e+03,6.702774047851562500e+01,9.119511413574218750e+01,2.150390815734863281e+01,1.307092666625976562e+01
3.428976806640625000e+03,9.502634429931640625e+01,9.253500366210937500e+01,1.352819252014160156e+01,1.431162548065185547e+01
3.991394287109375000e+03,1.124538192749023438e+02,8.512215423583984375e+01,1.256250476837158203e+01,1.338378524780273438e+01
1.275886108398437500e+03,3.512628173828125000e+01,9.489768981933593750e+01,5.059200286865234375e+01,1.324580955505371094e+01
2.257524414062500000e+03,6.345199966430664062e+01,8.560958099365234375e+01,4.986678314208984375e+01,1.363843345642089844e+01
2.510740478515625000e+03,6.957872009277343750e+01,9.069034576416015625e+01,1.345587158203125000e+01,1.399024105072021484e+01
3.053269287109375000e+03,8.498699951171875000e+01,9.139816284179687500e+01,4.742995452880859375e+01,1.303121089935302734e+01
1.604153564453125000e+03,5.024157166481018066e-01,9.351825714111328125e+01,3.829415130615234375e+01,1.246008491516113281e+01
1.763088500976562500e+03,4.870578002929687500e+01,8.826349639892578125e+01,1.987908244132995605e+00,1.235406398773193359e+01
2.211349365234375000e+03,6.110507202148437500e+01,9.066775512695312500e+01,6.832972717285156250e+01,1.235750007629394531e+01
2.265787353515625000e+03,6.340149307250976562e+01,8.989359283447265625e+01,5.547195053100585938e+01,1.205064678192138672e+01
2.032458251953125000e+03,5.594547653198242188e+01,9.072367095947265625e+01,6.592666625976562500e+01,1.279609870910644531e+01
2.349066894531250000e+03,6.454152679443359375e+01,9.057038879394531250e+01,9.106756591796875000e+01,1.285298633575439453e+01
2.316013671875000000e+03,6.503529357910156250e+01,8.648242187500000000e+01,9.353749084472656250e+01,1.217072868347167969e+01
2.075429199218750000e+03,5.798629379272460938e+01,8.568527984619140625e+01,9.065113830566406250e+01,1.322857856750488281e+01
3.687776611328125000e+03,1.032426223754882812e+02,9.345304107666015625e+01,8.019288635253906250e+01,1.226525783538818359e+01
2.162983154296875000e+03,6.096637344360351562e+01,9.334307098388671875e+01,7.104251861572265625e+01,1.236268901824951172e+01
3.034208740234375000e+03,8.516908264160156250e+01,9.208944702148437500e+01,9.481476593017578125e+01,1.222889995574951172e+01
2.500524169921875000e+03,6.977328491210937500e+01,8.802480316162109375e+01,9.475356292724609375e+01,1.291583919525146484e+01
1.369806396484375000e+03,3.854210662841796875e+01,9.141362762451171875e+01,9.880167388916015625e+01,1.238617420196533203e+01
2.706039794921875000e+03,7.549832153320312500e+01,8.863733673095703125e+01,8.190788269042968750e+01,1.361151313781738281e+01
1.110688476562500000e+03,3.076377677917480469e+01,8.998824310302734375e+01,8.310513305664062500e+01,1.403554439544677734e+01
1.665405761718750000e+03,4.680637741088867188e+01,9.034545898437500000e+01,1.310719013214111328e+01,1.353424263000488281e+01
2.719652587890625000e+03,7.588275909423828125e+01,8.790048217773437500e+01,9.715761566162109375e+01,1.355417060852050781e+01
2.501414062500000000e+03,7.007968902587890625e+01,8.514365386962890625e+01,7.547909545898437500e+01,1.289443016052246094e+01
3.573764648437500000e+03,1.004226074218750000e+02,9.232413482666015625e+01,4.400886917114257812e+01,1.338275909423828125e+01
1.787774780273437500e+03,5.038171386718750000e+01,9.318947601318359375e+01,2.410713768005371094e+01,1.357935714721679688e+01
3.614909667968750000e+03,1.008035812377929688e+02,9.029364013671875000e+01,8.802074432373046875e+01,1.265519523620605469e+01
3.391002685546875000e+03,9.558754730224609375e+01,8.826100158691406250e+01,5.280480194091796875e+01,1.393336868286132812e+01
1.516590087890625000e+03,4.276216506958007812e+01,8.660622406005859375e+01,3.072011375427246094e+01,1.283201313018798828e+01
3.983556396484375000e+03,1.107853927612304688e+02,8.523697662353515625e+01,2.512635421752929688e+01,1.210835552215576172e+01
1.738475219726562500e+03,4.900429916381835938e+01,8.761298370361328125e+01,4.607612609863281250e+01,1.363265895843505859e+01
3.501353027343750000e+03,9.808876037597656250e+01,9.055316925048828125e+01,5.951671600341796875e+01,1.381806468963623047e+01
2.768078125000000000e+03,7.745010375976562500e+01,9.102556610107421875e+01,6.945327758789062500e+01,1.291375827789306641e+01
3.565464355468750000e+03,9.970680999755859375e+01,8.582691955566406250e+01,8.739233398437500000e+01,1.382123374938964844e+01
2.560119873046875000e+03,7.080229949951171875e+01,9.409123992919921875e+01,3.567924118041992188e+01,1.243926715850830078e+01
3.306068603515625000e+03,9.376787567138671875e+01,9.223493194580078125e+01,7.384812164306640625e+01,1.422328186035156250e+01
1.519898437500000000e+03,4.334242630004882812e+01,9.215123748779296875e+01,2.666057014465332031e+01,1.338992786407470703e+01
3.745497070312500000e+03,1.042788238525390625e+02,8.518939971923828125e+01,6.806779479980468750e+01,1.223269557952880859e+01
3.748888183593750000e+03,1.054149017333984375e+02,9.100875854492187500e+01,4.500538825988769531e+00,1.414008235931396484e+01
3.413110595703125000e+03,9.580252075195312500e+01,9.270846557617187500e+01,8.885070800781250000e+01,1.221044635772705078e+01
2.527592529296875000e+03,7.076445770263671875e+01,8.935604095458984375e+01,8.967741394042968750e+01,1.444505119323730469e+01
1.028699462890625000e+03,2.868904304504394531e+01,8.652432250976562500e+01,4.823262023925781250e+01,1.308268070220947266e+01
2.501056640625000000e+03,6.925038146972656250e+01,8.657344818115234375e+01,1.547239017486572266e+01,1.414087200164794922e+01
2.155607910156250000e+03,6.033888626098632812e+01,8.691547393798828125e+01,5.953962326049804688e+01,1.292479133605957031e+01
2.240513183593750000e+03,6.258247375488281250e+01,9.327559661865234375e+01,1.216797828674316406e+01,1.295811080932617188e+01
3.560153076171875000e+03,9.930928039550781250e+01,8.588928985595703125e+01,2.375650644302368164e+00,1.214072227478027344e+01
3.006017333984375000e+03,8.424257659912109375e+01,9.327924346923828125e+01,8.618251037597656250e+01,1.340814018249511719e+01
2.661527343750000000e+03,7.443843841552734375e+01,9.348792266845703125e+01,1.553971195220947266e+01,1.351641559600830078e+01
1.205767211914062500e+03,3.394030380249023438e+01,9.044047546386718750e+01,1.023795509338378906e+01,1.441084480285644531e+01
3.849864990234375000e+03,1.083108215332031250e+02,8.703900909423828125e+01,5.306166839599609375e+01,1.297860240936279297e+01
3.420364013671875000e+03,9.665302276611328125e+01,9.319853973388671875e+01,3.617101669311523438e+00,1.432289314270019531e+01
3.830852783203125000e+03,1.069753036499023438e+02,9.357279968261718750e+01,5.611764144897460938e+01,1.436031723022460938e+01
8.564439086914062500e+02,2.507148551940917969e+01,8.829120635986328125e+01,3.471097183227539062e+01,1.239598655700683594e+01
2.664902099609375000e+03,7.437831115722656250e+01,9.144615936279296875e+01,2.878302955627441406e+01,1.402961730957031250e+01
1.111945068359375000e+03,3.134473609924316406e+01,9.124884033203125000e+01,5.109591674804687500e+01,1.432248020172119141e+01
2.362406005859375000e+03,6.610233306884765625e+01,9.401916503906250000e+01,5.468168640136718750e+01,1.271263217926025391e+01
9.103071899414062500e+02,2.507765579223632812e+01,9.499390411376953125e+01,7.482995986938476562e-01,1.240261459350585938e+01
2.500979492187500000e+03,6.958732604980468750e+01,9.064616394042968750e+01,4.897788619995117188e+01,1.440529346466064453e+01
1.627487548828125000e+03,4.550960922241210938e+01,9.119677734375000000e+01,9.347571563720703125e+01,1.396965026855468750e+01
2.183873535156250000e+03,6.180093765258789062e+01,9.044840240478515625e+01,5.931635665893554688e+01,1.304980850219726562e+01
2.745952148437500000e+03,7.691627502441406250e+01,9.159091949462890625e+01,4.640660476684570312e+01,1.273136615753173828e+01
8.822520751953125000e+02,2.459534454345703125e+01,8.811383056640625000e+01,6.606587982177734375e+01,1.447308826446533203e+01
1.321188842773437500e+03,3.720576858520507812e+01,8.839477539062500000e+01,9.548983764648437500e+01,1.260899162292480469e+01
3.619729003906250000e+03,1.010396575927734375e+02,9.473332214355468750e+01,7.038177490234375000e+01,1.271074676513671875e+01
3.599434082031250000e+03,1.005184783935546875e+02,9.350262451171875000e+01,9.645812225341796875e+01,1.316374969482421875e+01
3.928558837890625000e+03,1.095092697143554688e+02,9.295904541015625000e+01,1.156871438026428223e+00,1.321628284454345703e+01
3.303308593750000000e+03,9.201013183593750000e+01,9.402303314208984375e+01,2.044298410415649414e+00,1.397961807250976562e+01
1.131095703125000000e+03,3.199394035339355469e+01,8.767710113525390625e+01,4.721899795532226562e+01,1.249996948242187500e+01
2.486443115234375000e+03,6.971706390380859375e+01,9.334493255615234375e+01,9.402444458007812500e+01,1.319729232788085938e+01
3.222527832031250000e+03,9.054117584228515625e+01,9.074272918701171875e+01,4.854089355468750000e+01,1.387531757354736328e+01
2.450395996093750000e+03,6.858444976806640625e+01,8.598925781250000000e+01,6.058974075317382812e+01,1.324401855468750000e+01
1.308030761718750000e+03,3.582544708251953125e+01,8.928688812255859375e+01,4.606180191040039062e+01,1.437757682800292969e+01
1.434767944335937500e+03,4.029573822021484375e+01,9.123949432373046875e+01,3.251635360717773438e+01,1.443249702453613281e+01
3.032956054687500000e+03,8.479467010498046875e+01,8.654795837402343750e+01,5.925191879272460938e+01,1.210898494720458984e+01
9.307839965820312500e+02,2.582649040222167969e+01,9.377913665771484375e+01,9.119876098632812500e+01,1.227408790588378906e+01
3.644084472656250000e+03,1.018969650268554688e+02,9.252723693847656250e+01,9.135639190673828125e+01,1.278338336944580078e+01
3.645432617187500000e+03,1.016736373901367188e+02,8.719473266601562500e+01,1.001054286956787109e+01,1.396334362030029297e+01
2.898540283203125000e+03,8.132258605957031250e+01,9.466319274902343750e+01,8.906950378417968750e+01,1.355043697357177734e+01
2.426411132812500000e+03,6.821752929687500000e+01,8.923132324218750000e+01,1.355902576446533203e+01,1.282436370849609375e+01
3.108863037109375000e+03,8.686325836181640625e+01,9.438181304931640625e+01,5.983504867553710938e+01,1.401033878326416016e+01
3.727804931640625000e+03,1.049860382080078125e+02,8.749792480468750000e+01,7.428622436523437500e+01,1.437282562255859375e+01
1.457925537109375000e+03,4.142998504638671875e+01,8.525823211669921875e+01,6.100367736816406250e+01,1.208539295196533203e+01
3.065837158203125000e+03,8.510356903076171875e+01,9.014268493652343750e+01,9.957669830322265625e+01,1.270869827270507812e+01
2.945509277343750000e+03,8.194454956054687500e+01,9.273203277587890625e+01,6.088601684570312500e+01,1.326676273345947266e+01
1.983218139648437500e+03,5.556615829467773438e+01,8.633417510986328125e+01,3.649175643920898438e+01,1.417994403839111328e+01
3.540787109375000000e+03,9.902561950683593750e+01,8.590136718750000000e+01,7.170195007324218750e+01,1.262542724609375000e+01
2.768881591796875000e+03,7.768196105957031250e+01,8.756023406982421875e+01,4.713320922851562500e+01,1.380120086669921875e+01
2.945166503906250000e+03,8.251411437988281250e+01,9.429437255859375000e+01,3.638467788696289062e+01,1.225299835205078125e+01
3.157614746093750000e+03,8.705019378662109375e+01,1.341882476806640625e+02,9.527474212646484375e+01,1.391002273559570312e+01
2.484302001953125000e+03,6.967472076416015625e+01,8.503077697753906250e+01,6.902637481689453125e+01,1.376816177368164062e+01
2.636490478515625000e+03,7.362783050537109375e+01,9.143958282470703125e+01,7.067485809326171875e+01,1.426386737823486328e+01
1.183895629882812500e+03,3.243838882446289062e+01,8.522530364990234375e+01,6.285108566284179688e+01,1.242938709259033203e+01
2.670844238281250000e+03,7.478936004638671875e+01,9.397302246093750000e+01,8.803803253173828125e+01,1.334050083160400391e+01
3.750011230468750000e+03,1.058707275390625000e+02,1.286325073242187500e+02,9.386954498291015625e+01,1.252391433715820312e+01
3.399950927734375000e+03,9.561692810058593750e+01,9.258428192138671875e+01,7.055258941650390625e+01,1.314228057861328125e+01
1.584750854492187500e+03,4.489434051513671875e+01,9.391757965087890625e+01,6.068822860717773438e+01,1.445544433593750000e+01
2.682580078125000000e+03,7.455355072021484375e+01,8.536059570312500000e+01,4.184000396728515625e+01,1.318533134460449219e+01
3.709105957031250000e+03,1.044717025756835938e+02,9.368353271484375000e+01,3.285712051391601562e+01,1.216876125335693359e+01
3.821169189453125000e+03,1.067653045654296875e+02,8.785419464111328125e+01,5.864547348022460938e+01,1.260773086547851562e+01
1.056062133789062500e+03,2.977089881896972656e+01,9.244645690917968750e+01,9.318239593505859375e+01,1.317497444152832031e+01
1.263678833007812500e+03,3.620519256591796875e+01,8.609136962890625000e+01,6.066111755371093750e+01,1.248388290405273438e+01
3.354938232421875000e+03,9.230958557128906250e+01,8.923110198974609375e+01,9.363882446289062500e+01,1.422976112365722656e+01
1.122447021484375000e+03,3.203755187988281250e+01,9.130273437500000000e+01,3.414762115478515625e+01,1.370634078979492188e+01
3.735410400390625000e+03,1.033931274414062500e+02,9.357437133789062500e+01,2.358262252807617188e+01,1.376869964599609375e+01
3.199134033203125000e+03,8.939241027832031250e+01,9.246133422851562500e+01,2.086453247070312500e+01,1.324593639373779297e+01
3.702256835937500000e+03,1.035988082885742188e+02,9.296891784667968750e+01,8.383117675781250000e+01,1.383735752105712891e+01
1.512891967773437500e+03,4.178334045410156250e+01,9.154962158203125000e+01,1.140999555587768555e+00,1.442269706726074219e+01
2.556654541015625000e+03,7.172473907470703125e+01,8.972887420654296875e+01,6.551139068603515625e+01,1.252521800994873047e+01
1.366039306640625000e+03,3.762355804443359375e+01,8.949094390869140625e+01,3.886063385009765625e+01,1.251022624969482422e+01
1.249155151367187500e+03,3.537396240234375000e+01,8.906636810302734375e+01,1.705367279052734375e+01,1.203084087371826172e+01
1.468670776367187500e+03,4.206587600708007812e+01,9.073640441894531250e+01,4.979982757568359375e+01,1.345109558105468750e+01
1.323252929687500000e+03,3.673857879638671875e+01,8.511016845703125000e+01,9.501438903808593750e+01,1.230954742431640625e+01
3.399009765625000000e+03,9.560944366455078125e+01,8.982907867431640625e+01,8.372015380859375000e+01,1.276693534851074219e+01
1.896346069335937500e+03,5.229206085205078125e+01,8.706984710693359375e+01,5.816507816314697266e+00,1.397845458984375000e+01
8.724169311523437500e+02,2.438891410827636719e+01,9.286357116699218750e+01,4.491608428955078125e+01,1.336560153961181641e+01
1.647490234375000000e+03,4.652109146118164062e+01,9.034864044189453125e+01,7.186601161956787109e+00,1.297241687774658203e+01
2.702675781250000000e+03,7.537532806396484375e+01,9.277179718017578125e+01,8.688017272949218750e+01,1.273225688934326172e+01
1.185386230468750000e+03,3.273322677612304688e+01,9.192900085449218750e+01,8.347854614257812500e+01,1.239710330963134766e+01
3.106384521484375000e+03,8.701845550537109375e+01,8.809398651123046875e+01,8.991955566406250000e+01,1.257751750946044922e+01
2.805893066406250000e+03,7.852155303955078125e+01,9.499124145507812500e+01,5.067928314208984375e+01,1.360843276977539062e+01
2.576230468750000000e+03,7.250151062011718750e+01,8.969757843017578125e+01,2.916374206542968750e+00,1.397457885742187500e+01
1.251788452148437500e+03,3.500167465209960938e+01,9.239048004150390625e+01,4.063596343994140625e+01,1.237121486663818359e+01
2.120815429687500000e+03,6.011867141723632812e+01,8.522055816650390625e+01,4.339262008666992188e+01,1.370011901855468750e+01
1.201611816406250000e+03,3.316973876953125000e+01,9.343029022216796875e+01,7.786155700683593750e+01,1.272010326385498047e+01
1.306475097656250000e+03,3.676256942749023438e+01,9.411393737792968750e+01,7.630755615234375000e+01,1.394609355926513672e+01
2.371970947265625000e+03,6.687671661376953125e+01,8.978324127197265625e+01,5.146263122558593750e+01,1.421670532226562500e+01
3.792798583984375000e+03,1.071412048339843750e+02,9.135092926025390625e+01,7.923256683349609375e+01,1.266359806060791016e+01
2.801530029296875000e+03,7.896560668945312500e+01,9.476128387451171875e+01,3.996761322021484375e+01,1.371356964111328125e+01
9.069705810546875000e+02,2.566129302978515625e+01,8.761309814453125000e+01,8.350169181823730469e+00,1.335486602783203125e+01
3.372116210937500000e+03,9.370899963378906250e+01,8.712429809570312500e+01,4.578444671630859375e+01,1.407751464843750000e+01
3.577589599609375000e+03,1.006728591918945312e+02,8.532278442382812500e+01,1.084856986999511719e+01,1.211383533477783203e+01
2.381003417968750000e+03,6.703301239013671875e+01,8.977233123779296875e+01,3.596662902832031250e+01,1.256103992462158203e+01
1.392901367187500000e+03,3.897123718261718750e+01,9.344767761230468750e+01,7.452245330810546875e+01,1.329226493835449219e+01
2.914989990234375000e+03,8.222058105468750000e+01,8.924737548828125000e+01,4.747163391113281250e+01,1.372214126586914062e+01
2.025788452148437500e+03,5.713872528076171875e+01,8.578902435302734375e+01,3.127745246887207031e+01,1.418899917602539062e+01
1.006066467285156250e+03,2.756549072265625000e+01,8.648920440673828125e+01,2.791554450988769531e+00,1.380553054809570312e+01
1.416643188476562500e+03,4.021754837036132812e+01,9.177556610107421875e+01,9.708341217041015625e+01,1.377456855773925781e+01
3.765345458984375000e+03,1.054770889282226562e+02,9.192926788330078125e+01,9.873126220703125000e+01,1.237649536132812500e+01
3.780639160156250000e+03,1.054456634521484375e+02,9.088401031494140625e+01,8.938224911689758301e-01,1.420917320251464844e+01
2.016485961914062500e+03,5.587596130371093750e+01,8.541308593750000000e+01,1.157864284515380859e+01,1.224128627777099609e+01
2.636739501953125000e+03,7.420175170898437500e+01,9.311967468261718750e+01,3.105803871154785156e+01,1.395904350280761719e+01
1.231420898437500000e+03,3.409093093872070312e+01,8.995831298828125000e+01,5.330345153808593750e+01,1.266672325134277344e+01
1.905084472656250000e+03,5.264139556884765625e+01,9.060954284667968750e+01,8.533454895019531250e+01,1.228401088714599609e+01
1.133600708007812500e+03,3.161101150512695312e+01,8.623857116699218750e+01,4.104414749145507812e+01,1.339233398437500000e+01
2.003087402343750000e+03,5.600803375244140625e+01,8.975928497314453125e+01,1.415134906768798828e+01,1.227259254455566406e+01
2.483393798828125000e+03,6.992630004882812500e+01,8.544174957275390625e+01,4.012649536132812500e+01,1.280984210968017578e+01
2.483165283203125000e+03,6.924629974365234375e+01,9.080418395996093750e+01,2.180620193481445312e+01,1.200756740570068359e+01
3.383781250000000000e+03,9.577221679687500000e+01,8.796362304687500000e+01,4.079419326782226562e+01,1.234205341339111328e+01
2.755160156250000000e+03,7.713155364990234375e+01,8.911811065673828125e+01,4.087831115722656250e+01,1.254407119750976562e+01
1.634207641601562500e+03,4.631880569458007812e+01,9.459219360351562500e+01,7.548098754882812500e+01,1.069454765319824219e+01
2.455026123046875000e+03,6.881265258789062500e+01,8.938050842285156250e+01,7.783312988281250000e+01,1.362491607666015625e+01
2.169424316406250000e+03,6.008467483520507812e+01,9.179785919189453125e+01,8.384867095947265625e+01,1.379088497161865234e+01
1.501405517578125000e+03,4.176776885986328125e+01,9.251490783691406250e+01,1.189103507995605469e+01,1.221495628356933594e+01
3.075421875000000000e+03,8.612100982666015625e+01,9.404506683349609375e+01,1.844459533691406250e+01,1.443337154388427734e+01
1.638883544921875000e+03,4.610632324218750000e+01,8.505738067626953125e+01,1.946063876152038574e+00,1.444600677490234375e+01
1.824151367187500000e+03,5.097851943969726562e+01,8.620742034912109375e+01,6.118689346313476562e+01,1.346191501617431641e+01
3.621594482421875000e+03,1.007244567871093750e+02,1.338313293457031250e+02,1.543684577941894531e+01,1.207894897460937500e+01
3.533271484375000000e+03,9.916197204589843750e+01,9.357240295410156250e+01,7.600687408447265625e+01,1.375809860229492188e+01
3.230335449218750000e+03,9.032733154296875000e+01,8.968590545654296875e+01,9.599014282226562500e+01,1.439115524291992188e+01
3.409283935546875000e+03,9.536400604248046875e+01,9.087313079833984375e+01,3.968524169921875000e+01,1.282880115509033203e+01
1.278937500000000000e+03,3.655903244018554688e+01,9.291864013671875000e+01,7.680103302001953125e+01,1.322211360931396484e+01
3.835387451171875000e+03,1.070531768798828125e+02,9.215615844726562500e+01,1.717341393232345581e-01,1.398293018341064453e+01
2.591481445312500000e+03,7.326888275146484375e+01,9.294997406005859375e+01,7.218098449707031250e+01,1.319274139404296875e+01
3.622785888671875000e+03,1.008374557495117188e+02,8.781739807128906250e+01,4.562338638305664062e+01,1.332332134246826172e+01
3.411525878906250000e+03,9.502301788330078125e+01,8.666819763183593750e+01,8.290454864501953125e+00,1.206436157226562500e+01
1.417624145507812500e+03,3.924170684814453125e+01,8.628877258300781250e+01,6.888970184326171875e+01,1.435986804962158203e+01
1.557926757812500000e+03,4.398378372192382812e+01,9.109952545166015625e+01,5.839543151855468750e+01,1.302632331848144531e+01
2.050608642578125000e+03,5.700041580200195312e+01,8.718062591552734375e+01,7.361099243164062500e+01,1.220089817047119141e+01
2.120229003906250000e+03,5.892798233032226562e+01,9.151930999755859375e+01,8.674906158447265625e+01,1.313474178314208984e+01
3.862043457031250000e+03,1.082587280273437500e+02,8.683180236816406250e+01,4.450352859497070312e+01,1.247326564788818359e+01
2.504769287109375000e+03,7.008959197998046875e+01,9.312297058105468750e+01,7.095584106445312500e+01,1.317101287841796875e+01
3.339486083984375000e+03,9.342008209228515625e+01,8.543910217285156250e+01,9.729898834228515625e+01,1.383064746856689453e+01
2.619517333984375000e+03,7.359220123291015625e+01,8.972738647460937500e+01,8.601364898681640625e+01,1.361502456665039062e+01
3.176464355468750000e+03,8.882030487060546875e+01,9.364367675781250000e+01,2.595986747741699219e+01,1.312708663940429688e+01
2.300029785156250000e+03,6.462671661376953125e+01,9.420665740966796875e+01,3.413870620727539062e+01,1.212526702880859375e+01
1.599613403320312500e+03,4.499153518676757812e+01,8.879395294189453125e+01,5.577725219726562500e+01,1.292592334747314453e+01
1.461921264648437500e+03,4.107779693603515625e+01,9.091720581054687500e+01,6.833300018310546875e+01,1.395281219482421875e+01
3.157343017578125000e+03,8.860762786865234375e+01,8.952639770507812500e+01,5.310054397583007812e+01,1.262520313262939453e+01
3.148433593750000000e+03,8.759232330322265625e+01,8.638582611083984375e+01,7.044892120361328125e+01,1.344873523712158203e+01
1.900385375976562500e+03,5.209320449829101562e+01,9.294216918945312500e+01,7.605914306640625000e+01,1.233778667449951172e+01
3.444953125000000000e+03,9.660237884521484375e+01,8.510753631591796875e+01,1.229707717895507812e+01,1.239002132415771484e+01
3.052837402343750000e+03,8.565679168701171875e+01,9.407278442382812500e+01,3.222713470458984375e+01,1.212935543060302734e+01
1.985438720703125000e+03,5.604346847534179688e+01,8.531156158447265625e+01,6.212331771850585938e+01,1.356663799285888672e+01
1.947594848632812500e+03,5.422411727905273438e+01,9.446150970458984375e+01,7.174466705322265625e+01,1.399047946929931641e+01
2.713108642578125000e+03,7.590367126464843750e+01,9.150061035156250000e+01,7.877193450927734375e+01,1.238746452331542969e+01
3.741474121093750000e+03,1.043855667114257812e+02,8.655941772460937500e+01,4.309502029418945312e+01,1.355191230773925781e+01
1.389248657226562500e+03,3.972220611572265625e+01,8.937612152099609375e+01,5.648283767700195312e+01,1.234676933288574219e+01
1.938885620117187500e+03,5.394345092773437500e+01,9.454310607910156250e+01,2.703091812133789062e+01,1.327502536773681641e+01
3.837608886718750000e+03,1.069998397827148438e+02,9.063806152343750000e+01,2.573875808715820312e+01,1.355028152465820312e+01
3.851019042968750000e+03,-6.342879682779312134e-02,8.770059967041015625e+01,8.323989868164062500e+01,1.431289386749267578e+01
1.682007202148437500e+03,4.709482955932617188e+01,8.538219451904296875e+01,9.971014404296875000e+01,1.443809413909912109e+01
1.665504272460937500e+03,4.795148849487304688e+01,8.545661926269531250e+01,7.869411468505859375e+01,1.308249568939208984e+01
3.717107666015625000e+03,1.040947036743164062e+02,8.727804565429687500e+01,1.829038619995117188e+01,1.418439960479736328e+01
3.000274169921875000e+03,8.371559906005859375e+01,1.358679351806640625e+02,4.253092288970947266e+00,1.321965694427490234e+01
2.591292236328125000e+03,7.181756591796875000e+01,9.223838806152343750e+01,3.831286621093750000e+01,9.646680831909179688e+00
1.211658203125000000e+03,3.451041030883789062e+01,9.493489074707031250e+01,6.363698577880859375e+01,1.263305664062500000e+01
2.254889404296875000e+03,6.406007385253906250e+01,9.278450012207031250e+01,4.696001052856445312e+01,1.052873802185058594e+01
1.869216186523437500e+03,5.218371582031250000e+01,8.813893127441406250e+01,7.426925659179687500e+01,1.203670692443847656e+01
1.771017211914062500e+03,4.958246994018554688e+01,8.662749481201171875e+01,3.641947174072265625e+01,1.412167167663574219e+01
3.328461914062500000e+03,9.293933105468750000e+01,8.569432067871093750e+01,9.678675842285156250e+01,1.434727859497070312e+01
2.424161621093750000e+03,6.752223968505859375e+01,8.789820861816406250e+01,9.271385955810546875e+01,1.238242244720458984e+01
2.375948486328125000e+03,6.636035919189453125e+01,9.176660919189453125e+01,5.855613327026367188e+01,9.938609123229980469e+00
1.587952758789062500e+03,4.447753906250000000e+01,9.281090545654296875e+01,2.565483474731445312e+01,1.207982349395751953e+01
1.789599121093750000e+03,5.053420639038085938e+01,8.817655181884765625e+01,8.293622016906738281e+00,1.239632511138916016e+01
2.406745605468750000e+03,6.817248535156250000e+01,9.245881652832031250e+01,2.358593750000000000e+01,1.213631343841552734e+01
3.722512695312500000e+03,1.043003158569335938e+02,9.177708435058593750e+01,8.144738769531250000e+01,1.258814144134521484e+01
2.277724121093750000e+03,6.393432998657226562e+01,9.471403503417968750e+01,6.566255950927734375e+01,1.347140789031982422e+01
2.839688720703125000e+03,7.967715454101562500e+01,8.543523406982421875e+01,8.715122985839843750e+01,1.314127254486083984e+01
3.311333496093750000e+03,9.317037963867187500e+01,9.313119506835937500e+01,8.107022094726562500e+01,1.257132339477539062e+01
3.863101318359375000e+03,1.085902023315429688e+02,8.850520324707031250e+01,3.563031005859375000e+01,1.294733619689941406e+01
1.469506103515625000e+03,4.016095352172851562e+01,8.820147705078125000e+01,6.710681152343750000e+01,1.369460296630859375e+01
2.498314453125000000e+03,7.060693359375000000e+01,8.686483001708984375e+01,3.014006423950195312e+01,1.207767391204833984e+01
1.166752929687500000e+03,3.249519348144531250e+01,8.890875244140625000e+01,7.676618957519531250e+01,1.332094669342041016e+01
3.421630126953125000e+03,9.476313018798828125e+01,9.272895050048828125e+01,2.711378860473632812e+01,1.323564910888671875e+01
1.343185791015625000e+03,3.674554443359375000e+01,8.836771392822265625e+01,7.037780761718750000e+01,1.371289825439453125e+01
1.507566406250000000e+03,4.251620101928710938e+01,8.510106658935546875e+01,7.152050018310546875e+01,1.264154148101806641e+01
3.832398193359375000e+03,1.071816482543945312e+02,9.428961944580078125e+01,1.328865242004394531e+01,1.392065238952636719e+01
2.397696777343750000e+03,6.707447052001953125e+01,9.450001525878906250e+01,2.852210807800292969e+01,1.373192882537841797e+01
1.972390869140625000e+03,5.591313934326171875e+01,8.624150085449218750e+01,3.318126296997070312e+01,1.379108333587646484e+01
1.473643188476562500e+03,4.190038681030273438e+01,8.941210937500000000e+01,2.669395065307617188e+01,1.415278148651123047e+01
2.006919799804687500e+03,5.541921997070312500e+01,8.618159484863281250e+01,8.364546966552734375e+01,1.427084541320800781e+01
1.603397338867187500e+03,4.424880599975585938e+01,9.399692535400390625e+01,9.553334116935729980e-02,1.257233428955078125e+01
2.768606445312500000e+03,7.641600799560546875e+01,8.861684417724609375e+01,5.491405868530273438e+01,1.328972625732421875e+01
7.001847656250000000e+03,3.205334091186523438e+01,9.259896850585937500e+01,8.062435913085937500e+01,1.326066589355468750e+01
2.285917724609375000e+03,6.514562988281250000e+01,8.706838989257812500e+01,3.671721649169921875e+01,1.447583866119384766e+01
2.561523681640625000e+03,7.114894104003906250e+01,8.990151977539062500e+01,3.309049606323242188e+01,1.334315299987792969e+01
1.098298339843750000e+03,3.034690666198730469e+01,8.685657501220703125e+01,1.908851432800292969e+01,1.352075195312500000e+01
1.341760864257812500e+03,3.825667953491210938e+01,9.317272186279296875e+01,8.774529266357421875e+01,1.211484241485595703e+01
2.329814208984375000e+03,6.536390686035156250e+01,9.148484039306640625e+01,5.398982620239257812e+01,1.340796756744384766e+01
8.783021240234375000e+02,2.405078125000000000e+01,9.151702117919921875e+01,4.606393432617187500e+01,1.259492874145507812e+01
9.880576171875000000e+02,2.673056221008300781e+01,9.338263702392578125e+01,2.214896965026855469e+01,1.381406974792480469e+01
3.848817382812500000e+03,1.081449661254882812e+02,9.080574798583984375e+01,2.902639389038085938e+00,1.211803913116455078e+01
3.019217285156250000e+03,8.473383331298828125e+01,8.528292083740234375e+01,5.586742782592773438e+01,1.270633602142333984e+01
3.153425048828125000e+03,8.814085388183593750e+01,8.858396911621093750e+01,5.730900764465332031e-01,1.228871440887451172e+01
1.172513305664062500e+03,3.260739898681640625e+01,8.627034759521484375e+01,7.328274536132812500e+01,1.335772418975830078e+01
2.656220703125000000e+03,7.454321289062500000e+01,9.089191436767578125e+01,8.586301422119140625e+01,1.352766704559326172e+01
1.921919555664062500e+03,5.495849609375000000e+01,8.781253814697265625e+01,1.413503360748291016e+01,1.440385246276855469e+01
1.930620361328125000e+03,5.498357009887695312e+01,8.774056243896484375e+01,2.756194686889648438e+01,1.424687957763671875e+01
2.047422851562500000e+03,5.735509872436523438e+01,8.536140441894531250e+01,2.540845870971679688e+01,1.374547863006591797e+01
9.918009033203125000e+02,2.751280403137207031e+01,8.558027648925781250e+01,4.235301971435546875e+01,1.200142765045166016e+01
3.896921875000000000e+03,1.093142242431640625e+02,9.259451293945312500e+01,8.992428779602050781e+00,1.375531959533691406e+01
2.907976562500000000e+03,8.081682586669921875e+01,9.315265655517578125e+01,6.826310634613037109e+00,1.372721672058105469e+01
1.529854125976562500e+03,4.242499542236328125e+01,9.263410949707031250e+01,9.515422058105468750e+01,1.235044956207275391e+01
3.048524902343750000e+03,8.500055694580078125e+01,8.571641540527343750e+01,7.442837524414062500e+01,1.381666946411132812e+01
3.421439697265625000e+03,9.649116516113281250e+01,8.894481658935546875e+01,7.377975463867187500e+01,1.264363002777099609e+01
2.947005615234375000e+03,8.284561157226562500e+01,8.832866668701171875e+01,6.533642578125000000e+01,1.337366962432861328e+01
1.019090942382812500e+03,2.908634376525878906e+01,8.544972991943359375e+01,1.418779343366622925e-01,1.207745265960693359e+01
1.635511230468750000e+03,4.635092544555664062e+01,9.471808624267578125e+01,9.088359069824218750e+01,1.349903583526611328e+01
3.725083007812500000e+03,1.050337066650390625e+02,9.065499114990234375e+01,4.289009857177734375e+01,1.447006225585937500e+01
1.784204956054687500e+03,4.998547744750976562e+01,8.754151153564453125e+01,3.925812244415283203e+00,1.346285247802734375e+01
3.922355224609375000e+03,1.101272735595703125e+02,9.015755462646484375e+01,9.361769104003906250e+01,1.444298171997070312e+01
2.131203369140625000e+03,5.919305419921875000e+01,9.109885406494140625e+01,8.356078338623046875e+01,1.335351753234863281e+01
1.350905273437500000e+03,3.748258209228515625e+01,8.959177398681640625e+01,1.701243972778320312e+01,1.204929733276367188e+01
3.794797119140625000e+03,1.056083755493164062e+02,8.617504119873046875e+01,5.982433795928955078e+00,1.408676910400390625e+01
1.671172973632812500e+03,4.631783294677734375e+01,9.402602386474609375e+01,4.557762908935546875e+01,1.250590801239013672e+01
3.636984130859375000e+03,1.012788619995117188e+02,8.584811401367187500e+01,3.419269561767578125e+01,1.379409790039062500e+01
2.755499023437500000e+03,7.690396881103515625e+01,9.179627227783203125e+01,5.749773406982421875e+01,1.327677822113037109e+01
2.759279785156250000e+03,7.818312072753906250e+01,8.825355529785156250e+01,9.308383941650390625e+01,1.382332134246826172e+01
3.229446044921875000e+03,9.009043884277343750e+01,9.324479675292968750e+01,9.869695281982421875e+01,1.363367843627929688e+01
3.991484375000000000e+03,1.116943817138671875e+02,8.913166809082031250e+01,3.363898849487304688e+01,1.401052570343017578e+01
2.562085449218750000e+03,7.163122558593750000e+01,9.338175964355468750e+01,9.419635009765625000e+01,1.215856170654296875e+01
1.939771240234375000e+03,5.429651641845703125e+01,9.003482055664062500e+01,5.092111206054687500e+01,1.252461242675781250e+01
1.474425781250000000e+03,4.126409530639648438e+01,8.624140167236328125e+01,9.065467834472656250e+01,1.257552146911621094e+01
2.261236572265625000e+03,6.342350006103515625e+01,9.155605316162109375e+01,1.051908874511718750e+01,1.304263210296630859e+01
3.260125488281250000e+03,9.124499511718750000e+01,9.291982269287109375e+01,5.109073638916015625e+01,1.439586257934570312e+01
3.025976562500000000e+03,8.415084075927734375e+01,8.936358642578125000e+01,4.446549606323242188e+01,1.253994750976562500e+01
1.088300903320312500e+03,2.986416625976562500e+01,9.470786285400390625e+01,5.250224685668945312e+01,1.368295669555664062e+01
3.478241210937500000e+03,9.727230072021484375e+01,9.176150512695312500e+01,2.634892845153808594e+01,1.319720077514648438e+01
1.175934936523437500e+03,3.301165008544921875e+01,8.675005340576171875e+01,1.023622512817382812e+01,1.251262664794921875e+01
2.127861328125000000e+03,5.854923248291015625e+01,9.154074096679687500e+01,6.454800128936767578e+00,1.229722309112548828e+01
1.928783569335937500e+03,5.334747695922851562e+01,9.079026794433593750e+01,4.915657806396484375e+01,1.321745491027832031e+01
1.723251586914062500e+03,4.879552459716796875e+01,9.071005249023437500e+01,5.167552566528320312e+01,1.300877380371093750e+01
2.451353515625000000e+03,6.960364532470703125e+01,8.644297027587890625e+01,6.737278938293457031e+00,1.404041576385498047e+01
1.563137939453125000e+03,4.408256149291992188e+01,9.171910095214843750e+01,4.699425506591796875e+01,1.402351760864257812e+01
2.348733642578125000e+03,6.530627441406250000e+01,9.135447692871093750e+01,2.363312530517578125e+01,1.433518505096435547e+01
2.751735839843750000e+03,7.708351135253906250e+01,8.610263061523437500e+01,1.460307538509368896e-01,1.397296619415283203e+01
1.422746826171875000e+03,4.065243530273437500e+01,8.849304962158203125e+01,4.875173568725585938e+01,1.239241313934326172e+01
1.172143554687500000e+03,3.286851501464843750e+01,8.935691833496093750e+01,8.049499511718750000e+01,1.313211536407470703e+01
3.534125244140625000e+03,9.844890594482421875e+01,9.137935638427734375e+01,2.203311729431152344e+01,1.238289833068847656e+01
1.359929077148437500e+03,3.796721649169921875e+01,8.860565185546875000e+01,7.827613830566406250e+01,1.251568222045898438e+01
2.419772949218750000e+03,6.747422027587890625e+01,9.412506866455078125e+01,6.753914642333984375e+01,1.355718803405761719e+01
1.178569946289062500e+03,3.360088348388671875e+01,8.621667480468750000e+01,1.003571777343750000e+02,1.270170688629150391e+01
1.742579467773437500e+03,4.889013290405273438e+01,9.114403533935546875e+01,8.254688262939453125e+01,1.312634944915771484e+01
2.022287231445312500e+03,5.608611679077148438e+01,8.918573760986328125e+01,8.890526580810546875e+01,1.348665714263916016e+01
3.031012939453125000e+03,8.550907897949218750e+01,9.073650360107421875e+01,2.173163032531738281e+01,1.449688434600830078e+01
1.159166381835937500e+03,3.313705062866210938e+01,8.863688659667968750e+01,8.706405639648437500e+01,1.418175601959228516e+01
3.322682128906250000e+03,9.379909515380859375e+01,9.231109619140625000e+01,4.014832973480224609e+00,1.279526615142822266e+01
2.438116455078125000e+03,6.844531250000000000e+01,8.688398742675781250e+01,1.093560791015625000e+01,1.249055099487304688e+01
8.647042846679687500e+02,2.332139396667480469e+01,8.616690826416015625e+01,1.195866012573242188e+01,1.350684928894042969e+01
1.998862182617187500e+03,5.629605865478515625e+01,9.316062164306640625e+01,5.187316894531250000e+00,1.368074989318847656e+01
3.810421142578125000e+03,1.060390319824218750e+02,8.577381134033203125e+01,4.793313598632812500e+01,1.396948623657226562e+01
3.384292724609375000e+03,9.530878448486328125e+01,9.025458526611328125e+01,7.961170959472656250e+01,1.368667316436767578e+01
3.311242919921875000e+03,9.287260437011718750e+01,8.609143829345703125e+01,8.294286346435546875e+01,1.399204254150390625e+01
3.279705322265625000e+03,9.076715087890625000e+01,9.036487579345703125e+01,9.654159545898437500e+01,1.440894985198974609e+01
2.938658447265625000e+03,8.227130889892578125e+01,9.118714904785156250e+01,4.009500980377197266e+00,1.315431785583496094e+01
2.228378906250000000e+03,6.195784759521484375e+01,8.834716796875000000e+01,3.151008224487304688e+01,1.422004318237304688e+01
2.753073242187500000e+03,7.657069396972656250e+01,8.635079956054687500e+01,6.935404968261718750e+01,1.368687629699707031e+01
3.145937011718750000e+03,8.825215911865234375e+01,8.732832336425781250e+01,2.950782012939453125e+01,1.223779296875000000e+01
3.617669433593750000e+03,1.020573196411132812e+02,9.461083221435546875e+01,8.542530822753906250e+01,9.979246139526367188e+00
3.656275390625000000e+03,1.023138885498046875e+02,8.979016876220703125e+01,1.707067108154296875e+01,1.388600826263427734e+01
2.060967041015625000e+03,5.827057266235351562e+01,9.304667663574218750e+01,8.428648376464843750e+01,1.284064388275146484e+01
2.985845214843750000e+03,8.394709777832031250e+01,8.799139404296875000e+01,3.215591049194335938e+01,1.413560199737548828e+01
2.477249023437500000e+03,6.992331695556640625e+01,8.899662780761718750e+01,7.892426013946533203e+00,1.294386005401611328e+01
1.266663330078125000e+03,3.487213516235351562e+01,9.048613739013671875e+01,2.151312255859375000e+01,1.240801715850830078e+01
8.732721557617187500e+02,2.432022666931152344e+01,9.041677856445312500e+01,5.790591812133789062e+01,1.314477825164794922e+01
3.242637939453125000e+03,9.058380126953125000e+01,9.004914855957031250e+01,2.229892730712890625e+01,1.294732379913330078e+01
2.370979248046875000e+03,6.611463165283203125e+01,8.807646179199218750e+01,7.384196472167968750e+01,1.373018264770507812e+01
1.884244262695312500e+03,5.272729492187500000e+01,9.065567016601562500e+01,8.529279327392578125e+01,1.367528438568115234e+01
8.249411010742187500e+02,2.346931648254394531e+01,8.856622314453125000e+01,9.659807586669921875e+01,1.243810462951660156e+01
3.183267089843750000e+03,8.938300323486328125e+01,9.249353027343750000e+01,2.878548812866210938e+01,1.229461002349853516e+01
1.013357421875000000e+03,2.859006690979003906e+01,9.480844116210937500e+01,4.758929061889648438e+01,1.351553344726562500e+01
3.514056152343750000e+03,9.750778198242187500e+01,8.959354400634765625e+01,6.705944061279296875e+01,1.204605960845947266e+01
1.134747802734375000e+03,3.176828765869140625e+01,8.781509399414062500e+01,7.666516876220703125e+01,1.382234954833984375e+01
9.655991821289062500e+02,2.772117042541503906e+01,9.386334991455078125e+01,6.652139282226562500e+01,1.371303653717041016e+01
3.187091064453125000e+03,9.001781463623046875e+01,9.261408996582031250e+01,2.081401062011718750e+01,1.419206714630126953e+01
1.465516113281250000e+03,4.074444580078125000e+01,8.783634948730468750e+01,1.417028522491455078e+01,1.220484066009521484e+01
3.920930908203125000e+03,1.098421859741210938e+02,8.984896087646484375e+01,4.291584014892578125e+01,1.232360649108886719e+01
2.083991455078125000e+03,5.841390228271484375e+01,9.496812438964843750e+01,1.117840290069580078e+01,1.238543891906738281e+01
3.094267578125000000e+03,8.751837158203125000e+01,9.450588226318359375e+01,5.686598205566406250e+01,1.273655319213867188e+01
8.026387939453125000e+02,2.161120796203613281e+01,8.853858947753906250e+01,1.237873268127441406e+01,1.246534729003906250e+01
1.671357055664062500e+03,4.749480056762695312e+01,8.947038269042968750e+01,6.369271850585937500e+01,1.332748794555664062e+01
1.195846313476562500e+03,3.360572814941406250e+01,9.277225494384765625e+01,9.705166625976562500e+01,1.437101745605468750e+01
1.456384765625000000e+03,4.059109115600585938e+01,8.596987152099609375e+01,7.159462738037109375e+01,1.398325538635253906e+01
3.574115478515625000e+03,1.006567459106445312e+02,9.281699371337890625e+01,7.228930664062500000e+01,1.448426342010498047e+01
9.158389892578125000e+02,2.520918464660644531e+01,9.435808563232421875e+01,9.074878692626953125e+01,1.251428031921386719e+01
1.075945312500000000e+03,3.047315025329589844e+01,8.507949829101562500e+01,7.301634979248046875e+01,1.447047996520996094e+01
1.088176147460937500e+03,3.073334503173828125e+01,9.365686798095703125e+01,1.414312839508056641e+01,1.291526412963867188e+01
9.123373413085937500e+02,2.571516609191894531e+01,8.911598205566406250e+01,7.179131317138671875e+01,1.290871238708496094e+01
9.933674926757812500e+02,2.777350616455078125e+01,8.554004669189453125e+01,9.989689636230468750e+01,1.428597354888916016e+01
2.623139160156250000e+03,7.361309051513671875e+01,8.554960632324218750e+01,8.609196472167968750e+01,1.203921890258789062e+01
2.535566162109375000e+03,7.079165649414062500e+01,8.753255462646484375e+01,1.603120231628417969e+01,1.412983322143554688e+01
2.144975097656250000e+03,5.996450805664062500e+01,9.391950225830078125e+01,5.364636230468750000e+01,1.425936698913574219e+01
3.372424804687500000e+03,9.390958404541015625e+01,9.305990600585937500e+01,8.680044174194335938e+00,1.211099338531494141e+01
1.046106689453125000e+03,2.960176086425781250e+01,8.625920867919921875e+01,8.186614990234375000e+01,1.434893703460693359e+01
2.500711181640625000e+03,6.953729248046875000e+01,8.837836456298828125e+01,2.721183013916015625e+01,1.237756443023681641e+01
2.841397460937500000e+03,8.070892333984375000e+01,9.131065368652343750e+01,3.476736450195312500e+01,1.365632438659667969e+01
3.388188720703125000e+03,9.466268920898437500e+01,9.415070343017578125e+01,1.934009361267089844e+01,1.419087600708007812e+01
3.361867675781250000e+03,9.524716186523437500e+01,9.364136505126953125e+01,9.488430786132812500e+01,1.286975193023681641e+01
1.638918579101562500e+03,4.502670669555664062e+01,8.598010253906250000e+01,9.456410980224609375e+01,1.401392364501953125e+01
3.544233886718750000e+03,9.950327301025390625e+01,8.871047973632812500e+01,2.757429695129394531e+01,1.364835166931152344e+01
1.478935302734375000e+03,4.211628723144531250e+01,9.136528015136718750e+01,6.311448669433593750e+01,1.251675987243652344e+01
1.638952758789062500e+03,4.572285842895507812e+01,9.223571777343750000e+01,5.789333724975585938e+01,1.216119670867919922e+01
9.767450561523437500e+02,2.720690727233886719e+01,8.590716552734375000e+01,1.836425209045410156e+01,1.442600250244140625e+01
1.306400634765625000e+03,3.651049423217773438e+01,9.432479858398437500e+01,9.135426330566406250e+01,1.399353027343750000e+01
3.050898925781250000e+03,8.505633544921875000e+01,8.659907531738281250e+01,3.923085021972656250e+01,1.225343799591064453e+01
2.299324462890625000e+03,6.352880477905273438e+01,8.531014251708984375e+01,2.723885154724121094e+01,1.212683868408203125e+01
9.745392456054687500e+02,2.730919265747070312e+01,8.557763671875000000e+01,1.279420471191406250e+01,1.264413166046142578e+01
1.543906005859375000e+03,4.305393218994140625e+01,8.671408843994140625e+01,2.632601547241210938e+01,1.430750179290771484e+01
1.981486450195312500e+03,5.513945770263671875e+01,9.492156219482421875e+01,7.208666992187500000e+01,1.263944435119628906e+01
1.722640380859375000e+03,4.839279556274414062e+01,9.407745361328125000e+01,4.465698719024658203e+00,1.218341350555419922e+01
1.255035766601562500e+03,3.441151046752929688e+01,8.659913635253906250e+01,1.902392387390136719e+01,1.373696613311767578e+01
1.488824829101562500e+03,4.181247329711914062e+01,8.566222381591796875e+01,9.818402862548828125e+01,1.425512313842773438e+01
3.010070556640625000e+03,8.475066375732421875e+01,8.688559722900390625e+01,7.663866043090820312e+00,1.351033592224121094e+01
3.768945312500000000e+03,1.056293640136718750e+02,9.198120880126953125e+01,8.379801940917968750e+01,1.210037803649902344e+01
1.453798461914062500e+03,4.095372009277343750e+01,8.663195800781250000e+01,2.105695724487304688e+01,1.411592388153076172e+01
1.900809204101562500e+03,5.375185012817382812e+01,9.493248748779296875e+01,9.959190368652343750e+01,1.407353782653808594e+01
1.289993896484375000e+03,3.547948837280273438e+01,8.968642425537109375e+01,6.837126922607421875e+01,1.390156841278076172e+01
2.725242675781250000e+03,7.638246917724609375e+01,9.146011352539062500e+01,7.344338226318359375e+01,1.368256568908691406e+01
1.678114013671875000e+03,4.716197204589843750e+01,8.816854858398437500e+01,6.291979217529296875e+01,1.349436473846435547e+01
2.756426269531250000e+03,7.785509490966796875e+01,9.214831542968750000e+01,1.531416606903076172e+01,1.330028915405273438e+01
1.355106323242187500e+03,3.766839218139648438e+01,9.407180023193359375e+01,1.757822036743164062e+01,1.279274559020996094e+01
1.616647094726562500e+03,4.496616363525390625e+01,9.396855926513671875e+01,7.358722686767578125e+01,1.253669357299804688e+01
3.605250976562500000e+03,1.017520217895507812e+02,8.928813171386718750e+01,8.337911224365234375e+01,1.344872283935546875e+01
2.288538085937500000e+03,6.341510009765625000e+01,8.779010009765625000e+01,9.591705322265625000e+01,1.421920299530029297e+01
2.430319091796875000e+03,6.826612854003906250e+01,8.963014984130859375e+01,3.730303955078125000e+01,1.366532802581787109e+01
3.302598632812500000e+03,9.266404724121093750e+01,9.078940582275390625e+01,9.269703674316406250e+01,1.356267833709716797e+01
2.900367675781250000e+03,8.056303405761718750e+01,9.159071350097656250e+01,1.146474266052246094e+01,1.435607528686523438e+01
2.599694091796875000e+03,7.203190612792968750e+01,8.959203338623046875e+01,8.023142242431640625e+01,1.397886657714843750e+01
1.814297485351562500e+03,5.075289535522460938e+01,9.342259979248046875e+01,8.608942985534667969e+00,1.273669052124023438e+01
3.043145507812500000e+03,8.500579833984375000e+01,9.193650817871093750e+01,2.125282287597656250e+01,1.263630199432373047e+01
2.105342041015625000e+03,5.893099212646484375e+01,9.277830505371093750e+01,8.615299987792968750e+01,1.204230499267578125e+01
1.673747802734375000e+03,4.686317825317382812e+01,8.648795318603515625e+01,9.364372253417968750e+01,1.370912265777587891e+01
3.475839111328125000e+03,9.827001953125000000e+01,8.694628143310546875e+01,3.894146382808685303e-01,1.311314201354980469e+01
2.370725830078125000e+03,6.631276702880859375e+01,8.818596649169921875e+01,8.404343414306640625e+01,1.437164688110351562e+01
2.863563476562500000e+03,8.053417205810546875e+01,9.448772430419921875e+01,9.796726226806640625e+01,1.229918384552001953e+01
3.151735351562500000e+03,8.835098266601562500e+01,8.927512359619140625e+01,3.178206253051757812e+01,1.412981319427490234e+01
1.173733886718750000e+03,3.331314468383789062e+01,8.673826599121093750e+01,3.686217498779296875e+01,1.313996219635009766e+01
2.733354980468750000e+03,7.625169372558593750e+01,8.810120391845703125e+01,7.165623474121093750e+01,1.393006324768066406e+01
3.142668457031250000e+03,8.773777008056640625e+01,9.319749450683593750e+01,8.129282379150390625e+01,1.297458267211914062e+01
1.656375732421875000e+03,4.647721481323242188e+01,8.501369476318359375e+01,1.132575798034667969e+01,1.241163825988769531e+01
3.108123779296875000e+03,8.709680175781250000e+01,9.422594451904296875e+01,2.858107948303222656e+01,1.409137821197509766e+01
3.517260498046875000e+03,9.877170562744140625e+01,8.834331512451171875e+01,2.504567909240722656e+01,1.386109161376953125e+01
3.276851806640625000e+03,9.178980255126953125e+01,8.927436065673828125e+01,3.077308845520019531e+01,1.066736984252929688e+01
3.418343261718750000e+03,9.504511260986328125e+01,8.902878570556640625e+01,4.477865600585937500e+01,1.439223575592041016e+01
2.881651611328125000e+03,8.046091461181640625e+01,8.880750274658203125e+01,2.081362342834472656e+01,1.362911605834960938e+01
2.006380249023437500e+03,5.568117904663085938e+01,8.770735931396484375e+01,5.674065780639648438e+01,1.315568828582763672e+01
2.461335205078125000e+03,6.876287078857421875e+01,8.677912139892578125e+01,6.131094360351562500e+01,1.203531169891357422e+01
1.816845703125000000e+03,5.109080505371093750e+01,9.372710418701171875e+01,9.361674499511718750e+01,1.260057544708251953e+01
1.025566406250000000e+03,2.892798423767089844e+01,8.501631164550781250e+01,6.757485198974609375e+01,1.262594127655029297e+01
1.956156494140625000e+03,5.427521514892578125e+01,9.071950531005859375e+01,2.138308143615722656e+01,1.425022792816162109e+01
1.032059448242187500e+03,2.825144195556640625e+01,9.175166320800781250e+01,7.930731201171875000e+01,1.286454105377197266e+01
2.351652099609375000e+03,6.557348632812500000e+01,9.264093780517578125e+01,9.247356414794921875e+01,1.327944564819335938e+01
1.811407836914062500e+03,5.043885421752929688e+01,8.737647247314453125e+01,6.629508972167968750e+01,1.285533523559570312e+01
2.790233398437500000e+03,7.826114654541015625e+01,8.662103271484375000e+01,8.864857482910156250e+01,1.342360973358154297e+01
1.243694335937500000e+03,3.513329315185546875e+01,9.174736785888671875e+01,9.103269195556640625e+01,1.250630569458007812e+01
2.759015869140625000e+03,7.621893310546875000e+01,8.803116607666015625e+01,1.711846160888671875e+01,1.369274711608886719e+01
3.318024169921875000e+03,9.202519226074218750e+01,9.309397125244140625e+01,7.583795166015625000e+01,1.332385349273681641e+01
1.720746826171875000e+03,4.765944290161132812e+01,8.675055694580078125e+01,1.052514553070068359e+01,1.238908672332763672e+01
3.732145751953125000e+03,1.035782394409179688e+02,8.562364196777343750e+01,2.693014144897460938e+01,1.425385570526123047e+01
3.297744140625000000e+03,9.303250885009765625e+01,9.167985534667968750e+01,6.458696746826171875e+01,1.414904022216796875e+01
2.910896972656250000e+03,8.128068542480468750e+01,8.615795135498046875e+01,2.835518264770507812e+01,1.226589107513427734e+01
3.141860351562500000e+03,8.864627838134765625e+01,8.701445007324218750e+01,5.605363845825195312e+00,1.292374897003173828e+01
1.457140258789062500e+03,4.021255493164062500e+01,8.858738708496093750e+01,1.005168228149414062e+02,1.360059356689453125e+01
1.656708618164062500e+03,4.636588287353515625e+01,9.099548339843750000e+01,7.406117248535156250e+01,1.251314353942871094e+01
3.755618896484375000e+03,1.052292175292968750e+02,8.833306884765625000e+01,6.601602172851562500e+01,1.421653938293457031e+01
2.793123046875000000e+03,7.860012054443359375e+01,8.830920410156250000e+01,1.951431655883789062e+01,1.266255283355712891e+01
1.493602172851562500e+03,4.222787094116210938e+01,8.616112518310546875e+01,4.981602478027343750e+01,1.336498069763183594e+01
2.439497802734375000e+03,6.794172668457031250e+01,8.932519531250000000e+01,7.981970214843750000e+01,1.213351821899414062e+01
1.364132324218750000e+03,3.870522689819335938e+01,9.323107910156250000e+01,3.985066223144531250e+01,1.447597122192382812e+01
2.400489013671875000e+03,6.792205047607421875e+01,9.334770202636718750e+01,9.956330657005310059e-01,1.302313804626464844e+01
3.899412597656250000e+03,1.085112991333007812e+02,8.619913482666015625e+01,8.073758697509765625e+01,1.361872291564941406e+01
2.029781250000000000e+03,5.856090164184570312e+01,9.155307006835937500e+01,7.830128479003906250e+01,1.407030677795410156e+01
3.632319824218750000e+03,1.019387664794921875e+02,8.922197723388671875e+01,6.227985382080078125e+01,1.442949104309082031e+01
1.338846923828125000e+03,3.795619583129882812e+01,8.853187561035156250e+01,6.152300643920898438e+01,1.254537296295166016e+01
2.496208251953125000e+03,7.054854583740234375e+01,9.199275207519531250e+01,6.387345886230468750e+01,1.202034854888916016e+01
2.479729003906250000e+03,6.892391967773437500e+01,9.362879180908203125e+01,7.445946502685546875e+01,1.408205318450927734e+01
9.355075683593750000e+02,2.586127281188964844e+01,9.046987915039062500e+01,1.467432308197021484e+01,1.284071445465087891e+01
3.357483154296875000e+03,9.423080444335937500e+01,8.716355895996093750e+01,4.140261077880859375e+01,1.279408931732177734e+01
2.850526611328125000e+03,7.961180114746093750e+01,8.869342041015625000e+01,4.007066345214843750e+01,1.257670783996582031e+01
3.276779785156250000e+03,9.221697998046875000e+01,8.795886230468750000e+01,3.814208602905273438e+01,1.245403289794921875e+01
2.758879638671875000e+03,7.721571350097656250e+01,9.436047363281250000e+01,1.167036914825439453e+01,1.431597900390625000e+01
2.794481689453125000e+03,7.763094329833984375e+01,8.770345306396484375e+01,7.681520843505859375e+01,1.218085861206054688e+01
2.273442138671875000e+03,6.385744857788085938e+01,8.720264434814453125e+01,3.783960342407226562e+01,1.436736869812011719e+01
3.313672119140625000e+03,9.181572723388671875e+01,9.251721191406250000e+01,8.855113983154296875e+01,1.351046371459960938e+01
2.017913452148437500e+03,5.718668365478515625e+01,8.515846252441406250e+01,9.938888549804687500e+01,1.202710723876953125e+01
3.922238769531250000e+03,1.099699630737304688e+02,9.452236938476562500e+01,3.915902328491210938e+01,1.409498119354248047e+01
3.598373291015625000e+03,1.007154617309570312e+02,9.123044586181640625e+01,4.818389129638671875e+01,1.372155666351318359e+01
3.770341796875000000e+03,1.054929351806640625e+02,9.494922637939453125e+01,3.328156948089599609e+00,1.408709907531738281e+01
3.500343750000000000e+03,9.806256866455078125e+01,9.149753570556640625e+01,4.832352447509765625e+01,1.229490375518798828e+01
1.482933471679687500e+03,4.118014144897460938e+01,9.062007141113281250e+01,8.271937561035156250e+01,1.215187644958496094e+01
3.347415283203125000e+03,9.325879669189453125e+01,9.082553100585937500e+01,9.933808898925781250e+01,1.244788074493408203e+01
1.879273559570312500e+03,5.323478698730468750e+01,8.600455474853515625e+01,5.221768569946289062e+01,1.349925422668457031e+01
1.849484252929687500e+03,5.224319458007812500e+01,8.767967224121093750e+01,1.375541210174560547e+01,1.374524211883544922e+01
3.281339599609375000e+03,9.213321685791015625e+01,8.679343414306640625e+01,1.820767021179199219e+01,1.213078498840332031e+01
3.893578125000000000e+03,1.098176574707031250e+02,8.629251098632812500e+01,3.677138137817382812e+01,1.350080394744873047e+01
3.204862548828125000e+03,8.968711853027343750e+01,9.223431396484375000e+01,8.693618011474609375e+01,1.357236957550048828e+01
1.426844970703125000e+03,3.979044723510742188e+01,9.459414672851562500e+01,8.713528442382812500e+01,1.387169742584228516e+01
1.654293823242187500e+03,4.613951110839843750e+01,9.001887512207031250e+01,5.643510437011718750e+01,9.514382362365722656e+00
3.816206298828125000e+03,1.065140380859375000e+02,8.760005187988281250e+01,8.053694915771484375e+01,1.305652523040771484e+01
1.605438964843750000e+03,4.477198410034179688e+01,9.350769805908203125e+01,3.982439041137695312e+01,1.405608463287353516e+01
3.448667236328125000e+03,9.653923797607421875e+01,8.600489044189453125e+01,6.027681732177734375e+01,1.444014263153076172e+01
3.004095214843750000e+03,8.348591613769531250e+01,9.401319122314453125e+01,8.385071563720703125e+01,1.426323413848876953e+01
3.031860107421875000e+03,8.548770141601562500e+01,1.223481140136718750e+02,1.267914962768554688e+01,1.354985523223876953e+01
2.846517333984375000e+03,7.975264739990234375e+01,9.160050964355468750e+01,1.701620101928710938e+01,1.381118488311767578e+01
3.666031738281250000e+03,1.033302078247070312e+02,8.737658691406250000e+01,8.527811431884765625e+01,1.287007808685302734e+01
2.327652587890625000e+03,6.524670410156250000e+01,8.774021148681640625e+01,2.698403167724609375e+01,1.297328376770019531e+01
3.944587646484375000e+03,1.105737609863281250e+02,9.308619689941406250e+01,5.672785949707031250e+01,1.420183563232421875e+01
2.130170166015625000e+03,6.007767486572265625e+01,8.973984527587890625e+01,5.808713531494140625e+01,1.201581192016601562e+01
8.885253906250000000e+02,2.516588783264160156e+01,8.634169006347656250e+01,5.704829788208007812e+01,1.402046203613281250e+01
3.216742675781250000e+03,9.038387298583984375e+01,8.821244812011718750e+01,2.738191795349121094e+01,1.266947937011718750e+01
8.427941894531250000e+02,2.390223121643066406e+01,9.481206512451171875e+01,3.036816120147705078e+00,1.381241798400878906e+01
2.402780029296875000e+03,6.751770782470703125e+01,9.327392578125000000e+01,3.365436935424804688e+01,1.366773700714111328e+01
1.002777526855468750e+03,2.768021774291992188e+01,9.366934204101562500e+01,2.141876220703125000e+01,1.374842166900634766e+01
3.632626220703125000e+03,1.018613281250000000e+02,9.447596740722656250e+01,4.680285263061523438e+01,1.363080406188964844e+01
2.141434326171875000e+03,5.962974929809570312e+01,8.622793579101562500e+01,3.018496131896972656e+01,1.311068439483642578e+01
3.983075439453125000e+03,1.108014068603515625e+02,9.364337921142578125e+01,3.852897262573242188e+01,1.204197406768798828e+01
3.294867431640625000e+03,9.305706024169921875e+01,9.406765747070312500e+01,8.959188079833984375e+01,1.214539623260498047e+01
1.746447509765625000e+03,4.886581802368164062e+01,8.536634826660156250e+01,6.338804626464843750e+01,1.426545333862304688e+01
1.702922119140625000e+03,4.725041580200195312e+01,8.683121490478515625e+01,3.544466400146484375e+01,1.293727111816406250e+01
3.119156005859375000e+03,8.746471405029296875e+01,8.941215515136718750e+01,2.111937141418457031e+01,1.247240066528320312e+01
8.333128051757812500e+02,2.404560279846191406e+01,8.937318420410156250e+01,6.522813415527343750e+01,1.231245040893554688e+01
1.739359375000000000e+03,4.732790756225585938e+01,9.326661682128906250e+01,8.755340576171875000e+01,1.255511093139648438e+01
3.473142089843750000e+03,9.757569885253906250e+01,8.561585235595703125e+01,3.090806484222412109e+00,1.239700126647949219e+01
1.688208618164062500e+03,4.741669082641601562e+01,9.058000183105468750e+01,4.904904937744140625e+01,1.274853324890136719e+01
7.212610839843750000e+03,6.345966339111328125e+01,8.903267669677734375e+01,1.111580753326416016e+01,1.226941585540771484e+01
2.363197753906250000e+03,6.552842712402343750e+01,9.126972198486328125e+01,1.504053711891174316e+00,1.333314800262451172e+01
1.882514526367187500e+03,5.291850280761718750e+01,9.248966217041015625e+01,6.402896118164062500e+01,1.373505115509033203e+01
2.543450683593750000e+03,7.062245178222656250e+01,9.318055725097656250e+01,3.581875610351562500e+01,1.316229820251464844e+01
2.685720703125000000e+03,7.535932159423828125e+01,9.188061523437500000e+01,4.717857360839843750e+01,1.378465175628662109e+01
1.287612915039062500e+03,3.626161193847656250e+01,9.401509857177734375e+01,1.179649925231933594e+01,1.206086349487304688e+01
1.744061523437500000e+03,4.855090332031250000e+01,8.789833831787109375e+01,5.542855834960937500e+01,1.355465507507324219e+01
3.351869140625000000e+03,9.379324340820312500e+01,9.291513061523437500e+01,3.933702850341796875e+01,1.201283740997314453e+01
1.181496093750000000e+03,3.311658096313476562e+01,8.778075408935546875e+01,3.047046089172363281e+01,1.306975841522216797e+01
2.456016845703125000e+03,6.839691162109375000e+01,9.007708740234375000e+01,9.406109619140625000e+01,1.307007026672363281e+01
1.298089477539062500e+03,3.694336700439453125e+01,8.771688079833984375e+01,2.266166114807128906e+01,1.369589042663574219e+01
9.661533813476562500e+02,2.717393112182617188e+01,9.222911834716796875e+01,5.295029449462890625e+01,1.301491546630859375e+01
1.764858886718750000e+03,4.998407745361328125e+01,8.639430999755859375e+01,7.497756195068359375e+01,1.420389652252197266e+01
2.285685546875000000e+03,6.395320510864257812e+01,9.416625213623046875e+01,6.892005157470703125e+01,1.280497646331787109e+01
2.768621337890625000e+03,7.727512359619140625e+01,8.929074096679687500e+01,2.377087593078613281e+01,1.439071559906005859e+01
2.812997070312500000e+03,7.962917327880859375e+01,9.107410430908203125e+01,4.018763351440429688e+01,1.305587482452392578e+01
3.600413085937500000e+03,1.011611938476562500e+02,9.404180145263671875e+01,6.615907287597656250e+01,1.275818443298339844e+01
1.990650878906250000e+03,5.521005249023437500e+01,8.720130920410156250e+01,4.667529296875000000e+01,1.447610569000244141e+01
8.576219482421875000e+02,2.387960052490234375e+01,8.934004974365234375e+01,9.467868804931640625e+01,1.333571434020996094e+01
3.746628173828125000e+03,1.052722473144531250e+02,8.727283477783203125e+01,1.757395029067993164e+00,1.354778289794921875e+01
9.737929077148437500e+02,2.691558837890625000e+01,8.953285980224609375e+01,8.383648681640625000e+01,1.218657398223876953e+01
2.108311035156250000e+03,5.896197509765625000e+01,8.780105590820312500e+01,1.278145313262939453e+01,1.253123855590820312e+01
3.981019775390625000e+03,1.108524703979492188e+02,8.796195983886718750e+01,3.889942550659179688e+01,1.280640983581542969e+01
8.144003906250000000e+02,2.293766784667968750e+01,9.177287292480468750e+01,2.960728883743286133e+00,1.300338935852050781e+01
3.166687744140625000e+03,8.774865722656250000e+01,9.238008117675781250e+01,7.401970863342285156e+00,1.215817928314208984e+01
2.813019775390625000e+03,7.838450622558593750e+01,8.803116607666015625e+01,4.669127273559570312e+01,1.257027339935302734e+01
3.948425537109375000e+03,1.111179656982421875e+02,9.061943817138671875e+01,6.800392627716064453e+00,1.341729354858398438e+01
2.865781982421875000e+03,7.998865509033203125e+01,9.330388641357421875e+01,4.349806594848632812e+01,1.324377441406250000e+01
3.091618896484375000e+03,8.656477355957031250e+01,9.113605499267578125e+01,2.782171440124511719e+01,1.224877452850341797e+01
1.515807373046875000e+03,4.191313552856445312e+01,8.768983459472656250e+01,6.396683120727539062e+01,1.372628307342529297e+01
6.613968261718750000e+03,9.306938934326171875e+01,9.344268035888671875e+01,4.076158905029296875e+01,1.418970394134521484e+01
2.637237792968750000e+03,7.374364471435546875e+01,9.123913574218750000e+01,9.736338043212890625e+01,1.417838287353515625e+01
1.116558471679687500e+03,3.123443031311035156e+01,9.381036376953125000e+01,2.781133651733398438e+01,1.250522041320800781e+01
3.150496337890625000e+03,8.825738525390625000e+01,9.461539459228515625e+01,2.846387863159179688e+01,1.426075839996337891e+01
2.740701904296875000e+03,7.704774475097656250e+01,9.399440765380859375e+01,5.528816986083984375e+01,1.261585044860839844e+01
8.967190551757812500e+02,2.476625061035156250e+01,9.437731170654296875e+01,8.162897491455078125e+01,1.330768966674804688e+01
1.641026611328125000e+03,4.512641525268554688e+01,8.519349670410156250e+01,1.185339927673339844e+01,1.246419048309326172e+01
3.535824462890625000e+03,9.909325408935546875e+01,8.855359649658203125e+01,5.954996871948242188e+01,1.255885982513427734e+01
1.469223144531250000e+03,4.087575912475585938e+01,9.349001312255859375e+01,7.021279907226562500e+01,1.391539287567138672e+01
3.999712402343750000e+03,1.117964477539062500e+02,9.140959930419921875e+01,9.803234863281250000e+01,1.449020957946777344e+01
2.935500976562500000e+03,8.098107147216796875e+01,9.470336151123046875e+01,8.947052764892578125e+01,1.279040336608886719e+01
1.014329650878906250e+03,2.871686744689941406e+01,8.580277252197265625e+01,2.627295875549316406e+01,1.446507453918457031e+01
2.423096191406250000e+03,6.836095428466796875e+01,8.702246093750000000e+01,8.007740020751953125e+01,1.246943664550781250e+01
1.442133178710937500e+03,4.037586593627929688e+01,8.973767852783203125e+01,3.895879030227661133e+00,1.268234920501708984e+01
2.746228027343750000e+03,7.664836883544921875e+01,8.585326385498046875e+01,3.013245010375976562e+01,1.290693855285644531e+01
3.072612548828125000e+03,8.615232849121093750e+01,8.645597839355468750e+01,6.776737213134765625e+01,1.384255504608154297e+01
1.449343261718750000e+03,4.017857742309570312e+01,9.299465942382812500e+01,1.332611465454101562e+01,1.386681175231933594e+01
7.469153808593750000e+03,9.569571685791015625e+01,8.808193969726562500e+01,9.240294647216796875e+01,1.400217342376708984e+01
2.755930175781250000e+03,7.719122314453125000e+01,8.651947784423828125e+01,6.962286376953125000e+01,1.417367458343505859e+01
2.310710693359375000e+03,6.569631958007812500e+01,9.333327484130859375e+01,6.728892517089843750e+01,1.331817817687988281e+01
3.202914306640625000e+03,9.022856903076171875e+01,8.535375213623046875e+01,9.058633422851562500e+01,1.419079589843750000e+01
2.403749267578125000e+03,6.583303833007812500e+01,9.066642761230468750e+01,4.114957809448242188e+01,1.432448101043701172e+01
3.823989746093750000e+03,1.066642303466796875e+02,8.619061279296875000e+01,7.896514892578125000e+01,1.337352371215820312e+01
2.990176025390625000e+03,8.344672393798828125e+01,8.578535461425781250e+01,3.450134277343750000e+01,1.377873706817626953e+01
1.390671020507812500e+03,3.905319213867187500e+01,8.710069274902343750e+01,5.530874252319335938e+01,1.408702945709228516e+01
3.029519775390625000e+03,8.571770477294921875e+01,8.622289276123046875e+01,9.261821746826171875e+01,1.206504344940185547e+01
1.085425292968750000e+03,2.987378883361816406e+01,9.419640350341796875e+01,7.866957092285156250e+01,1.409054565429687500e+01
3.739969238281250000e+03,1.053814697265625000e+02,9.321009063720703125e+01,7.212902832031250000e+01,1.331278038024902344e+01
2.070930175781250000e+03,5.691844558715820312e+01,9.036639404296875000e+01,3.856414031982421875e+01,1.397549343109130859e+01
3.793734130859375000e+03,1.065996170043945312e+02,8.715177917480468750e+01,5.857713317871093750e+01,1.248871612548828125e+01
2.840928222656250000e+03,8.019095611572265625e+01,8.716633605957031250e+01,6.918850708007812500e+01,1.371712398529052734e+01
1.839776000976562500e+03,5.121035385131835938e+01,9.158840179443359375e+01,5.266309356689453125e+01,1.267715740203857422e+01
1.842532958984375000e+03,5.149035263061523438e+01,8.791687774658203125e+01,9.796624755859375000e+01,1.255305385589599609e+01
1.674698608398437500e+03,4.637630081176757812e+01,8.876768493652343750e+01,8.102098846435546875e+01,1.379921340942382812e+01
2.602612060546875000e+03,7.320410919189453125e+01,9.126158905029296875e+01,9.122053527832031250e+01,1.237748241424560547e+01
1.471742553710937500e+03,4.232854461669921875e+01,8.666101074218750000e+01,6.259125518798828125e+01,1.225673580169677734e+01
2.275798828125000000e+03,6.414741516113281250e+01,8.821192169189453125e+01,5.527685546875000000e+01,1.334920024871826172e+01
3.821168457031250000e+03,1.072156753540039062e+02,9.260071563720703125e+01,7.371517181396484375e+01,1.449227333068847656e+01
1.241182739257812500e+03,3.474927520751953125e+01,9.294448089599609375e+01,3.378411483764648438e+01,1.331751346588134766e+01
2.182263916015625000e+03,6.148554229736328125e+01,8.653069305419921875e+01,3.045543098449707031e+01,1.403671550750732422e+01
2.034000732421875000e+03,5.657356643676757812e+01,9.286654663085937500e+01,4.826907730102539062e+01,1.306355094909667969e+01
1.242257202148437500e+03,3.492227172851562500e+01,8.509259796142578125e+01,1.883219718933105469e+01,1.207820892333984375e+01
2.051923583984375000e+03,5.840643692016601562e+01,8.711898040771484375e+01,2.252850341796875000e+01,1.316560363769531250e+01
2.831399414062500000e+03,7.917041778564453125e+01,9.267213439941406250e+01,9.484354400634765625e+01,1.337877082824707031e+01
1.486524658203125000e+03,4.139911270141601562e+01,9.255539703369140625e+01,2.574223709106445312e+01,1.406697463989257812e+01
3.861460937500000000e+03,1.080420989990234375e+02,8.691442108154296875e+01,7.975747680664062500e+01,1.317643356323242188e+01
1.355670288085937500e+03,3.824345016479492188e+01,8.712438201904296875e+01,7.825080108642578125e+01,1.415313148498535156e+01
2.480472656250000000e+03,6.973831176757812500e+01,9.134964752197265625e+01,1.578759670257568359e+00,1.428368949890136719e+01
3.494462402343750000e+03,9.824388122558593750e+01,8.803248596191406250e+01,1.542436218261718750e+01,1.380035114288330078e+01
1.799085693359375000e+03,5.008283996582031250e+01,9.233124542236328125e+01,3.689885711669921875e+01,1.243701839447021484e+01
2.055056640625000000e+03,5.721970748901367188e+01,8.925543975830078125e+01,9.906247711181640625e+01,1.376694583892822266e+01
2.738988769531250000e+03,7.626730346679687500e+01,9.271532440185546875e+01,1.145943641662597656e+01,1.339053249359130859e+01
3.718838378906250000e+03,1.039005432128906250e+02,9.474759674072265625e+01,2.414780807495117188e+01,1.380767726898193359e+01
2.756854980468750000e+03,7.755819702148437500e+01,8.502793884277343750e+01,1.599646759033203125e+01,1.329497528076171875e+01
3.365765869140625000e+03,9.483674621582031250e+01,8.975207519531250000e+01,6.382870101928710938e+01,1.328734970092773438e+01
1.046360839843750000e+03,2.911810111999511719e+01,9.160154724121093750e+01,6.494377899169921875e+01,1.306728458404541016e+01
1.624375732421875000e+03,4.513663482666015625e+01,8.623925781250000000e+01,5.552556228637695312e+01,1.349111270904541016e+01
3.427153320312500000e+03,9.571145629882812500e+01,9.111692810058593750e+01,5.266416931152343750e+01,1.275827121734619141e+01
1.191988891601562500e+03,3.375722503662109375e+01,8.933827209472656250e+01,2.836649513244628906e+01,1.353933238983154297e+01
3.023834960937500000e+03,8.424691772460937500e+01,8.515942382812500000e+01,9.880226135253906250e+01,1.333344554901123047e+01
1.571328857421875000e+03,4.481936645507812500e+01,8.999580383300781250e+01,5.229238128662109375e+01,1.427379512786865234e+01
2.384989746093750000e+03,6.659828948974609375e+01,9.316580200195312500e+01,5.927953338623046875e+01,1.373108482360839844e+01
1.020548339843750000e+03,2.845817565917968750e+01,8.552979278564453125e+01,5.284186935424804688e+01,1.371480560302734375e+01
1.976037841796875000e+03,5.576097106933593750e+01,8.827495574951171875e+01,3.794640731811523438e+01,1.371435832977294922e+01
8.372558593750000000e+02,2.353652954101562500e+01,8.964848327636718750e+01,2.229417037963867188e+01,1.206730556488037109e+01
2.366175781250000000e+03,6.588275146484375000e+01,8.506090545654296875e+01,9.324720764160156250e+01,1.361497402191162109e+01
3.321566406250000000e+03,9.349293518066406250e+01,8.940615844726562500e+01,8.600537872314453125e+01,1.290690517425537109e+01
2.322656250000000000e+03,6.547605133056640625e+01,8.891909790039062500e+01,3.485056686401367188e+01,1.345747184753417969e+01
1.977887573242187500e+03,5.557120513916015625e+01,9.181137084960937500e+01,4.265669250488281250e+01,1.285809135437011719e+01
3.772609375000000000e+03,1.051485900878906250e+02,9.147888946533203125e+01,7.154930114746093750e+01,1.233551406860351562e+01
1.042876342773437500e+03,2.939344596862792969e+01,8.956877899169921875e+01,6.888140869140625000e+01,1.349240207672119141e+01
3.798447998046875000e+03,1.064224395751953125e+02,8.991513061523437500e+01,1.737768936157226562e+01,1.214423179626464844e+01
2.965287597656250000e+03,8.334448242187500000e+01,8.501067352294921875e+01,2.122771453857421875e+01,1.423627853393554688e+01
1.584040283203125000e+03,4.424516677856445312e+01,8.523905944824218750e+01,8.155910491943359375e+01,1.401064872741699219e+01
2.610555664062500000e+03,7.292233276367187500e+01,9.296862792968750000e+01,6.724685668945312500e+01,1.365432929992675781e+01
8.864960937500000000e+02,2.506354713439941406e+01,9.185820007324218750e+01,8.631149291992187500e+01,1.200586605072021484e+01
2.465723144531250000e+03,6.842098236083984375e+01,8.995599365234375000e+01,8.923883819580078125e+01,1.209019374847412109e+01
3.870295898437500000e+03,1.078143920898437500e+02,8.799766540527343750e+01,5.812252807617187500e+01,1.307354640960693359e+01
3.563999023437500000e+03,9.920832824707031250e+01,9.286607360839843750e+01,9.688053131103515625e+01,1.342314720153808594e+01
1.453060546875000000e+03,3.987105178833007812e+01,9.219647979736328125e+01,5.929936218261718750e+01,1.412216758728027344e+01
9.575727539062500000e+02,2.635094642639160156e+01,8.520568847656250000e+01,8.881561279296875000e+01,1.243476486206054688e+01
3.585080078125000000e+03,9.970607757568359375e+01,8.928597259521484375e+01,3.654219865798950195e+00,1.336040878295898438e+01
2.984956298828125000e+03,8.446914672851562500e+01,9.203387451171875000e+01,1.545977210998535156e+01,1.369258117675781250e+01
2.482768798828125000e+03,6.854300689697265625e+01,9.191921234130859375e+01,1.682613730430603027e+00,1.267745876312255859e+01
8.001619873046875000e+02,2.149763488769531250e+01,9.002543640136718750e+01,2.083849525451660156e+01,1.200377655029296875e+01
3.739210693359375000e+03,1.051415100097656250e+02,9.439840698242187500e+01,2.043088531494140625e+01,1.217673683166503906e+01
2.688445312500000000e+03,7.506251525878906250e+01,8.754953765869140625e+01,6.646230697631835938e+00,1.327492523193359375e+01
2.033182373046875000e+03,5.711220932006835938e+01,9.021918487548828125e+01,3.147496223449707031e+01,1.341023826599121094e+01
3.513097656250000000e+03,9.924941253662109375e+01,8.546972656250000000e+01,2.748580932617187500e+01,1.318947124481201172e+01
1.693232299804687500e+03,4.722238922119140625e+01,9.355329895019531250e+01,3.675873947143554688e+01,1.285741424560546875e+01
1.034378173828125000e+03,2.840249443054199219e+01,8.936259460449218750e+01,2.502865982055664062e+01,1.401847267150878906e+01
3.238490234375000000e+03,9.012746429443359375e+01,9.021763610839843750e+01,9.227852630615234375e+01,1.250039291381835938e+01
3.941665527343750000e+03,1.106978225708007812e+02,8.740961456298828125e+01,4.092152023315429688e+01,1.374157619476318359e+01
1.164598144531250000e+03,3.265677642822265625e+01,9.177858734130859375e+01,1.005590209960937500e+02,1.435200309753417969e+01
3.846449218750000000e+03,1.072011947631835938e+02,8.623255920410156250e+01,2.310618162155151367e+00,1.311061859130859375e+01
2.201291503906250000e+03,6.244387435913085938e+01,8.726435089111328125e+01,5.000677108764648438e+01,1.206513118743896484e+01
3.069532714843750000e+03,8.574743652343750000e+01,8.639509582519531250e+01,3.369268417358398438e+01,1.258342933654785156e+01
2.995491455078125000e+03,8.374625396728515625e+01,8.839424896240234375e+01,9.450794219970703125e+01,1.207652664184570312e+01
3.279809326171875000e+03,9.262402343750000000e+01,8.896658325195312500e+01,7.998575592041015625e+01,1.244983959197998047e+01
3.924872070312500000e+03,1.101460723876953125e+02,8.649942016601562500e+01,1.353968143463134766e+01,1.349369430541992188e+01
3.080383300781250000e+03,8.679387664794921875e+01,8.769194793701171875e+01,1.000127182006835938e+02,1.272821712493896484e+01
3.101624511718750000e+03,8.742127990722656250e+01,8.581101226806640625e+01,4.662917327880859375e+01,1.448502349853515625e+01
2.599885742187500000e+03,7.285202789306640625e+01,8.815626525878906250e+01,2.360094070434570312e+00,1.422245788574218750e+01
1.679504638671875000e+03,4.683457565307617188e+01,8.748145294189453125e+01,4.664399337768554688e+01,1.344336891174316406e+01
1.109792480468750000e+03,3.151246070861816406e+01,8.904994201660156250e+01,8.089695739746093750e+01,1.443604278564453125e+01
2.436064697265625000e+03,6.853020477294921875e+01,8.627426910400390625e+01,1.246102523803710938e+01,1.342136669158935547e+01
3.432561767578125000e+03,9.549198150634765625e+01,8.861309814453125000e+01,7.133431243896484375e+01,1.344836616516113281e+01
2.797394775390625000e+03,1.447103470563888550e-01,8.618621063232421875e+01,6.825170898437500000e+01,1.267016983032226562e+01
2.307046875000000000e+03,6.484304046630859375e+01,9.497647857666015625e+01,1.144453144073486328e+01,1.412991237640380859e+01
1.037275512695312500e+03,2.917235374450683594e+01,8.632209014892578125e+01,3.508609294891357422e+00,1.380263614654541016e+01
9.958883666992187500e+02,2.841705894470214844e+01,8.805580902099609375e+01,9.528214454650878906e+00,1.330381584167480469e+01
2.049871093750000000e+03,5.842673110961914062e+01,9.387270355224609375e+01,1.729651093482971191e+00,1.434910488128662109e+01
3.125575683593750000e+03,8.663075256347656250e+01,8.993563842773437500e+01,3.898585510253906250e+01,1.407143592834472656e+01
3.086085937500000000e+03,8.615543365478515625e+01,9.036875152587890625e+01,7.642393493652343750e+01,1.436757183074951172e+01
3.622558593750000000e+03,1.016508407592773438e+02,8.641338348388671875e+01,3.654307556152343750e+01,1.307048702239990234e+01
8.303728027343750000e+02,2.249351692199707031e+01,9.025434112548828125e+01,8.118772125244140625e+01,1.246751117706298828e+01
9.961730346679687500e+02,2.821663093566894531e+01,8.619023895263671875e+01,2.447650527954101562e+01,1.282194995880126953e+01
2.096234375000000000e+03,5.797394561767578125e+01,9.393588256835937500e+01,8.513285064697265625e+01,1.430005836486816406e+01
3.118183837890625000e+03,8.712219238281250000e+01,9.295906066894531250e+01,5.829719543457031250e+01,1.237435150146484375e+01
1.237170898437500000e+03,3.455580520629882812e+01,9.232406616210937500e+01,6.626986026763916016e+00,1.426424980163574219e+01
1.045335693359375000e+03,3.029750251770019531e+01,8.727234649658203125e+01,1.844472312927246094e+01,1.202083873748779297e+01
1.096536621093750000e+03,3.093016624450683594e+01,9.218873596191406250e+01,9.675268173217773438e+00,1.417247295379638672e+01
3.548769531250000000e+03,1.000503540039062500e+02,9.134004211425781250e+01,8.901325225830078125e+01,1.263173484802246094e+01
3.707254882812500000e+03,1.037743759155273438e+02,9.175532531738281250e+01,7.054828643798828125e+01,1.238107967376708984e+01
1.936900878906250000e+03,5.388318252563476562e+01,8.667938232421875000e+01,7.408152008056640625e+01,1.396177196502685547e+01
2.494868652343750000e+03,6.922199249267578125e+01,8.856155395507812500e+01,8.499943542480468750e+01,1.358717060089111328e+01
9.028770751953125000e+02,2.511690521240234375e+01,8.654283142089843750e+01,9.410762786865234375e+01,1.241841220855712891e+01
2.990489501953125000e+03,8.376140594482421875e+01,9.447750854492187500e+01,2.389347648620605469e+01,1.341822719573974609e+01
2.026623413085937500e+03,5.748618316650390625e+01,9.052993011474609375e+01,9.361399841308593750e+01,1.395075416564941406e+01
3.261506103515625000e+03,9.142396545410156250e+01,8.676024627685546875e+01,5.817756652832031250e+00,1.231546592712402344e+01
1.857417236328125000e+03,5.172169113159179688e+01,8.854254150390625000e+01,6.986840963363647461e-01,1.352501487731933594e+01
2.759805908203125000e+03,7.731755828857421875e+01,9.342455291748046875e+01,8.690538024902343750e+01,1.209107589721679688e+01
3.133571044921875000e+03,8.729570007324218750e+01,8.616480255126953125e+01,6.162620162963867188e+01,1.351742935180664062e+01
2.471202880859375000e+03,6.839923095703125000e+01,8.639624023437500000e+01,1.884743118286132812e+01,1.286035251617431641e+01
2.108813476562500000e+03,5.971654129028320312e+01,8.607382965087890625e+01,3.580908966064453125e+01,1.284246635437011719e+01
2.342513183593750000e+03,6.536590576171875000e+01,9.020897674560546875e+01,7.888001251220703125e+01,1.357366657257080078e+01
2.144521240234375000e+03,6.040309143066406250e+01,9.244580078125000000e+01,4.528701782226562500e+01,1.431737232208251953e+01
1.237286254882812500e+03,3.464915847778320312e+01,8.818862915039062500e+01,1.333492088317871094e+01,1.350280284881591797e+01
3.848909179687500000e+03,1.077908401489257812e+02,8.712791442871093750e+01,1.801941680908203125e+01,1.395326137542724609e+01
3.335618408203125000e+03,9.306195068359375000e+01,8.548565673828125000e+01,6.202090835571289062e+01,1.347909736633300781e+01
9.354862670898437500e+02,2.679186439514160156e+01,9.082429504394531250e+01,2.981222915649414062e+01,1.217354106903076172e+01
3.563398925781250000e+03,9.995161437988281250e+01,9.453580474853515625e+01,1.002637004852294922e+01,1.274052715301513672e+01
2.781591064453125000e+03,7.773976135253906250e+01,8.760511016845703125e+01,3.303654861450195312e+01,1.444696426391601562e+01
3.233058837890625000e+03,9.095747375488281250e+01,9.328684234619140625e+01,1.467337226867675781e+01,1.392348098754882812e+01
1.415404907226562500e+03,3.976511001586914062e+01,9.310291290283203125e+01,7.048735046386718750e+01,1.332586288452148438e+01
3.108479980468750000e+03,8.705994415283203125e+01,9.441084289550781250e+01,7.896584320068359375e+01,1.206911754608154297e+01
2.423814941406250000e+03,6.807273864746093750e+01,8.845333862304687500e+01,8.728982543945312500e+01,1.276218318939208984e+01
3.816029541015625000e+03,1.063915405273437500e+02,8.755938720703125000e+01,9.994089508056640625e+01,1.379672431945800781e+01
2.751312255859375000e+03,7.711517333984375000e+01,9.015174865722656250e+01,9.756468963623046875e+01,1.414611339569091797e+01
1.198661376953125000e+03,3.355097198486328125e+01,9.067890167236328125e+01,6.227601623535156250e+01,1.443778324127197266e+01
2.770533691406250000e+03,7.784779357910156250e+01,8.667668914794921875e+01,2.095918846130371094e+01,1.310122966766357422e+01
1.461605590820312500e+03,4.151997756958007812e+01,9.169179534912109375e+01,2.359849548339843750e+01,1.228651237487792969e+01
2.541149169921875000e+03,7.112242889404296875e+01,9.439363098144531250e+01,1.565960502624511719e+01,1.231874275207519531e+01
3.784279052734375000e+03,1.052631149291992188e+02,8.819998168945312500e+01,4.557573318481445312e+01,1.261759185791015625e+01
3.857689208984375000e+03,1.089930419921875000e+02,8.790836334228515625e+01,9.977573394775390625e+01,1.279281902313232422e+01
3.809124511718750000e+03,1.062416915893554688e+02,9.032415008544921875e+01,6.423174285888671875e+01,1.315649986267089844e+01
1.598554199218750000e+03,4.447462844848632812e+01,8.716793823242187500e+01,2.745702362060546875e+01,1.300326538085937500e+01
1.568388793945312500e+03,4.321807479858398438e+01,9.233119964599609375e+01,9.524689483642578125e+01,1.359244537353515625e+01
3.339448486328125000e+03,9.255503845214843750e+01,8.617692565917968750e+01,6.657015228271484375e+01,1.366163921356201172e+01
2.473034423828125000e+03,6.835063171386718750e+01,9.221494293212890625e+01,8.694593048095703125e+01,1.339818668365478516e+01
3.849428955078125000e+03,1.084770278930664062e+02,8.988960266113281250e+01,3.843238449096679688e+01,1.377105045318603516e+01
3.390306152343750000e+03,9.562707519531250000e+01,9.210369110107421875e+01,5.959605026245117188e+01,1.364254665374755859e+01
3.371092773437500000e+03,9.450003051757812500e+01,9.442841339111328125e+01,8.210683441162109375e+01,1.300555038452148438e+01
1.660720092773437500e+03,4.557995605468750000e+01,9.316390228271484375e+01,7.948078155517578125e+01,1.366894626617431641e+01
1.946746093750000000e+03,5.450692367553710938e+01,9.028363037109375000e+01,4.117306518554687500e+01,1.387404918670654297e+01
1.424094238281250000e+03,3.979802322387695312e+01,9.053431701660156250e+01,6.999221801757812500e+01,1.361969375610351562e+01
2.240108642578125000e+03,6.305892562866210938e+01,8.938725280761718750e+01,9.004445648193359375e+01,1.417202281951904297e+01
3.219440917968750000e+03,8.911696624755859375e+01,8.510934448242187500e+01,5.951893615722656250e+01,1.447811126708984375e+01
2.812510742187500000e+03,7.822721099853515625e+01,8.857795715332031250e+01,8.600238037109375000e+01,1.429590225219726562e+01
8.010061645507812500e+02,2.286220550537109375e+01,8.866156005859375000e+01,8.838372039794921875e+01,1.428145599365234375e+01
2.720813720703125000e+03,7.650028991699218750e+01,9.186997985839843750e+01,9.591056060791015625e+01,1.240384006500244141e+01
3.396418945312500000e+03,9.537163543701171875e+01,8.698420715332031250e+01,7.280342102050781250e+01,1.379864692687988281e+01
2.996572265625000000e+03,8.393784332275390625e+01,8.586564636230468750e+01,7.863186645507812500e+01,1.239023780822753906e+01
8.882494506835937500e+02,2.571439552307128906e+01,8.630734252929687500e+01,8.772674560546875000e+01,1.437082576751708984e+01
1.171552246093750000e+03,3.314914321899414062e+01,9.116271209716796875e+01,1.555034351348876953e+01,1.255529880523681641e+01
1.377131958007812500e+03,3.803939437866210938e+01,8.857115936279296875e+01,8.518678283691406250e+01,1.260244274139404297e+01
2.793828857421875000e+03,7.847383880615234375e+01,8.883951568603515625e+01,9.312433624267578125e+01,1.237306976318359375e+01
3.074095214843750000e+03,8.603273773193359375e+01,9.034986114501953125e+01,5.176181793212890625e+00,1.393984413146972656e+01
9.554217529296875000e+02,2.619203948974609375e+01,9.211557769775390625e+01,1.504540157318115234e+01,1.211843490600585938e+01
3.026722412109375000e+03,8.456604766845703125e+01,8.581652832031250000e+01,9.937107849121093750e+01,1.202220916748046875e+01
1.145004272460937500e+03,3.266098403930664062e+01,8.760317230224609375e+01,3.923829650878906250e+01,1.334269332885742188e+01
3.033185058593750000e+03,8.445799255371093750e+01,8.640396118164062500e+01,9.468756103515625000e+01,1.418869113922119141e+01
2.741229980468750000e+03,7.678359222412109375e+01,9.023051452636718750e+01,1.495831775665283203e+01,1.430411624908447266e+01
3.482077392578125000e+03,9.770556640625000000e+01,9.120393371582031250e+01,9.931935119628906250e+01,1.289475822448730469e+01
2.751874023437500000e+03,7.714421844482421875e+01,8.614653015136718750e+01,9.016524505615234375e+01,1.303699684143066406e+01
2.464625488281250000e+03,6.936953735351562500e+01,9.216642761230468750e+01,7.302902984619140625e+01,1.382267665863037109e+01
2.200908203125000000e+03,6.161667633056640625e+01,9.095326995849609375e+01,7.244718170166015625e+01,1.241987037658691406e+01
1.544087768554687500e+03,4.275929260253906250e+01,9.000416564941406250e+01,4.005673980712890625e+01,1.371123409271240234e+01
3.486307128906250000e+03,9.719401550292968750e+01,8.513826751708984375e+01,3.880823516845703125e+01,1.384016036987304688e+01
1.690882202148437500e+03,4.796701049804687500e+01,9.325954437255859375e+01,5.750454902648925781e+00,1.392137145996093750e+01
1.913011352539062500e+03,5.375871658325195312e+01,9.088964080810546875e+01,9.872946166992187500e+01,1.272541713714599609e+01
3.356298339843750000e+03,9.439805603027343750e+01,8.591341400146484375e+01,2.246111679077148438e+01,1.303259849548339844e+01
8.073265380859375000e+02,2.272754859924316406e+01,9.327378845214843750e+01,5.870339870452880859e+00,1.356342315673828125e+01
3.034971435546875000e+03,8.522683715820312500e+01,9.025093078613281250e+01,6.527872467041015625e+01,1.429777431488037109e+01
1.154368408203125000e+03,3.297482299804687500e+01,8.745328521728515625e+01,8.849156951904296875e+01,1.234600734710693359e+01
3.868218261718750000e+03,1.086716232299804688e+02,8.578376770019531250e+01,5.134600448608398438e+01,1.266721534729003906e+01
9.093740844726562500e+02,2.532263755798339844e+01,9.299222564697265625e+01,6.024102401733398438e+01,1.414215087890625000e+01
3.120249511718750000e+03,8.765499877929687500e+01,8.784750366210937500e+01,3.118220329284667969e+01,1.449108791351318359e+01
3.166910400390625000e+03,8.862915802001953125e+01,8.853187561035156250e+01,9.910955047607421875e+01,1.263881492614746094e+01
3.318157958984375000e+03,9.322406768798828125e+01,9.205165100097656250e+01,7.807290649414062500e+01,1.314728927612304688e+01
2.155937011718750000e+03,6.017419815063476562e+01,8.728898620605468750e+01,8.013270568847656250e+01,1.267417621612548828e+01
2.099202880859375000e+03,5.894865798950195312e+01,8.777822875976562500e+01,3.326454162597656250e+01,1.220547676086425781e+01
1.095560791015625000e+03,3.163236999511718750e+01,9.315869140625000000e+01,3.607035827636718750e+01,1.431070899963378906e+01
1.818132568359375000e+03,5.098001861572265625e+01,8.716771697998046875e+01,5.029767227172851562e+01,1.327520465850830078e+01
3.233549804687500000e+03,6.704013943672180176e-01,8.936306762695312500e+01,9.137400817871093750e+01,1.419055747985839844e+01
3.642769531250000000e+03,1.016407699584960938e+02,8.599831390380859375e+01,1.074029541015625000e+01,1.228831577301025391e+01
1.019586730957031250e+03,2.819891738891601562e+01,9.131628417968750000e+01,7.573493957519531250e+01,1.407049465179443359e+01
3.953166503906250000e+03,1.103478546142578125e+02,9.117785644531250000e+01,4.984965324401855469e-01,1.246077537536621094e+01
3.073704833984375000e+03,8.585786437988281250e+01,8.549459075927734375e+01,6.015584564208984375e+01,1.321547985076904297e+01
2.402026367187500000e+03,6.733444213867187500e+01,8.769622802734375000e+01,6.489469146728515625e+01,1.307314395904541016e+01
1.652682617187500000e+03,4.608915710449218750e+01,8.977877044677734375e+01,4.168893814086914062e+01,1.258142471313476562e+01
2.716346679687500000e+03,7.634193420410156250e+01,9.089020538330078125e+01,6.181196212768554688e+00,1.405531787872314453e+01
2.860830078125000000e+03,7.957146453857421875e+01,9.276648712158203125e+01,8.105197143554687500e+01,1.377926445007324219e+01
2.777461669921875000e+03,7.809998321533203125e+01,8.681623077392578125e+01,2.226807403564453125e+01,1.414504146575927734e+01
2.504679199218750000e+03,6.911128997802734375e+01,9.201845550537109375e+01,9.695905303955078125e+01,1.232664299011230469e+01
2.409880126953125000e+03,6.673568725585937500e+01,9.262802886962890625e+01,2.642322158813476562e+01,1.257273197174072266e+01
2.684759277343750000e+03,7.529564666748046875e+01,9.377426910400390625e+01,1.220149326324462891e+01,1.228565788269042969e+01
2.711218505859375000e+03,7.481555175781250000e+01,8.751120758056640625e+01,7.925471496582031250e+01,1.326558303833007812e+01
2.885181396484375000e+03,8.072073364257812500e+01,9.313668060302734375e+01,5.759192657470703125e+01,1.411386203765869141e+01
2.061080566406250000e+03,5.725166320800781250e+01,8.522063446044921875e+01,9.158615112304687500e+01,1.368795967102050781e+01
3.785813476562500000e+03,1.063526229858398438e+02,9.066107177734375000e+01,4.754969787597656250e+01,1.371845054626464844e+01
2.737457031250000000e+03,7.701495361328125000e+01,9.093935394287109375e+01,1.458185958862304688e+01,1.294306468963623047e+01
3.318020751953125000e+03,9.285839843750000000e+01,8.952205657958984375e+01,1.153467273712158203e+01,1.238206291198730469e+01
3.505465332031250000e+03,9.740396881103515625e+01,9.195038604736328125e+01,3.938347625732421875e+01,1.449928665161132812e+01
3.547753906250000000e+03,9.832975769042968750e+01,8.860903167724609375e+01,7.146401977539062500e+01,1.239687156677246094e+01
1.913219848632812500e+03,5.380482482910156250e+01,8.750598907470703125e+01,8.010270690917968750e+01,1.366842651367187500e+01
1.016087402343750000e+03,2.851412773132324219e+01,8.758557128906250000e+01,6.629244232177734375e+01,1.229669380187988281e+01
2.645298339843750000e+03,7.474825286865234375e+01,9.023379516601562500e+01,8.905778503417968750e+01,1.223255062103271484e+01
2.747949218750000000e+03,7.624108123779296875e+01,8.638903808593750000e+01,5.735193252563476562e+01,1.215810012817382812e+01
2.162023925781250000e+03,6.014517593383789062e+01,9.431169128417968750e+01,3.958851242065429688e+01,1.290244197845458984e+01
3.850252197265625000e+03,1.071279296875000000e+02,9.459379577636718750e+01,7.608388519287109375e+01,1.360236454010009766e+01
1.346809814453125000e+03,3.778656005859375000e+01,8.781530761718750000e+01,4.912528991699218750e+01,1.333642196655273438e+01
2.172025390625000000e+03,6.059448623657226562e+01,8.926353454589843750e+01,2.115432357788085938e+01,1.421409702301025391e+01
2.031719848632812500e+03,5.690535736083984375e+01,9.173891448974609375e+01,5.429108619689941406e+00,1.416542625427246094e+01
1.265224243164062500e+03,3.524809646606445312e+01,8.514251708984375000e+01,3.191387748718261719e+01,1.345189762115478516e+01
8.289060668945312500e+02,2.405114746093750000e+01,8.542385864257812500e+01,4.272699356079101562e+01,1.410017776489257812e+01
2.578807617187500000e+03,7.236861419677734375e+01,8.829785156250000000e+01,9.319443511962890625e+01,1.370473957061767578e+01
2.120420166015625000e+03,5.924577331542968750e+01,9.458128356933593750e+01,7.916548919677734375e+01,1.339159870147705078e+01
3.872611083984375000e+03,1.092938156127929688e+02,8.547870635986328125e+01,4.313617706298828125e+01,1.260163879394531250e+01
8.515075683593750000e+02,2.334501647949218750e+01,8.617189788818359375e+01,7.720471858978271484e+00,1.396648216247558594e+01
3.186159912109375000e+03,8.992329406738281250e+01,9.274417877197265625e+01,5.899852371215820312e+01,1.227687549591064453e+01
3.400256835937500000e+03,9.536732482910156250e+01,9.299365997314453125e+01,8.557221984863281250e+01,1.354336833953857422e+01
1.683863525390625000e+03,4.656644439697265625e+01,8.764597320556640625e+01,4.299570465087890625e+01,1.308128929138183594e+01
3.166390625000000000e+03,8.891520690917968750e+01,9.083097839355468750e+01,9.873715209960937500e+01,1.261249637603759766e+01
1.861477661132812500e+03,5.198383331298828125e+01,9.296597290039062500e+01,5.536808490753173828e+00,1.368671321868896484e+01
1.584907836914062500e+03,4.404980468750000000e+01,8.999028015136718750e+01,1.625262451171875000e+01,1.440594959259033203e+01
3.421054443359375000e+03,9.580285644531250000e+01,8.598448181152343750e+01,8.699774932861328125e+01,1.204513549804687500e+01
3.361489990234375000e+03,9.413235473632812500e+01,8.686381530761718750e+01,7.540328979492187500e+01,1.428451442718505859e+01
3.080358886718750000e+03,8.720944213867187500e+01,8.801986694335937500e+01,9.997787475585937500e+00,1.406840610504150391e+01
3.276876953125000000e+03,9.186558532714843750e+01,9.201881408691406250e+01,4.028393554687500000e+01,1.258736419677734375e+01
2.351177246093750000e+03,6.595944213867187500e+01,8.759906768798828125e+01,2.246745872497558594e+01,1.331362724304199219e+01
1.828287963867187500e+03,5.212062454223632812e+01,8.740305328369140625e+01,7.394093036651611328e+00,1.317184638977050781e+01
2.310520507812500000e+03,6.388470458984375000e+01,9.086384582519531250e+01,9.148423767089843750e+01,1.281747245788574219e+01
3.340455566406250000e+03,9.336219787597656250e+01,9.357686614990234375e+01,7.396609497070312500e+01,1.362844371795654297e+01
2.368333251953125000e+03,6.668991851806640625e+01,8.928691101074218750e+01,3.439601135253906250e+01,1.234282398223876953e+01
3.573133056640625000e+03,9.974008941650390625e+01,9.349051666259765625e+01,3.223517608642578125e+01,1.259145641326904297e+01
1.138057983398437500e+03,3.154803085327148438e+01,1.357866058349609375e+02,3.121027565002441406e+01,1.307321071624755859e+01
2.338898193359375000e+03,6.628218841552734375e+01,8.748284149169921875e+01,2.933408355712890625e+01,1.379395961761474609e+01
1.717580566406250000e+03,4.857017898559570312e+01,8.903659057617187500e+01,4.857673645019531250e+00,1.351885414123535156e+01
2.574381591796875000e+03,7.280287933349609375e+01,9.426465606689453125e+01,8.228964996337890625e+01,1.266323089599609375e+01
2.963090820312500000e+03,8.214355468750000000e+01,9.397548675537109375e+01,4.408455371856689453e+00,1.285035228729248047e+01
3.892523437500000000e+03,1.088446044921875000e+02,8.743338775634765625e+01,3.008577537536621094e+01,1.306087970733642578e+01
1.598400634765625000e+03,4.485197067260742188e+01,9.067397308349609375e+01,3.667125320434570312e+01,1.220873069763183594e+01
2.505142822265625000e+03,7.082628631591796875e+01,9.271681976318359375e+01,4.660874176025390625e+01,1.396659469604492188e+01
2.161365966796875000e+03,6.076131439208984375e+01,9.054898834228515625e+01,5.469011306762695312e+01,1.402398490905761719e+01
2.093897705078125000e+03,5.895491409301757812e+01,8.722377014160156250e+01,2.851567840576171875e+01,1.243410873413085938e+01
2.169437744140625000e+03,6.051120758056640625e+01,8.957865142822265625e+01,1.282400131225585938e+01,1.226872253417968750e+01
3.193285156250000000e+03,8.901580810546875000e+01,8.512993621826171875e+01,2.805886268615722656e+01,1.282650184631347656e+01
1.939033203125000000e+03,5.475518417358398438e+01,8.809347534179687500e+01,1.653469657897949219e+01,1.293352603912353516e+01
9.251631469726562500e+02,2.519221305847167969e+01,8.760155487060546875e+01,2.972350311279296875e+01,1.429825973510742188e+01
1.188723388671875000e+03,3.344538497924804688e+01,8.912484741210937500e+01,6.958255767822265625e+01,1.207578372955322266e+01
3.089169677734375000e+03,8.690194702148437500e+01,8.601233673095703125e+01,1.988741457462310791e-01,1.212641525268554688e+01
2.231892822265625000e+03,6.227627563476562500e+01,8.865657806396484375e+01,2.271222114562988281e+01,1.220904064178466797e+01
2.203351074218750000e+03,6.086774063110351562e+01,9.401573181152343750e+01,6.968379974365234375e+00,1.409354686737060547e+01
3.402962646484375000e+03,9.639231109619140625e+01,8.587747192382812500e+01,7.861818695068359375e+01,1.301869583129882812e+01
3.852382812500000000e+03,1.077153930664062500e+02,9.473060607910156250e+01,1.435920357704162598e+00,1.281429862976074219e+01
1.089853027343750000e+03,3.163051986694335938e+01,8.937841796875000000e+01,9.456936645507812500e+01,1.294577503204345703e+01
1.863728393554687500e+03,5.353966903686523438e+01,8.986719512939453125e+01,2.261959075927734375e+01,1.272200298309326172e+01
2.556180419921875000e+03,7.142823028564453125e+01,9.260341644287109375e+01,6.475666809082031250e+01,1.281668090820312500e+01
1.332498413085937500e+03,3.725323486328125000e+01,8.996969604492187500e+01,7.794226169586181641e+00,1.438890457153320312e+01
1.617932983398437500e+03,4.553636169433593750e+01,8.661307525634765625e+01,1.698466110229492188e+01,1.389086437225341797e+01
3.803150146484375000e+03,1.075601730346679688e+02,9.421583557128906250e+01,9.942096710205078125e+01,1.212976837158203125e+01
3.251803710937500000e+03,9.222003173828125000e+01,9.094597625732421875e+01,8.672840881347656250e+01,1.227878093719482422e+01
3.029459228515625000e+03,8.506844329833984375e+01,8.688945770263671875e+01,2.379864883422851562e+01,1.394775962829589844e+01
3.394796875000000000e+03,9.493225097656250000e+01,9.125843048095703125e+01,3.577316665649414062e+01,1.217169475555419922e+01
1.803991943359375000e+03,5.051147079467773438e+01,9.251999664306640625e+01,2.391945457458496094e+01,1.355289459228515625e+01
2.396252441406250000e+03,6.666996765136718750e+01,8.679886627197265625e+01,8.783828735351562500e+01,1.377541732788085938e+01
2.962179199218750000e+03,8.334769439697265625e+01,8.824887084960937500e+01,8.224562644958496094e+00,1.294502162933349609e+01
3.236871337890625000e+03,9.074205017089843750e+01,9.147151184082031250e+01,9.199407196044921875e+01,1.207466602325439453e+01
8.782426757812500000e+02,2.384045982360839844e+01,9.211917877197265625e+01,5.635232543945312500e+01,1.323901271820068359e+01
2.808175048828125000e+03,7.869377899169921875e+01,9.311071014404296875e+01,4.874668502807617188e+01,1.390596961975097656e+01
3.982677246093750000e+03,1.123378524780273438e+02,8.519917297363281250e+01,2.785403060913085938e+01,1.302097511291503906e+01
1.843720458984375000e+03,5.147688674926757812e+01,9.242332458496093750e+01,4.742425918579101562e+01,1.342682647705078125e+01
3.025660888671875000e+03,8.469399261474609375e+01,9.480867004394531250e+01,8.556666564941406250e+01,1.322667694091796875e+01
3.805886718750000000e+03,1.059043884277343750e+02,8.540749359130859375e+01,7.616590881347656250e+01,1.344875144958496094e+01
1.033608642578125000e+03,2.927364921569824219e+01,9.000275421142578125e+01,2.380366516113281250e+01,1.273192405700683594e+01
1.051978515625000000e+03,2.952450180053710938e+01,8.680706024169921875e+01,3.521204757690429688e+01,1.271868228912353516e+01
1.831850341796875000e+03,5.201162719726562500e+01,8.676749420166015625e+01,2.638565444946289062e+01,1.225301551818847656e+01
1.353557739257812500e+03,3.872480392456054688e+01,8.602043151855468750e+01,3.391400146484375000e+01,1.216274452209472656e+01
3.902868652343750000e+03,3.742474615573883057e-01,8.772008514404296875e+01,1.307841777801513672e+01,1.320295143127441406e+01
1.561758178710937500e+03,4.324330139160156250e+01,8.637241363525390625e+01,1.849675559997558594e+01,1.202792930603027344e+01
1.071279174804687500e+03,3.015152168273925781e+01,9.273379516601562500e+01,8.505619812011718750e+01,1.383336257934570312e+01
3.211401611328125000e+03,8.939422607421875000e+01,8.647186279296875000e+01,1.452239990234375000e+01,1.383683967590332031e+01
2.044547485351562500e+03,5.738639068603515625e+01,9.138119506835937500e+01,7.803636169433593750e+01,1.209299945831298828e+01
9.124970092773437500e+02,2.542624664306640625e+01,8.691586303710937500e+01,6.082085037231445312e+01,1.204412460327148438e+01
1.161220947265625000e+03,3.230767059326171875e+01,9.049508666992187500e+01,2.100065994262695312e+01,1.285917758941650391e+01
1.158346679687500000e+03,3.116043853759765625e+01,9.016771697998046875e+01,9.199758148193359375e+01,1.404140853881835938e+01
1.047251342773437500e+03,2.949095916748046875e+01,9.400186157226562500e+01,8.844981384277343750e+01,1.437958145141601562e+01
2.931848144531250000e+03,8.272098541259765625e+01,8.894900512695312500e+01,4.113154220581054688e+01,1.433730697631835938e+01
2.159312988281250000e+03,6.033409118652343750e+01,8.812899017333984375e+01,2.652024078369140625e+01,1.370264720916748047e+01
3.655606689453125000e+03,1.029066619873046875e+02,8.956251525878906250e+01,2.794399642944335938e+01,1.285730171203613281e+01
2.421644531250000000e+03,6.800815582275390625e+01,9.490240478515625000e+01,3.592146682739257812e+01,1.231466007232666016e+01
2.182068359375000000e+03,6.016956710815429688e+01,8.980422210693359375e+01,1.629942703247070312e+01,1.366753196716308594e+01
8.498562011718750000e+02,2.349713706970214844e+01,8.877177429199218750e+01,6.593503570556640625e+01,1.255123043060302734e+01
1.377386352539062500e+03,3.715206527709960938e+01,9.159512329101562500e+01,5.104252624511718750e+01,1.295936965942382812e+01
1.239340332031250000e+03,3.561320877075195312e+01,8.769989013671875000e+01,1.660817146301269531e+01,1.298133754730224609e+01
3.696616699218750000e+03,1.033462600708007812e+02,9.158759307861328125e+01,5.597228622436523438e+01,1.276459312438964844e+01
3.656556152343750000e+03,1.023151550292968750e+02,9.474423217773437500e+01,4.923458099365234375e+01,1.255266284942626953e+01
3.642275878906250000e+03,1.021927032470703125e+02,8.875887298583984375e+01,9.140687561035156250e+01,1.409185028076171875e+01
2.729252197265625000e+03,7.659066009521484375e+01,9.051103210449218750e+01,8.861450958251953125e+01,1.428212165832519531e+01
3.131923095703125000e+03,8.708254241943359375e+01,8.508495330810546875e+01,6.757033538818359375e+01,1.325199890136718750e+01
3.153062011718750000e+03,8.920964050292968750e+01,9.375997161865234375e+01,3.795511245727539062e+01,1.267784214019775391e+01
3.835665527343750000e+03,1.076784057617187500e+02,9.306191253662109375e+01,1.703411865234375000e+01,1.444658565521240234e+01
9.516295776367187500e+02,2.641390419006347656e+01,8.930026245117187500e+01,8.833452606201171875e+01,1.261015701293945312e+01
8.904406738281250000e+02,2.515220832824707031e+01,8.552264404296875000e+01,3.305077743530273438e+01,1.203893756866455078e+01
2.514535888671875000e+03,7.117240905761718750e+01,9.072246551513671875e+01,9.156763076782226562e+00,1.438104534149169922e+01
1.632486938476562500e+03,4.597287368774414062e+01,9.129791259765625000e+01,7.798548889160156250e+01,1.435429573059082031e+01
2.084282714843750000e+03,5.934682083129882812e+01,8.932373809814453125e+01,2.623269271850585938e+01,1.306529712677001953e+01
1.044516479492187500e+03,2.983668136596679688e+01,9.250669097900390625e+01,7.110099792480468750e+01,1.200529479980468750e+01
9.520938110351562500e+02,2.636210060119628906e+01,9.287075042724609375e+01,6.747222137451171875e+01,1.413206386566162109e+01
3.004623779296875000e+03,8.415276336669921875e+01,9.324037170410156250e+01,8.662251281738281250e+01,1.321369266510009766e+01
2.984229736328125000e+03,8.366175079345703125e+01,9.037359619140625000e+01,7.598603057861328125e+01,1.261536788940429688e+01
3.507124511718750000e+03,9.855471038818359375e+01,9.374499511718750000e+01,6.116634368896484375e+00,1.227762985229492188e+01
1.605219482421875000e+03,4.564198684692382812e+01,9.128800201416015625e+01,5.074734497070312500e+01,1.238747406005859375e+01
3.820733154296875000e+03,1.062714691162109375e+02,9.175839233398437500e+01,4.984354496002197266e+00,1.379524993896484375e+01
3.467178466796875000e+03,9.657037353515625000e+01,8.522741699218750000e+01,7.766941070556640625e+01,1.326749706268310547e+01
3.043479980468750000e+03,8.535548400878906250e+01,9.049045562744140625e+01,3.398280715942382812e+01,1.421443939208984375e+01
2.628850585937500000e+03,7.383188629150390625e+01,8.553334808349609375e+01,7.378572082519531250e+01,1.242750835418701172e+01
3.481704833984375000e+03,9.774234771728515625e+01,8.644371795654296875e+01,7.544351196289062500e+01,1.205052852630615234e+01
2.635282714843750000e+03,7.449946594238281250e+01,8.667291259765625000e+01,9.749626922607421875e+01,1.263754367828369141e+01
2.059505371093750000e+03,5.701104354858398438e+01,8.738890838623046875e+01,3.027896690368652344e+01,1.279859161376953125e+01
2.034476196289062500e+03,5.726748657226562500e+01,8.966204071044921875e+01,7.813351440429687500e+01,1.321216869354248047e+01
3.969427490234375000e+03,1.109708862304687500e+02,9.053197479248046875e+01,1.680168151855468750e+01,1.301993751525878906e+01
1.560169677734375000e+03,4.313114929199218750e+01,8.933802795410156250e+01,6.851702117919921875e+01,1.291428375244140625e+01
2.957207763671875000e+03,8.394658660888671875e+01,9.062779998779296875e+01,2.233070564270019531e+01,1.290590763092041016e+01
1.559461303710937500e+03,4.343807220458984375e+01,1.283250274658203125e+02,5.015467071533203125e+01,1.273115253448486328e+01
3.696966064453125000e+03,1.027674789428710938e+02,9.053870391845703125e+01,4.231337356567382812e+01,1.376892280578613281e+01
2.545289794921875000e+03,7.222468566894531250e+01,9.064965820312500000e+01,2.841175317764282227e+00,1.344816017150878906e+01
2.697034912109375000e+03,7.550263214111328125e+01,8.539645385742187500e+01,2.497054672241210938e+01,1.219285106658935547e+01
1.053014892578125000e+03,2.888018035888671875e+01,9.468500518798828125e+01,6.792349243164062500e+01,1.388117313385009766e+01
1.885990478515625000e+03,5.215807723999023438e+01,9.383425140380859375e+01,4.155620574951171875e+01,1.349617481231689453e+01
3.747742919921875000e+03,1.056830444335937500e+02,8.889363861083984375e+01,5.816411972045898438e+01,1.396002006530761719e+01
2.939473388671875000e+03,8.237962341308593750e+01,8.978493499755859375e+01,5.249103927612304688e+01,1.393931484222412109e+01
2.947786621093750000e+03,8.234733581542968750e+01,8.616476440429687500e+01,4.988337707519531250e+01,1.332978153228759766e+01
1.796704101562500000e+03,5.069402313232421875e+01,9.265701293945312500e+01,7.050180053710937500e+01,1.420919895172119141e+01
2.672219970703125000e+03,7.505659484863281250e+01,9.385662841796875000e+01,3.684682083129882812e+01,1.212434673309326172e+01
2.995508300781250000e+03,8.392817687988281250e+01,8.954318237304687500e+01,8.253994750976562500e+01,1.273839759826660156e+01
1.587978271484375000e+03,4.439763641357421875e+01,9.130628967285156250e+01,3.804903268814086914e+00,1.219336032867431641e+01
2.992791748046875000e+03,8.357621765136718750e+01,9.444529724121093750e+01,4.392720794677734375e+01,1.267128372192382812e+01
1.770559570312500000e+03,5.051742935180664062e+01,9.408619689941406250e+01,4.855014419555664062e+01,1.380707454681396484e+01
3.228752685546875000e+03,9.028623199462890625e+01,8.655512237548828125e+01,5.568670654296875000e+01,1.403419589996337891e+01
2.801584960937500000e+03,7.823846435546875000e+01,8.675947570800781250e+01,6.691739654541015625e+01,1.384244632720947266e+01
2.942649169921875000e+03,8.245746612548828125e+01,9.010353851318359375e+01,9.036680603027343750e+01,1.258075714111328125e+01
3.849078369140625000e+03,1.080428924560546875e+02,9.368096923828125000e+01,3.576937484741210938e+01,1.252425575256347656e+01
2.630087402343750000e+03,7.296810913085937500e+01,8.770519256591796875e+01,4.476949214935302734e+00,1.360354518890380859e+01
1.696084472656250000e+03,4.732836914062500000e+01,9.454722595214843750e+01,8.706153869628906250e+01,1.258298397064208984e+01
1.570091064453125000e+03,4.376695251464843750e+01,8.786476898193359375e+01,6.208637237548828125e+01,1.399804115295410156e+01
3.841910888671875000e+03,1.076213302612304688e+02,9.350305175781250000e+01,8.008214569091796875e+01,1.389688110351562500e+01
2.023530151367187500e+03,5.686380767822265625e+01,8.608150482177734375e+01,2.153136253356933594e+01,1.237420082092285156e+01
9.061531372070312500e+02,2.480467987060546875e+01,9.304393005371093750e+01,1.379564762115478516e+01,1.244146251678466797e+01
1.370623901367187500e+03,3.812712097167968750e+01,8.941479492187500000e+01,1.317673802375793457e+00,1.321691226959228516e+01
2.149403320312500000e+03,5.972763824462890625e+01,8.620285797119140625e+01,8.168200683593750000e+01,1.268671417236328125e+01
3.983370849609375000e+03,1.118796691894531250e+02,8.715075683593750000e+01,3.100024414062500000e+01,1.315926170349121094e+01
3.788254882812500000e+03,1.062442398071289062e+02,9.479289245605468750e+01,8.282221221923828125e+01,1.230176067352294922e+01
2.971756591796875000e+03,8.376589202880859375e+01,9.381990051269531250e+01,1.839870071411132812e+01,1.398566913604736328e+01
2.883974121093750000e+03,8.152928161621093750e+01,8.803960418701171875e+01,9.689749145507812500e+01,1.312167644500732422e+01
1.748622070312500000e+03,4.876414108276367188e+01,9.140766906738281250e+01,3.011802101135253906e+01,1.343792629241943359e+01
3.757259033203125000e+03,1.055213623046875000e+02,9.065238189697265625e+01,9.200028228759765625e+01,1.428242397308349609e+01
1.882347778320312500e+03,5.282517623901367188e+01,8.646054077148437500e+01,9.129173278808593750e+00,1.433710384368896484e+01
3.812143310546875000e+03,1.071274337768554688e+02,9.326596069335937500e+01,9.067852783203125000e+01,1.273371601104736328e+01
8.126191406250000000e+02,2.259412193298339844e+01,8.695033264160156250e+01,5.612091064453125000e+00,1.332835769653320312e+01
1.086334594726562500e+03,3.097936248779296875e+01,8.841291046142578125e+01,8.798504638671875000e+01,1.329518985748291016e+01
2.755831298828125000e+03,7.742460632324218750e+01,9.260387420654296875e+01,4.209849834442138672e+00,1.278222846984863281e+01
2.494800781250000000e+03,7.063731384277343750e+01,9.075295257568359375e+01,9.310933113098144531e+00,1.411102199554443359e+01
2.181379394531250000e+03,6.141642761230468750e+01,8.914427185058593750e+01,5.252831649780273438e+01,1.279430580139160156e+01
1.589511596679687500e+03,4.397722625732421875e+01,8.901653289794921875e+01,7.368252563476562500e+01,1.331932067871093750e+01
3.189537353515625000e+03,8.837120056152343750e+01,9.223799896240234375e+01,5.104375839233398438e+01,1.378217887878417969e+01
3.519067138671875000e+03,9.919976043701171875e+01,9.085990142822265625e+01,8.039839744567871094e+00,1.438625335693359375e+01
1.534572631835937500e+03,4.283142471313476562e+01,9.281826782226562500e+01,4.190482711791992188e+01,1.295838165283203125e+01
2.309196289062500000e+03,6.343832397460937500e+01,9.227015686035156250e+01,8.545269012451171875e+01,1.299987792968750000e+01
2.296448730468750000e+03,6.475486755371093750e+01,8.877205657958984375e+01,3.941069793701171875e+01,1.232777214050292969e+01
3.156706298828125000e+03,8.787362670898437500e+01,9.043073272705078125e+01,7.337000274658203125e+01,1.215131855010986328e+01
2.803239990234375000e+03,7.978955841064453125e+01,9.012739562988281250e+01,7.367057037353515625e+01,1.421600723266601562e+01
3.800103759765625000e+03,1.066083145141601562e+02,9.264136505126953125e+01,3.077920150756835938e+01,1.280373287200927734e+01
3.015858642578125000e+03,8.371681213378906250e+01,8.851404571533203125e+01,3.349016952514648438e+01,1.327957439422607422e+01
3.145034179687500000e+03,8.847530364990234375e+01,1.372842712402343750e+02,3.099297904968261719e+01,1.344452190399169922e+01
3.746955078125000000e+03,1.050504226684570312e+02,8.689483642578125000e+01,5.920933151245117188e+01,1.245097827911376953e+01
2.288326171875000000e+03,6.334018707275390625e+01,9.311881256103515625e+01,9.140046691894531250e+01,1.427665996551513672e+01
2.988130371093750000e+03,8.318922424316406250e+01,9.385759735107421875e+01,5.986303710937500000e+01,1.383289623260498047e+01
2.515111328125000000e+03,7.039170074462890625e+01,9.105254364013671875e+01,3.493230056762695312e+01,1.366613101959228516e+01
2.918132812500000000e+03,8.149409484863281250e+01,9.283898162841796875e+01,6.643135070800781250e+01,1.301596736907958984e+01
2.928985107421875000e+03,8.087191772460937500e+01,9.120868682861328125e+01,3.561976671218872070e+00,1.211397171020507812e+01
1.219696533203125000e+03,3.471402359008789062e+01,9.126824951171875000e+01,7.472698211669921875e+01,1.423672008514404297e+01
1.072709350585937500e+03,3.034770011901855469e+01,9.028450012207031250e+01,3.545126724243164062e+01,1.329401779174804688e+01
3.850773193359375000e+03,1.074324951171875000e+02,9.476564788818359375e+01,5.108554077148437500e+01,1.355355548858642578e+01
2.750364501953125000e+03,7.710507965087890625e+01,8.993209075927734375e+01,2.396857070922851562e+01,1.213290309906005859e+01
3.282883544921875000e+03,9.164540863037109375e+01,8.649455261230468750e+01,8.076567840576171875e+01,1.208198165893554688e+01
3.762197265625000000e+03,1.058771743774414062e+02,9.429573059082031250e+01,1.786095976829528809e+00,1.431240653991699219e+01
2.453951660156250000e+03,6.959471130371093750e+01,8.537430572509765625e+01,9.981918334960937500e+01,1.330494117736816406e+01
2.048351074218750000e+03,5.805406570434570312e+01,9.148117065429687500e+01,7.311979675292968750e+01,1.243546390533447266e+01
1.180086791992187500e+03,3.315213012695312500e+01,8.781314849853515625e+01,6.952148437500000000e+01,1.427522373199462891e+01
3.080030517578125000e+03,8.584341430664062500e+01,8.712390899658203125e+01,4.573666572570800781e+00,1.409572029113769531e+01
2.294535400390625000e+03,6.332078170776367188e+01,8.703689575195312500e+01,1.115213394165039062e+01,1.229969787597656250e+01
2.335355224609375000e+03,6.627853393554687500e+01,8.974877166748046875e+01,1.309213161468505859e+01,1.212930393218994141e+01
1.005468322753906250e+03,2.820034790039062500e+01,8.876469421386718750e+01,3.802355957031250000e+01,1.307829570770263672e+01
3.108064453125000000e+03,8.630869293212890625e+01,8.693385314941406250e+01,3.148784828186035156e+01,1.425592517852783203e+01
2.486695800781250000e+03,6.978024291992187500e+01,8.896054840087890625e+01,6.259358215332031250e+01,1.443306446075439453e+01
9.870580444335937500e+02,2.758420372009277344e+01,8.820548248291015625e+01,4.979179763793945312e+01,1.219557762145996094e+01
2.891005371093750000e+03,8.059121704101562500e+01,8.741371917724609375e+01,3.224923324584960938e+01,1.238860416412353516e+01
1.273429321289062500e+03,3.606200408935546875e+01,8.560980224609375000e+01,8.003545403480529785e-01,1.379826450347900391e+01
3.356276611328125000e+03,9.474350738525390625e+01,9.412456512451171875e+01,2.655317687988281250e+01,1.345595550537109375e+01
2.838746826171875000e+03,7.931684875488281250e+01,8.619432830810546875e+01,1.549689960479736328e+01,1.241404342651367188e+01
1.914195190429687500e+03,5.410698699951171875e+01,9.328923797607421875e+01,4.985321426391601562e+01,1.282703208923339844e+01
1.202124389648437500e+03,3.388364410400390625e+01,8.982030487060546875e+01,9.532054901123046875e+01,1.240894222259521484e+01
2.576633789062500000e+03,7.223403167724609375e+01,8.605897521972656250e+01,1.403395938873291016e+01,1.304778575897216797e+01
3.637550781250000000e+03,1.013748855590820312e+02,9.337679290771484375e+01,6.778643798828125000e+01,1.289998245239257812e+01
1.277997314453125000e+03,3.521421051025390625e+01,8.678441619873046875e+01,1.995419883728027344e+01,1.414745712280273438e+01
2.338906005859375000e+03,6.483637237548828125e+01,9.006374359130859375e+01,8.887877655029296875e+01,1.398098945617675781e+01
3.717072998046875000e+03,1.042988967895507812e+02,8.601301574707031250e+01,1.183562088012695312e+01,1.390799617767333984e+01
3.188052734375000000e+03,8.803915405273437500e+01,8.618088531494140625e+01,9.804916381835937500e+01,1.219261169433593750e+01
1.764460815429687500e+03,4.961156845092773438e+01,8.618032836914062500e+01,7.786204528808593750e+01,1.226239967346191406e+01
3.066223144531250000e+03,8.487676239013671875e+01,9.052551269531250000e+01,7.858279418945312500e+01,1.448118209838867188e+01
1.290887451171875000e+03,3.592920303344726562e+01,8.663772583007812500e+01,3.426103973388671875e+01,1.263949775695800781e+01
3.494466552734375000e+03,9.782916259765625000e+01,9.200618743896484375e+01,4.126207733154296875e+01,1.208806037902832031e+01
3.243404052734375000e+03,9.014643096923828125e+01,8.882752227783203125e+01,8.656339263916015625e+01,1.443052101135253906e+01
1.816860961914062500e+03,5.049013900756835938e+01,9.497145843505859375e+01,9.293646240234375000e+01,1.386881542205810547e+01
2.179444335937500000e+03,6.124393844604492188e+01,9.034600830078125000e+01,9.935430145263671875e+01,1.439676856994628906e+01
3.657730468750000000e+03,1.033954010009765625e+02,9.171435546875000000e+01,7.729857635498046875e+01,1.216784000396728516e+01
1.562999023437500000e+03,4.294355010986328125e+01,8.867752838134765625e+01,1.128403472900390625e+01,1.286395454406738281e+01
2.578522216796875000e+03,7.162895202636718750e+01,9.168416595458984375e+01,2.191459274291992188e+01,1.289157295227050781e+01
3.896877197265625000e+03,1.093875045776367188e+02,8.618438720703125000e+01,5.295238494873046875e+01,1.448212814331054688e+01
2.426217285156250000e+03,6.771408843994140625e+01,9.494815063476562500e+01,4.862805938720703125e+01,1.319486618041992188e+01
3.340924560546875000e+03,9.353950500488281250e+01,9.443694305419921875e+01,8.025075531005859375e+01,1.300051689147949219e+01
3.174791259765625000e+03,8.883592224121093750e+01,8.688381195068359375e+01,9.110069274902343750e+01,1.278882122039794922e+01
2.306225341796875000e+03,6.502439117431640625e+01,8.996313476562500000e+01,2.784682750701904297e+00,1.361028861999511719e+01
1.633115844726562500e+03,4.531715393066406250e+01,8.956299591064453125e+01,3.188318252563476562e+01,1.321581172943115234e+01
2.922361572265625000e+03,8.282350158691406250e+01,8.823419189453125000e+01,8.604296112060546875e+01,1.262627220153808594e+01
2.942242431640625000e+03,8.210263824462890625e+01,9.020919799804687500e+01,3.769171524047851562e+01,1.349944877624511719e+01
1.237358520507812500e+03,3.519149398803710938e+01,8.782626342773437500e+01,8.022464752197265625e+01,1.443362522125244141e+01
6.763916992187500000e+03,8.402194976806640625e+01,8.694714355468750000e+01,3.134704017639160156e+01,1.418790912628173828e+01
3.794551269531250000e+03,1.068042526245117188e+02,8.871727752685546875e+01,2.369049072265625000e+01,1.230256843566894531e+01
2.215835205078125000e+03,6.177602767944335938e+01,9.249018096923828125e+01,7.577533721923828125e+01,1.353933715820312500e+01
2.812712890625000000e+03,7.868776702880859375e+01,8.618210601806640625e+01,2.498052787780761719e+01,1.385314941406250000e+01
3.256486572265625000e+03,9.133985900878906250e+01,9.059888458251953125e+01,7.796111297607421875e+01,1.286046600341796875e+01
3.946457519531250000e+03,1.100884017944335938e+02,9.241539001464843750e+01,6.988112640380859375e+01,1.383022212982177734e+01
1.518978515625000000e+03,4.220135116577148438e+01,9.116217803955078125e+01,5.657867908477783203e+00,1.289469146728515625e+01
3.817841796875000000e+03,1.069711303710937500e+02,9.286347198486328125e+01,6.890965270996093750e+01,1.419681739807128906e+01
2.335562988281250000e+03,6.493431854248046875e+01,8.728253173828125000e+01,3.307357406616210938e+01,1.432596111297607422e+01
2.958525390625000000e+03,8.260342407226562500e+01,8.640174102783203125e+01,5.733740329742431641e+00,1.356339550018310547e+01
2.001802856445312500e+03,5.542310714721679688e+01,9.402942657470703125e+01,2.367988777160644531e+01,1.230208683013916016e+01
3.057450195312500000e+03,8.621427154541015625e+01,9.047808074951171875e+01,6.960074615478515625e+01,1.208058643341064453e+01
1.986405517578125000e+03,5.540606307983398438e+01,8.837047576904296875e+01,4.655385589599609375e+01,1.360887336730957031e+01
1.876302856445312500e+03,5.317522811889648438e+01,9.135909271240234375e+01,3.142159461975097656e+01,1.244695758819580078e+01
3.834796142578125000e+03,1.073860855102539062e+02,9.384278106689453125e+01,5.110561370849609375e+01,1.324486446380615234e+01
2.656768798828125000e+03,7.442616271972656250e+01,9.130912017822265625e+01,8.821750640869140625e+01,1.359616851806640625e+01
3.167459472656250000e+03,8.803789520263671875e+01,9.346598052978515625e+01,5.796647262573242188e+01,1.356691551208496094e+01
2.177303466796875000e+03,6.032278442382812500e+01,8.962117767333984375e+01,3.491418838500976562e+01,1.081192493438720703e+01
2.720043457031250000e+03,7.670997619628906250e+01,9.041697692871093750e+01,6.001578521728515625e+01,1.354630088806152344e+01
3.086566650390625000e+03,8.655804443359375000e+01,9.164904022216796875e+01,7.040322875976562500e+01,1.302820205688476562e+01
2.138279296875000000e+03,5.909615325927734375e+01,8.590980529785156250e+01,5.899790573120117188e+01,1.352771282196044922e+01
3.388583984375000000e+03,9.452062988281250000e+01,9.184832000732421875e+01,7.262084960937500000e+01,1.411139011383056641e+01
2.855960205078125000e+03,7.817439270019531250e+01,8.718835449218750000e+01,2.144861221313476562e+01,1.207293128967285156e+01
3.453901611328125000e+03,9.710012054443359375e+01,9.130110931396484375e+01,6.253503799438476562e+01,1.237254428863525391e+01
9.730811767578125000e+02,2.667605781555175781e+01,8.985466003417968750e+01,4.998232650756835938e+01,1.284748649597167969e+01
2.582280517578125000e+03,7.284194183349609375e+01,9.235509490966796875e+01,6.813410949707031250e+01,1.290546512603759766e+01
1.897861328125000000e+03,5.335177230834960938e+01,8.802338409423828125e+01,9.055850982666015625e+01,1.302784824371337891e+01
8.682044677734375000e+02,2.448489570617675781e+01,9.113427734375000000e+01,9.043106842041015625e+01,1.319213485717773438e+01
1.168136962890625000e+03,3.266399383544921875e+01,9.071115875244140625e+01,6.859990692138671875e+01,1.244509696960449219e+01
9.422639160156250000e+02,2.596307754516601562e+01,8.842435455322265625e+01,9.994894409179687500e+01,1.275672912597656250e+01
2.116244384765625000e+03,5.879042434692382812e+01,9.119416809082031250e+01,2.679032897949218750e+01,1.249323654174804688e+01
2.984281982421875000e+03,8.303131866455078125e+01,8.946839141845703125e+01,4.090351486206054688e+01,1.221677875518798828e+01
3.914826171875000000e+03,1.096035461425781250e+02,8.525251770019531250e+01,2.737266159057617188e+01,1.239314365386962891e+01
8.562236938476562500e+02,2.423485183715820312e+01,8.673445129394531250e+01,2.793833351135253906e+01,1.208678340911865234e+01
6.740412597656250000e+03,3.382880401611328125e+01,9.359986877441406250e+01,7.155001068115234375e+01,1.428559970855712891e+01
2.469213867187500000e+03,7.006036376953125000e+01,9.231130981445312500e+01,7.531826019287109375e+01,1.297759723663330078e+01
3.621948486328125000e+03,1.013076705932617188e+02,9.311347961425781250e+01,3.725957489013671875e+01,1.365880298614501953e+01
3.364215332031250000e+03,9.419371032714843750e+01,8.742800903320312500e+01,5.270220565795898438e+01,1.255861186981201172e+01
3.402424804687500000e+03,9.531062316894531250e+01,8.595555877685546875e+01,3.306901168823242188e+01,1.433784961700439453e+01
1.001013122558593750e+03,2.767682647705078125e+01,8.982080078125000000e+01,9.218097686767578125e+01,1.278919124603271484e+01
3.207813720703125000e+03,8.979341888427734375e+01,9.425928497314453125e+01,4.263862228393554688e+01,1.247665691375732422e+01
2.080282226562500000e+03,5.778386306762695312e+01,8.779202270507812500e+01,4.510852813720703125e+01,1.254970645904541016e+01
2.048841796875000000e+03,5.682229995727539062e+01,9.200820922851562500e+01,9.658699035644531250e+01,1.411557579040527344e+01
9.626670532226562500e+02,2.811756896972656250e+01,8.969004821777343750e+01,8.967553710937500000e+01,1.318890285491943359e+01
2.375645019531250000e+03,6.659989166259765625e+01,8.896038818359375000e+01,6.422625732421875000e+01,1.408490657806396484e+01
3.257143554687500000e+03,9.138092803955078125e+01,9.089506530761718750e+01,8.651834869384765625e+01,1.279496097564697266e+01
1.219959960937500000e+03,3.356081390380859375e+01,9.491786956787109375e+01,1.572603225708007812e+01,1.274634170532226562e+01
2.960978027343750000e+03,8.219551849365234375e+01,9.273720550537109375e+01,8.654565429687500000e+01,1.384857845306396484e+01
3.273399658203125000e+03,9.120862579345703125e+01,8.754263305664062500e+01,9.187937164306640625e+01,1.313614368438720703e+01
2.932270019531250000e+03,8.229450225830078125e+01,9.061033630371093750e+01,9.896413421630859375e+01,1.291445827484130859e+01
1.828548706054687500e+03,5.115497589111328125e+01,9.184780883789062500e+01,2.477437973022460938e+01,1.315067291259765625e+01
1.595758911132812500e+03,4.463638305664062500e+01,8.597544860839843750e+01,6.484481811523437500e+01,1.395709514617919922e+01
2.647851318359375000e+03,7.325574493408203125e+01,9.006713867187500000e+01,9.237853240966796875e+01,1.211950492858886719e+01
2.841674804687500000e+03,8.032317352294921875e+01,8.943486022949218750e+01,2.219684791564941406e+01,1.322612667083740234e+01
2.196213378906250000e+03,6.137605667114257812e+01,8.534838104248046875e+01,6.522576141357421875e+01,1.405781841278076172e+01
3.978666503906250000e+03,1.115584793090820312e+02,8.576968383789062500e+01,5.897552490234375000e+01,1.206066703796386719e+01
3.393643066406250000e+03,9.450908660888671875e+01,9.437161254882812500e+01,2.506841278076171875e+01,1.218599414825439453e+01
1.839250366210937500e+03,5.168039321899414062e+01,9.487143707275390625e+01,2.304593276977539062e+01,1.361706638336181641e+01
2.491526123046875000e+03,6.967990112304687500e+01,9.463657379150390625e+01,9.114871978759765625e+01,1.443226242065429688e+01
1.878138427734375000e+03,5.279811477661132812e+01,8.595503997802734375e+01,7.403609466552734375e+01,1.270614814758300781e+01
1.197307617187500000e+03,3.399850463867187500e+01,9.101474761962890625e+01,4.853500747680664062e+01,1.268747711181640625e+01
1.431942626953125000e+03,4.081189346313476562e+01,9.323067474365234375e+01,9.021496582031250000e+01,1.419369220733642578e+01
1.358988769531250000e+03,3.750841903686523438e+01,8.747119140625000000e+01,6.622688293457031250e+01,1.239041328430175781e+01
3.484534423828125000e+03,9.782324218750000000e+01,9.060948944091796875e+01,5.417978668212890625e+01,1.287520027160644531e+01
1.470708618164062500e+03,4.132792663574218750e+01,9.073096466064453125e+01,9.988632202148437500e+01,1.206481552124023438e+01
1.877346557617187500e+03,5.271725463867187500e+01,9.256546783447265625e+01,3.281008148193359375e+01,1.405410194396972656e+01
1.921153808593750000e+03,5.318783950805664062e+01,9.432194519042968750e+01,2.826972579956054688e+01,1.217240524291992188e+01
2.730254882812500000e+03,7.606388092041015625e+01,9.056659698486328125e+01,2.557806587219238281e+01,1.444050216674804688e+01
1.683647583007812500e+03,4.717224884033203125e+01,8.701914978027343750e+01,5.474718093872070312e+01,1.392697334289550781e+01
1.791968261718750000e+03,-5.358065366744995117e-01,8.962461090087890625e+01,7.403112030029296875e+01,1.396186923980712891e+01
3.595708007812500000e+03,1.014397659301757812e+02,8.988964080810546875e+01,2.971721410751342773e+00,1.202220058441162109e+01
1.648410522460937500e+03,4.721064376831054688e+01,9.057110595703125000e+01,2.273172569274902344e+01,1.322469520568847656e+01
3.318624511718750000e+03,9.293089294433593750e+01,8.894570159912109375e+01,3.868228530883789062e+01,1.270010185241699219e+01
1.426669921875000000e+03,3.967834854125976562e+01,8.715960693359375000e+01,1.651616859436035156e+01,1.449264430999755859e+01
8.230930175781250000e+02,2.338199043273925781e+01,1.396797027587890625e+02,1.478785705566406250e+01,1.340975570678710938e+01
8.729970092773437500e+02,2.506428146362304688e+01,9.327621459960937500e+01,1.532131862640380859e+01,1.271319866180419922e+01
3.407687255859375000e+03,9.583832550048828125e+01,9.420400238037109375e+01,4.079245758056640625e+01,1.297417831420898438e+01
1.596297729492187500e+03,4.476006317138671875e+01,8.548344421386718750e+01,3.917074203491210938e+01,1.243171405792236328e+01
1.888444702148437500e+03,5.263121795654296875e+01,8.657601165771484375e+01,1.035102653503417969e+01,1.325748825073242188e+01
3.409402343750000000e+03,9.490258789062500000e+01,8.623302459716796875e+01,8.326000213623046875e+01,1.276393032073974609e+01
3.435758300781250000e+03,9.687179565429687500e+01,8.563283538818359375e+01,7.586009216308593750e+01,1.334077644348144531e+01
1.544169311523437500e+03,4.358684539794921875e+01,9.419651031494140625e+01,3.511049270629882812e+01,1.409117794036865234e+01
3.847910888671875000e+03,1.076103744506835938e+02,8.715500640869140625e+01,1.901194763183593750e+01,1.238064002990722656e+01
3.171778564453125000e+03,8.909153747558593750e+01,9.048814392089843750e+01,4.501900100708007812e+01,1.356214523315429688e+01
3.536356689453125000e+03,9.996693420410156250e+01,8.664877319335937500e+01,2.980479240417480469e+01,1.447483348846435547e+01
1.750004760742187500e+03,4.965015411376953125e+01,9.416348266601562500e+01,4.809104156494140625e+01,1.282090282440185547e+01
3.449919433593750000e+03,9.710560607910156250e+01,9.362870025634765625e+01,8.148812103271484375e+01,1.269086837768554688e+01
3.006424804687500000e+03,8.446726989746093750e+01,8.921685791015625000e+01,6.901417255401611328e+00,1.349394130706787109e+01
2.325974609375000000e+03,6.525309753417968750e+01,9.483845520019531250e+01,7.221671295166015625e+01,1.394515895843505859e+01
3.315859619140625000e+03,9.334288024902343750e+01,8.786301422119140625e+01,9.750893402099609375e+01,1.432122707366943359e+01
3.533524414062500000e+03,9.802555084228515625e+01,8.532832336425781250e+01,7.414922332763671875e+01,1.410578441619873047e+01
2.480527099609375000e+03,6.989296722412109375e+01,9.209600830078125000e+01,6.104944992065429688e+01,1.322495174407958984e+01
1.485759887695312500e+03,4.092882537841796875e+01,9.012549591064453125e+01,7.831449890136718750e+01,1.406815433502197266e+01
3.803236572265625000e+03,1.056080169677734375e+02,8.941222381591796875e+01,8.766781616210937500e+01,1.331864452362060547e+01
3.416341308593750000e+03,9.531221771240234375e+01,9.236474609375000000e+01,6.345426177978515625e+01,1.319838714599609375e+01
1.862276489257812500e+03,5.129225921630859375e+01,8.691201019287109375e+01,6.474533081054687500e+01,1.447795009613037109e+01
2.569158203125000000e+03,7.232670593261718750e+01,9.344730377197265625e+01,8.351615142822265625e+01,1.307407283782958984e+01
2.332106445312500000e+03,6.511599731445312500e+01,9.344927978515625000e+01,4.164394140243530273e-01,1.297375869750976562e+01
2.861630615234375000e+03,7.998303222656250000e+01,8.764466857910156250e+01,3.042717933654785156e+01,1.239255809783935547e+01
2.585237304687500000e+03,7.167578125000000000e+01,9.181389617919921875e+01,2.343666267395019531e+01,1.337689685821533203e+01
3.621523925781250000e+03,1.014212341308593750e+02,9.421654510498046875e+01,7.204045867919921875e+01,1.261201667785644531e+01
2.272429443359375000e+03,6.320733261108398438e+01,9.467698669433593750e+01,1.079179477691650391e+01,1.349513816833496094e+01
1.196863403320312500e+03,3.361104202270507812e+01,8.813325500488281250e+01,8.468338012695312500e+01,1.294710636138916016e+01
2.088022705078125000e+03,5.971850204467773438e+01,8.811387634277343750e+01,1.725119400024414062e+01,1.417341899871826172e+01
1.828880249023437500e+03,5.111677169799804688e+01,9.429209136962890625e+01,2.274760055541992188e+01,1.328063774108886719e+01
3.423309814453125000e+03,9.655615234375000000e+01,8.838046264648437500e+01,3.248071670532226562e+01,1.268853282928466797e+01
3.362789062500000000e+03,9.427891540527343750e+01,8.734535217285156250e+01,6.218977737426757812e+01,1.414531326293945312e+01
8.665551757812500000e+02,2.495489883422851562e+01,9.123382568359375000e+01,4.814718246459960938e+01,1.369282627105712891e+01
2.030414062500000000e+03,5.737617874145507812e+01,9.198189544677734375e+01,2.070205497741699219e+01,1.275517845153808594e+01
2.339407958984375000e+03,6.523413085937500000e+01,9.242476654052734375e+01,4.469686508178710938e+00,1.302326107025146484e+01
1.290030639648437500e+03,3.629891967773437500e+01,8.624275207519531250e+01,4.590091323852539062e+01,1.357299518585205078e+01
1.901624877929687500e+03,5.307373046875000000e+01,9.127445983886718750e+01,5.203551864624023438e+01,1.399509906768798828e+01
9.296865234375000000e+02,2.594099807739257812e+01,9.123359680175781250e+01,5.142617416381835938e+01,1.396768665313720703e+01
2.432850585937500000e+03,6.777330780029296875e+01,9.350408172607421875e+01,3.401531982421875000e+01,1.225694179534912109e+01
3.904844482421875000e+03,-7.746881842613220215e-01,8.942584991455078125e+01,6.745795440673828125e+01,1.395070838928222656e+01
3.749301025390625000e+03,1.052036285400390625e+02,8.919931793212890625e+01,8.510356140136718750e+01,1.332630252838134766e+01
3.600773681640625000e+03,1.001696548461914062e+02,9.359709930419921875e+01,3.818754196166992188e+01,1.389117240905761719e+01
8.775376586914062500e+02,2.379951095581054688e+01,9.116596984863281250e+01,2.189987945556640625e+01,1.278661918640136719e+01
2.712893798828125000e+03,7.628139495849609375e+01,8.744475555419921875e+01,8.828092956542968750e+01,1.293480491638183594e+01
1.178003906250000000e+03,3.247010421752929688e+01,8.938178253173828125e+01,6.903312683105468750e+01,1.343816947937011719e+01
3.303244384765625000e+03,9.260012817382812500e+01,8.927310180664062500e+01,2.882653617858886719e+01,1.406046295166015625e+01
3.657484130859375000e+03,1.020997924804687500e+02,8.525581359863281250e+01,7.226048278808593750e+01,1.432256126403808594e+01
2.313694824218750000e+03,6.464271545410156250e+01,8.774665832519531250e+01,7.121847534179687500e+01,1.239765548706054688e+01
1.909568237304687500e+03,5.378466796875000000e+01,9.068094635009765625e+01,3.486355972290039062e+01,1.282023525238037109e+01
1.039995117187500000e+03,2.864739799499511719e+01,8.581919860839843750e+01,2.756654357910156250e+01,1.363872814178466797e+01
2.392614501953125000e+03,6.642922210693359375e+01,8.950057983398437500e+01,2.609186363220214844e+01,1.216501808166503906e+01
1.236704467773437500e+03,3.507561874389648438e+01,8.550345611572265625e+01,1.284624814987182617e+00,1.245747280120849609e+01
2.204650878906250000e+03,6.166762161254882812e+01,8.951673889160156250e+01,7.227129364013671875e+01,1.315631580352783203e+01
3.730270263671875000e+03,1.043926086425781250e+02,8.613835144042968750e+01,7.575439453125000000e+01,1.441410064697265625e+01
2.960518798828125000e+03,8.292733001708984375e+01,8.951799774169921875e+01,4.357777404785156250e+01,1.393377399444580078e+01
3.827278320312500000e+03,1.069924011230468750e+02,9.078017425537109375e+01,6.997759246826171875e+01,1.362308311462402344e+01
1.370029296875000000e+03,3.886664962768554688e+01,9.264813232421875000e+01,8.359210968017578125e+01,1.246613788604736328e+01
2.089186279296875000e+03,5.821357345581054688e+01,8.722615814208984375e+01,7.760809326171875000e+01,1.262126064300537109e+01
3.666338623046875000e+03,1.017929458618164062e+02,9.384514617919921875e+01,7.629902648925781250e+01,1.260185718536376953e+01
3.394770751953125000e+03,9.467920684814453125e+01,9.279579162597656250e+01,6.497032165527343750e+01,1.222447586059570312e+01
3.716805664062500000e+03,1.029977951049804688e+02,8.532305908203125000e+01,2.662270927429199219e+01,1.320138931274414062e+01
3.192107910156250000e+03,8.901258850097656250e+01,8.821440124511718750e+01,4.725000762939453125e+01,1.348301887512207031e+01
8.457780151367187500e+02,2.365231513977050781e+01,9.304235076904296875e+01,3.128644704818725586e+00,1.214246559143066406e+01
1.774426269531250000e+03,4.937891006469726562e+01,9.091347503662109375e+01,9.612070465087890625e+01,1.287501525878906250e+01
1.051441162109375000e+03,2.928257560729980469e+01,8.622856903076171875e+01,2.008509445190429688e+01,1.402421474456787109e+01
1.417706298828125000e+03,4.037466430664062500e+01,8.601615142822265625e+01,2.699191474914550781e+01,1.366380119323730469e+01
3.567568603515625000e+03,9.919781494140625000e+01,9.308549499511718750e+01,1.237681961059570312e+01,1.436782264709472656e+01
2.946208740234375000e+03,-6.879526972770690918e-01,9.291365814208984375e+01,8.980855560302734375e+01,1.321817779541015625e+01
1.849709106445312500e+03,5.268614578247070312e+01,8.870231628417968750e+01,5.430395126342773438e+00,1.303595066070556641e+01
1.458205810546875000e+03,3.989662170410156250e+01,9.079998779296875000e+01,1.121773529052734375e+01,1.423995590209960938e+01
1.895588745117187500e+03,5.326783370971679688e+01,9.427403259277343750e+01,4.968044662475585938e+01,1.276679134368896484e+01
2.540449462890625000e+03,7.085903167724609375e+01,9.155510711669921875e+01,7.966936492919921875e+01,1.373232936859130859e+01
3.102281494140625000e+03,8.698021697998046875e+01,9.127308654785156250e+01,5.840979766845703125e+01,1.362461662292480469e+01
1.564113037109375000e+03,4.338676834106445312e+01,8.755124664306640625e+01,5.111437606811523438e+01,1.437161636352539062e+01
3.997101074218750000e+03,1.115854339599609375e+02,9.005357360839843750e+01,8.848229980468750000e+01,1.376983070373535156e+01
3.221686523437500000e+03,9.021453857421875000e+01,9.263633728027343750e+01,3.527374029159545898e+00,1.244291019439697266e+01
3.115266845703125000e+03,8.747516632080078125e+01,9.385299682617187500e+01,4.539746093750000000e+01,1.358717060089111328e+01
2.415479492187500000e+03,6.797299957275390625e+01,9.218515014648437500e+01,2.078513717651367188e+01,1.345384502410888672e+01
1.574234252929687500e+03,4.398679351806640625e+01,9.349820709228515625e+01,9.544458007812500000e+01,1.370532989501953125e+01
1.549745971679687500e+03,4.286859130859375000e+01,9.449635314941406250e+01,7.660334014892578125e+01,1.419293880462646484e+01
2.644445312500000000e+03,7.385676574707031250e+01,8.595898437500000000e+01,5.648423385620117188e+01,1.334461593627929688e+01
2.012968627929687500e+03,5.630431747436523438e+01,9.241716766357421875e+01,7.311359405517578125e+01,1.395740032196044922e+01
1.423492065429687500e+03,4.049559783935546875e+01,9.475900268554687500e+01,1.275974369049072266e+01,1.389160633087158203e+01
1.662715454101562500e+03,4.539987182617187500e+01,8.961975097656250000e+01,4.037727355957031250e+01,1.289880180358886719e+01
1.529169799804687500e+03,4.281152343750000000e+01,9.157305908203125000e+01,6.864691925048828125e+01,1.248372364044189453e+01
3.913794189453125000e+03,1.091409301757812500e+02,8.825093078613281250e+01,2.588529396057128906e+01,1.309104061126708984e+01
9.201786499023437500e+02,2.605741500854492188e+01,9.048981475830078125e+01,7.239273071289062500e+01,1.221905708312988281e+01
3.720264892578125000e+03,1.035863723754882812e+02,8.969800567626953125e+01,7.334948730468750000e+01,1.419591426849365234e+01
1.313379150390625000e+03,3.605395126342773438e+01,9.382423400878906250e+01,2.652506446838378906e+01,1.370323562622070312e+01
2.307802734375000000e+03,6.398501205444335938e+01,8.800750732421875000e+01,5.019681167602539062e+01,1.203423690795898438e+01
2.429812988281250000e+03,6.821392059326171875e+01,9.453601074218750000e+01,9.440440368652343750e+01,1.223905372619628906e+01
2.984981201171875000e+03,8.410453033447265625e+01,8.923680877685546875e+01,4.818906784057617188e+01,1.235080146789550781e+01
3.757551269531250000e+03,1.052806396484375000e+02,8.902957916259765625e+01,8.589344024658203125e+01,1.354538345336914062e+01
2.909913818359375000e+03,8.206004333496093750e+01,9.348274230957031250e+01,8.464950561523437500e+01,1.329295635223388672e+01
2.916821777343750000e+03,8.189739227294921875e+01,9.333412170410156250e+01,2.051421737670898438e+01,1.230085563659667969e+01
1.411692749023437500e+03,3.929488754272460938e+01,8.512162780761718750e+01,1.819478607177734375e+01,1.247440719604492188e+01
9.975793457031250000e+02,2.835907745361328125e+01,8.657112121582031250e+01,8.478694152832031250e+01,1.407058334350585938e+01
1.074556640625000000e+03,2.943511199951171875e+01,9.008961486816406250e+01,8.284605026245117188e+00,1.403965187072753906e+01
2.877276855468750000e+03,8.043706512451171875e+01,9.262902832031250000e+01,5.810848236083984375e+00,1.291652107238769531e+01
3.526686767578125000e+03,9.913220214843750000e+01,8.894179534912109375e+01,9.656203460693359375e+01,1.344848728179931641e+01
3.875751708984375000e+03,1.097902908325195312e+02,9.029010772705078125e+01,2.725685882568359375e+01,1.266035175323486328e+01
2.301517578125000000e+03,6.371918106079101562e+01,8.605514526367187500e+01,2.737500000000000000e+01,1.407519531250000000e+01
3.554017333984375000e+03,9.898995971679687500e+01,9.167848968505859375e+01,1.293628025054931641e+01,1.268788146972656250e+01
3.880416015625000000e+03,1.091238555908203125e+02,9.203163146972656250e+01,6.927161407470703125e+01,1.367368602752685547e+01
1.655769653320312500e+03,4.609711074829101562e+01,9.201595306396484375e+01,9.771683502197265625e+01,1.294313049316406250e+01
1.491515258789062500e+03,4.161999130249023438e+01,9.096859741210937500e+01,6.889795684814453125e+01,1.363372611999511719e+01
2.500413085937500000e+03,7.040361022949218750e+01,9.121714019775390625e+01,9.895426177978515625e+01,1.424220180511474609e+01
2.649942626953125000e+03,7.465402221679687500e+01,9.182836151123046875e+01,2.371538162231445312e+01,1.215933895111083984e+01
1.607249877929687500e+03,4.556580352783203125e+01,9.089747619628906250e+01,7.707570648193359375e+01,1.340392971038818359e+01
2.484769042968750000e+03,7.014284515380859375e+01,8.565522003173828125e+01,7.854167175292968750e+01,1.270792675018310547e+01
3.347676025390625000e+03,9.383515930175781250e+01,9.018380737304687500e+01,9.662549018859863281e+00,1.358142757415771484e+01
2.606819091796875000e+03,7.287767791748046875e+01,8.501091766357421875e+01,8.660961914062500000e+01,1.307361030578613281e+01
3.032474365234375000e+03,8.439434051513671875e+01,8.882135009765625000e+01,8.285426330566406250e+01,1.259050750732421875e+01
2.819516357421875000e+03,8.010955810546875000e+01,8.890003967285156250e+01,1.248374938964843750e+00,1.243484401702880859e+01
3.357718750000000000e+03,9.393947601318359375e+01,8.952648925781250000e+01,4.205112075805664062e+01,1.351657485961914062e+01
9.707231445312500000e+02,2.684408950805664062e+01,9.483820343017578125e+01,5.315047454833984375e+01,1.400167942047119141e+01
3.025203369140625000e+03,8.510090637207031250e+01,9.223287963867187500e+01,4.486288070678710938e+01,1.239473628997802734e+01
1.447376098632812500e+03,4.046367645263671875e+01,8.654434204101562500e+01,4.542486572265625000e+01,1.419634151458740234e+01
3.387822021484375000e+03,9.496328735351562500e+01,8.916789245605468750e+01,4.309708023071289062e+01,1.290529155731201172e+01
1.494936523437500000e+03,4.143482208251953125e+01,8.648973846435546875e+01,4.056929016113281250e+01,1.327606582641601562e+01
1.725077270507812500e+03,4.868684768676757812e+01,9.053860473632812500e+01,7.544503784179687500e+01,1.349798965454101562e+01
2.305294433593750000e+03,6.546940612792968750e+01,9.216926574707031250e+01,9.912865447998046875e+01,1.206965541839599609e+01
1.544740722656250000e+03,4.411428451538085938e+01,8.656224060058593750e+01,4.220192718505859375e+01,1.378220176696777344e+01
1.925886962890625000e+03,5.458177947998046875e+01,8.963867950439453125e+01,6.792833709716796875e+01,1.428447055816650391e+01
2.347359863281250000e+03,6.540416717529296875e+01,9.298211669921875000e+01,8.870390319824218750e+01,1.296311759948730469e+01
2.000363647460937500e+03,5.626480865478515625e+01,8.792846679687500000e+01,1.226734733581542969e+01,1.225592613220214844e+01
2.688465820312500000e+03,7.524549102783203125e+01,8.511863708496093750e+01,2.227481460571289062e+01,1.294268035888671875e+01
1.522724731445312500e+03,4.217371368408203125e+01,8.597006988525390625e+01,1.936906576156616211e+00,1.220603656768798828e+01
2.242360351562500000e+03,6.279086303710937500e+01,8.964602661132812500e+01,3.438159561157226562e+01,1.265413761138916016e+01
2.058277832031250000e+03,5.732038879394531250e+01,8.774500274658203125e+01,5.503133392333984375e+01,1.427011489868164062e+01
1.770680419921875000e+03,4.979668045043945312e+01,9.496015930175781250e+01,6.366358757019042969e+00,1.406752014160156250e+01
1.770527099609375000e+03,4.994985198974609375e+01,8.981108856201171875e+01,3.184077835083007812e+01,1.358589744567871094e+01
3.913093017578125000e+03,1.094174499511718750e+02,8.559280395507812500e+01,9.415419006347656250e+01,1.235890388488769531e+01
3.979090087890625000e+03,1.120931930541992188e+02,9.455889129638671875e+01,8.090463256835937500e+01,1.409723377227783203e+01
1.771463989257812500e+03,4.941209793090820312e+01,9.296657562255859375e+01,4.618127441406250000e+01,1.256935405731201172e+01
2.313205322265625000e+03,6.491087341308593750e+01,8.603079986572265625e+01,9.282498931884765625e+01,1.322038936614990234e+01
3.011190673828125000e+03,8.376155853271484375e+01,9.028084564208984375e+01,8.759786224365234375e+01,1.256945896148681641e+01
2.859591796875000000e+03,7.941233825683593750e+01,9.207166290283203125e+01,6.653658294677734375e+01,1.211644077301025391e+01
2.845480468750000000e+03,8.005452728271484375e+01,8.516482543945312500e+01,9.580925750732421875e+01,1.346400928497314453e+01
3.975038574218750000e+03,1.111735229492187500e+02,9.160043334960937500e+01,7.563236236572265625e+01,1.232047653198242188e+01
2.337791748046875000e+03,6.542507171630859375e+01,8.741489410400390625e+01,2.650772857666015625e+01,1.291681003570556641e+01
9.481445312500000000e+02,2.651886177062988281e+01,9.325392913818359375e+01,3.215573501586914062e+01,1.234442520141601562e+01
1.915511230468750000e+03,5.321269226074218750e+01,9.116782379150390625e+01,5.072683715820312500e+01,1.393276786804199219e+01
1.947548095703125000e+03,5.482762145996093750e+01,8.803243255615234375e+01,6.821499633789062500e+01,1.221502399444580078e+01
1.885934570312500000e+03,5.322497940063476562e+01,8.555416107177734375e+01,7.774444580078125000e+01,1.361508178710937500e+01
3.641250976562500000e+03,1.014635620117187500e+02,8.631998443603515625e+01,4.745668411254882812e+01,1.270307540893554688e+01
8.639905395507812500e+02,2.487132453918457031e+01,8.992703247070312500e+01,7.202542114257812500e+01,1.218680000305175781e+01
7.036448242187500000e+03,5.187646102905273438e+01,9.474675750732421875e+01,6.681111145019531250e+01,1.419798755645751953e+01
1.191072143554687500e+03,3.353516387939453125e+01,8.746369934082031250e+01,6.063910293579101562e+01,1.209256649017333984e+01
3.318052490234375000e+03,9.265216827392578125e+01,8.746724700927734375e+01,7.365232086181640625e+01,1.369493007659912109e+01
3.046696044921875000e+03,8.539885711669921875e+01,8.956295013427734375e+01,6.695211791992187500e+01,1.310377025604248047e+01
2.926848632812500000e+03,8.219160461425781250e+01,8.775634765625000000e+01,9.422986030578613281e+00,1.247681808471679688e+01
3.744280517578125000e+03,1.053871307373046875e+02,8.591164398193359375e+01,5.284859085083007812e+01,1.317705917358398438e+01
1.510247192382812500e+03,4.346680831909179688e+01,9.159313964843750000e+01,7.809189605712890625e+01,1.390238285064697266e+01
2.028447753906250000e+03,5.663263702392578125e+01,8.967947387695312500e+01,2.551979827880859375e+01,1.258955383300781250e+01
3.995825683593750000e+03,1.120757675170898438e+02,8.683934783935546875e+01,2.817669486999511719e+01,1.306353855133056641e+01
3.118651123046875000e+03,8.743304443359375000e+01,8.772944641113281250e+01,6.307762908935546875e+01,1.371585655212402344e+01
1.820782958984375000e+03,5.189921188354492188e+01,1.232397384643554688e+02,6.036733245849609375e+01,1.353107738494873047e+01
3.854997314453125000e+03,1.072706985473632812e+02,9.093654632568359375e+01,2.095267677307128906e+01,1.261110973358154297e+01
1.277905639648437500e+03,3.556413269042968750e+01,8.622013092041015625e+01,7.056351470947265625e+01,1.304250049591064453e+01
2.506220703125000000e+03,7.065869903564453125e+01,8.594060516357421875e+01,9.844223785400390625e+01,1.284175205230712891e+01
3.225880859375000000e+03,8.998419952392578125e+01,9.470697784423828125e+01,8.931211090087890625e+01,1.394595909118652344e+01
1.959973999023437500e+03,5.500755691528320312e+01,8.680622100830078125e+01,5.878232192993164062e+01,1.235960483551025391e+01
2.290106445312500000e+03,6.364880752563476562e+01,9.236299133300781250e+01,2.682869529724121094e+01,1.323137283325195312e+01
1.167629150390625000e+03,3.345667648315429688e+01,9.448034667968750000e+01,7.772971343994140625e+01,1.286517429351806641e+01
3.449397460937500000e+03,9.658400726318359375e+01,9.033639526367187500e+01,2.594756126403808594e+01,1.303192138671875000e+01
1.465770141601562500e+03,4.171142959594726562e+01,8.767610931396484375e+01,3.323316335678100586e+00,1.212893962860107422e+01
3.747015136718750000e+03,1.049360504150390625e+02,9.493764495849609375e+01,2.783061981201171875e+01,1.449226570129394531e+01
3.220541748046875000e+03,8.982112121582031250e+01,8.812612152099609375e+01,5.811495184898376465e-01,1.361784362792968750e+01
7.067323730468750000e+03,1.073033599853515625e+02,9.351595306396484375e+01,9.907923126220703125e+01,1.385202598571777344e+01
3.271255615234375000e+03,9.179778289794921875e+01,9.483005523681640625e+01,6.860475158691406250e+01,1.226035785675048828e+01
2.279310058593750000e+03,6.381147384643554688e+01,8.639090728759765625e+01,7.477901458740234375e+01,1.412343025207519531e+01
9.264398803710937500e+02,2.670896339416503906e+01,8.955760192871093750e+01,5.336840057373046875e+01,1.263726234436035156e+01
1.154223632812500000e+03,3.271612167358398438e+01,9.239943695068359375e+01,5.520223140716552734e+00,1.402442264556884766e+01
2.478719238281250000e+03,6.931658172607421875e+01,8.744687652587890625e+01,8.825237274169921875e+01,1.209422397613525391e+01
1.375433105468750000e+03,3.902618789672851562e+01,8.695932769775390625e+01,7.956044006347656250e+01,1.273208045959472656e+01
1.050197387695312500e+03,2.974398040771484375e+01,8.526599121093750000e+01,1.382263660430908203e+01,1.332354259490966797e+01
2.875867187500000000e+03,8.106587219238281250e+01,8.569880676269531250e+01,2.793187713623046875e+01,1.311743545532226562e+01
1.551488525390625000e+03,4.268058013916015625e+01,8.838305664062500000e+01,8.157306671142578125e+01,1.295835685729980469e+01
2.617407226562500000e+03,7.304501342773437500e+01,9.451293945312500000e+01,3.224095535278320312e+01,1.358817481994628906e+01
2.451671386718750000e+03,6.882584381103515625e+01,9.001775360107421875e+01,8.382970428466796875e+01,1.265630149841308594e+01
1.070535888671875000e+03,2.958329200744628906e+01,8.591685485839843750e+01,1.693040275573730469e+01,1.205959987640380859e+01
2.458496093750000000e+03,6.977781677246093750e+01,9.274700927734375000e+01,2.264836502075195312e+01,1.435208606719970703e+01
1.602620361328125000e+03,4.513012313842773438e+01,8.799887847900390625e+01,1.204182910919189453e+01,1.395674419403076172e+01
3.550391601562500000e+03,9.977547454833984375e+01,8.501725006103515625e+01,4.877941513061523438e+01,1.266154098510742188e+01
1.340648559570312500e+03,3.804258346557617188e+01,8.830841064453125000e+01,2.806202125549316406e+01,1.409106254577636719e+01
2.107253417968750000e+03,5.939884185791015625e+01,8.840344238281250000e+01,8.748972320556640625e+01,1.268425083160400391e+01
1.020604675292968750e+03,2.771905136108398438e+01,9.489077758789062500e+01,9.469161987304687500e+01,1.226500606536865234e+01
2.914660156250000000e+03,8.029965972900390625e+01,9.016928100585937500e+01,6.384450149536132812e+01,1.253612422943115234e+01
2.946570312500000000e+03,8.261470794677734375e+01,9.240773010253906250e+01,9.958065032958984375e+01,1.210244369506835938e+01
3.694960205078125000e+03,1.033002166748046875e+02,9.446869659423828125e+01,8.848125457763671875e+01,1.347595977783203125e+01
9.939678955078125000e+02,2.779300308227539062e+01,8.594862365722656250e+01,9.840959548950195312e+00,1.352722454071044922e+01
3.696596191406250000e+03,1.035387420654296875e+02,8.855059814453125000e+01,6.403749847412109375e+01,1.336534881591796875e+01
2.439983398437500000e+03,6.820220184326171875e+01,8.982687377929687500e+01,5.518729209899902344e+00,1.406696605682373047e+01
3.194186523437500000e+03,8.987422943115234375e+01,8.931893157958984375e+01,3.445051670074462891e+00,1.334671211242675781e+01
3.523190673828125000e+03,9.747719573974609375e+01,8.727661132812500000e+01,5.053598880767822266e+00,1.416855907440185547e+01
3.595596679687500000e+03,1.014098205566406250e+02,9.128829193115234375e+01,3.672674560546875000e+01,1.448944568634033203e+01
3.230389160156250000e+03,9.074975585937500000e+01,9.482669067382812500e+01,3.890887975692749023e+00,1.355205249786376953e+01
3.122190917968750000e+03,8.743511199951171875e+01,8.910319519042968750e+01,5.155083084106445312e+01,1.220057296752929688e+01
1.510722412109375000e+03,4.225083923339843750e+01,9.345951843261718750e+01,8.624315643310546875e+01,1.385118961334228516e+01
2.262377197265625000e+03,6.323393249511718750e+01,9.354407501220703125e+01,9.429256439208984375e+01,1.224878692626953125e+01
2.321843505859375000e+03,6.545444488525390625e+01,9.158677673339843750e+01,4.110322570800781250e+01,1.342940998077392578e+01
1.600803955078125000e+03,4.493268585205078125e+01,9.017128753662109375e+01,2.333684539794921875e+01,1.312817573547363281e+01
2.307349853515625000e+03,6.499607086181640625e+01,9.465116882324218750e+01,5.948686218261718750e+01,1.253033447265625000e+01
2.432296386718750000e+03,6.935695648193359375e+01,9.279975891113281250e+01,3.236302566528320312e+01,1.223631191253662109e+01
3.842076416015625000e+03,1.071733779907226562e+02,9.427838134765625000e+01,6.010005569458007812e+01,1.289327239990234375e+01
1.544199096679687500e+03,4.387611770629882812e+01,9.271032714843750000e+01,9.365766906738281250e+01,1.401654911041259766e+01
1.884824829101562500e+03,5.231753158569335938e+01,8.589731597900390625e+01,2.520494699478149414e+00,1.250528621673583984e+01
9.982048339843750000e+02,2.782519149780273438e+01,9.328878784179687500e+01,8.442941284179687500e+01,1.208518505096435547e+01
3.608249267578125000e+03,1.008816986083984375e+02,9.273731994628906250e+01,1.471421241760253906e+01,1.374565601348876953e+01
3.296387695312500000e+03,9.122726440429687500e+01,8.994522094726562500e+01,8.326844024658203125e+01,1.331832122802734375e+01
3.309449707031250000e+03,9.182569885253906250e+01,8.864185333251953125e+01,9.277665710449218750e+01,1.292435455322265625e+01
2.377443847656250000e+03,6.673363494873046875e+01,9.323426055908203125e+01,4.861811828613281250e+01,1.413176918029785156e+01
2.423336669921875000e+03,6.720210266113281250e+01,8.504007720947265625e+01,1.657980203628540039e+00,1.448271179199218750e+01
3.739007812500000000e+03,1.039585418701171875e+02,1.351362457275390625e+02,6.352169418334960938e+01,1.294055271148681641e+01
2.101089843750000000e+03,5.928340148925781250e+01,8.876017761230468750e+01,3.738310623168945312e+01,1.215866184234619141e+01
3.107078857421875000e+03,8.628734588623046875e+01,8.783032226562500000e+01,4.225170516967773438e+01,1.224257564544677734e+01
2.128884521484375000e+03,5.956750869750976562e+01,8.969343566894531250e+01,4.311378479003906250e+01,1.370974922180175781e+01
3.816274169921875000e+03,-6.483930945396423340e-01,9.040663909912109375e+01,2.908437919616699219e+01,1.404239273071289062e+01
3.777901611328125000e+03,1.057912673950195312e+02,9.319528198242187500e+01,6.539054107666015625e+01,1.377500247955322266e+01
1.012988342285156250e+03,2.817954826354980469e+01,8.646173095703125000e+01,8.246641540527343750e+01,1.277583694458007812e+01
1.914626953125000000e+03,5.399246215820312500e+01,9.058956909179687500e+01,2.352599525451660156e+01,1.213222122192382812e+01
1.723310668945312500e+03,4.879902648925781250e+01,8.545071411132812500e+01,3.594347381591796875e+01,1.377921104431152344e+01
1.081484008789062500e+03,3.086248588562011719e+01,8.717331695556640625e+01,6.276327610015869141e+00,1.200931358337402344e+01
2.058700683593750000e+03,5.761079788208007812e+01,8.605707550048828125e+01,1.676743888854980469e+01,1.300275325775146484e+01
2.760388671875000000e+03,7.737535095214843750e+01,9.000326538085937500e+01,1.531368541717529297e+01,1.325151062011718750e+01
2.242218994140625000e+03,6.222014617919921875e+01,8.774202728271484375e+01,7.292712402343750000e+01,1.277412986755371094e+01
2.797727539062500000e+03,7.937450408935546875e+01,9.201690673828125000e+01,1.020567226409912109e+01,1.291749095916748047e+01
1.735771362304687500e+03,4.877288436889648438e+01,8.825820159912109375e+01,1.663108229637145996e+00,1.242473220825195312e+01
1.429353027343750000e+03,4.017850494384765625e+01,8.864108276367187500e+01,4.825374603271484375e+01,1.431031131744384766e+01
2.395646484375000000e+03,6.712135314941406250e+01,8.897525024414062500e+01,5.847526931762695312e+01,1.232013130187988281e+01
1.751145874023437500e+03,4.924172210693359375e+01,9.375331115722656250e+01,5.388422966003417969e+00,1.435359191894531250e+01
1.146651611328125000e+03,3.259217071533203125e+01,9.125061035156250000e+01,1.008575916290283203e+01,1.271703624725341797e+01
1.428746459960937500e+03,3.991135787963867188e+01,9.348731994628906250e+01,5.464456939697265625e+01,1.424011039733886719e+01
1.953251953125000000e+03,5.478605270385742188e+01,8.605767822265625000e+01,9.505337715148925781e+00,1.364783382415771484e+01
2.608473876953125000e+03,7.337018585205078125e+01,8.750608825683593750e+01,4.527717590332031250e+01,1.221934413909912109e+01
3.872427246093750000e+03,1.084669876098632812e+02,9.145712280273437500e+01,7.438321685791015625e+01,1.379823112487792969e+01
1.001376037597656250e+03,2.744530487060546875e+01,8.707730865478515625e+01,6.828946685791015625e+01,1.232072830200195312e+01
3.244444335937500000e+03,9.038228607177734375e+01,8.586595916748046875e+01,9.984727478027343750e+01,1.316509914398193359e+01
1.397318725585937500e+03,3.824668502807617188e+01,8.532936096191406250e+01,2.252973365783691406e+01,1.381003093719482422e+01
2.292853515625000000e+03,6.522156524658203125e+01,8.825581359863281250e+01,3.425122070312500000e+01,1.369070529937744141e+01
1.358518798828125000e+03,3.793138885498046875e+01,8.996289062500000000e+01,9.192456054687500000e+01,1.208148097991943359e+01
3.030572021484375000e+03,8.528037261962890625e+01,9.391644287109375000e+01,2.739918899536132812e+01,1.430900287628173828e+01
2.933552490234375000e+03,8.286321258544921875e+01,8.657832336425781250e+01,2.859152984619140625e+01,1.294465446472167969e+01
3.998391113281250000e+03,1.114095230102539062e+02,8.729589080810546875e+01,2.964182281494140625e+01,1.035601520538330078e+01
2.970479492187500000e+03,8.424552154541015625e+01,8.667866516113281250e+01,6.738215637207031250e+01,1.246850013732910156e+01
3.858275634765625000e+03,1.083666763305664062e+02,8.555464172363281250e+01,2.963112831115722656e+01,1.239199447631835938e+01
1.057743774414062500e+03,3.042481803894042969e+01,9.364074707031250000e+01,1.432988357543945312e+01,1.272079658508300781e+01
3.890181884765625000e+03,1.090321502685546875e+02,8.984166717529296875e+01,8.046021270751953125e+01,1.393206310272216797e+01
2.646024658203125000e+03,7.415608215332031250e+01,9.426408386230468750e+01,2.673051643371582031e+01,1.417751693725585938e+01
1.591221069335937500e+03,4.360528182983398438e+01,9.360563659667968750e+01,2.263975334167480469e+01,1.325794601440429688e+01
2.977092285156250000e+03,8.309004211425781250e+01,9.244586181640625000e+01,1.343285465240478516e+01,1.311587715148925781e+01
3.092277832031250000e+03,8.661605834960937500e+01,9.370387268066406250e+01,6.724368286132812500e+01,1.290666198730468750e+01
3.957478027343750000e+03,1.114552307128906250e+02,8.592785644531250000e+01,5.620091629028320312e+01,1.231640911102294922e+01
1.447742797851562500e+03,3.989295578002929688e+01,9.328402709960937500e+01,8.619565582275390625e+01,1.243821334838867188e+01
2.771234863281250000e+03,7.740044403076171875e+01,9.195478057861328125e+01,7.007271575927734375e+01,1.313865089416503906e+01
2.680069580078125000e+03,7.537622833251953125e+01,8.937127685546875000e+01,7.561208343505859375e+01,1.449416828155517578e+01
3.283921386718750000e+03,9.123991394042968750e+01,9.424335479736328125e+01,1.706836318969726562e+01,1.215103340148925781e+01
2.667650146484375000e+03,7.538806152343750000e+01,9.045178985595703125e+01,5.936287879943847656e+00,1.374574089050292969e+01
2.096318359375000000e+03,5.933510971069335938e+01,9.255075073242187500e+01,7.475714111328125000e+01,1.321635913848876953e+01
3.595825195312500000e+03,1.012340011596679688e+02,8.932294464111328125e+01,3.580262374877929688e+01,1.403972053527832031e+01
2.033779663085937500e+03,5.654018020629882812e+01,9.035445404052734375e+01,9.954090881347656250e+01,1.442247962951660156e+01
2.901614746093750000e+03,8.186479187011718750e+01,9.239775085449218750e+01,7.186584472656250000e+01,1.221467685699462891e+01
3.357296386718750000e+03,9.498033142089843750e+01,8.860389709472656250e+01,8.653495788574218750e+01,1.390636348724365234e+01
3.756736572265625000e+03,1.056034088134765625e+02,9.451954650878906250e+01,8.136568450927734375e+01,1.377894401550292969e+01
9.750003662109375000e+02,2.706496047973632812e+01,9.326335144042968750e+01,1.530192089080810547e+01,1.244745731353759766e+01
2.072879150390625000e+03,5.764957427978515625e+01,9.437311553955078125e+01,9.570404815673828125e+01,1.306398200988769531e+01
1.424384155273437500e+03,3.962031936645507812e+01,8.854164886474609375e+01,4.833990097045898438e+01,1.255704975128173828e+01
1.503825195312500000e+03,4.170260238647460938e+01,8.588899993896484375e+01,7.323671722412109375e+01,1.267031860351562500e+01
2.803552001953125000e+03,7.794977569580078125e+01,8.866767883300781250e+01,5.465934371948242188e+01,1.281299400329589844e+01
2.804480224609375000e+03,7.833255004882812500e+01,8.994371032714843750e+01,2.977206039428710938e+01,1.449065208435058594e+01
1.480151733398437500e+03,4.190962219238281250e+01,8.729537963867187500e+01,8.406719970703125000e+01,1.287068367004394531e+01
2.540383300781250000e+03,7.178459167480468750e+01,8.689447021484375000e+01,1.533904266357421875e+01,1.307992362976074219e+01
3.053877441406250000e+03,8.484018707275390625e+01,8.990665435791015625e+01,6.624308776855468750e+01,1.424334144592285156e+01
3.971110351562500000e+03,1.106981048583984375e+02,8.755308532714843750e+01,2.359157562255859375e+01,1.426985359191894531e+01
1.559473632812500000e+03,4.273379135131835938e+01,8.657102203369140625e+01,9.582769012451171875e+01,1.263051033020019531e+01
3.785282470703125000e+03,1.067055587768554688e+02,8.569640350341796875e+01,1.379975128173828125e+01,1.397684478759765625e+01
3.765803466796875000e+03,1.059029693603515625e+02,8.771530914306640625e+01,8.988586425781250000e+01,1.230228328704833984e+01
2.959797119140625000e+03,8.295989227294921875e+01,9.085383605957031250e+01,1.264677619934082031e+01,1.376104640960693359e+01
3.868132568359375000e+03,1.088129730224609375e+02,8.924226379394531250e+01,3.324448394775390625e+01,1.420882892608642578e+01
2.445745849609375000e+03,6.841839599609375000e+01,8.554243469238281250e+01,6.378932189941406250e+01,1.380318260192871094e+01
1.547059448242187500e+03,4.361623382568359375e+01,1.236150131225585938e+02,8.363618469238281250e+01,1.401964473724365234e+01
3.389004394531250000e+03,9.515348052978515625e+01,9.269387054443359375e+01,4.212486267089843750e+01,1.322176170349121094e+01
1.365994384765625000e+03,3.811272430419921875e+01,9.292427062988281250e+01,5.687558364868164062e+01,1.409358215332031250e+01
2.145054443359375000e+03,5.919124984741210938e+01,9.019569396972656250e+01,2.743530845642089844e+01,1.278156852722167969e+01
3.729402832031250000e+03,1.047276687622070312e+02,8.905027008056640625e+01,7.124813079833984375e+01,1.356730461120605469e+01
1.062777343750000000e+03,2.967170906066894531e+01,8.576874542236328125e+01,1.079931163787841797e+01,1.444238090515136719e+01
1.338504638671875000e+03,3.771197128295898438e+01,8.836908721923828125e+01,4.543667984008789062e+01,1.375642204284667969e+01
3.680556152343750000e+03,1.029427185058593750e+02,9.077867889404296875e+01,7.350355529785156250e+01,1.449900341033935547e+01
3.143991699218750000e+03,8.885200500488281250e+01,8.506317901611328125e+01,6.034900665283203125e+01,1.350229072570800781e+01
1.481839843750000000e+03,4.150622558593750000e+01,9.071166992187500000e+01,9.940777587890625000e+01,1.209661102294921875e+01
1.742018310546875000e+03,4.827404022216796875e+01,9.327714538574218750e+01,9.431443023681640625e+01,1.414205551147460938e+01
1.822123901367187500e+03,5.134484100341796875e+01,8.754771423339843750e+01,3.213054656982421875e+01,1.328841114044189453e+01
9.029002685546875000e+02,2.562473297119140625e+01,9.127468872070312500e+01,9.439746856689453125e+01,1.298412704467773438e+01
2.550729736328125000e+03,7.128601074218750000e+01,9.382105255126953125e+01,9.567483520507812500e+01,1.263303947448730469e+01
3.543882568359375000e+03,9.920778656005859375e+01,9.034773254394531250e+01,4.529260635375976562e+01,1.320543670654296875e+01
1.350206298828125000e+03,3.768483352661132812e+01,9.280627441406250000e+01,3.245907974243164062e+01,1.373640346527099609e+01
3.159532714843750000e+03,8.802471160888671875e+01,8.955540466308593750e+01,5.814396667480468750e+01,9.771026611328125000e+00
1.796762084960937500e+03,5.079985046386718750e+01,8.535173797607421875e+01,9.808959960937500000e+01,1.408983039855957031e+01
3.906272460937500000e+03,1.096305389404296875e+02,8.578156280517578125e+01,8.497891998291015625e+01,1.353457069396972656e+01
2.581069580078125000e+03,7.165930938720703125e+01,8.740028381347656250e+01,8.037597656250000000e+01,1.377954483032226562e+01
2.932255615234375000e+03,8.178239440917968750e+01,9.462820434570312500e+01,3.521405410766601562e+01,1.379371738433837891e+01
3.526206787109375000e+03,9.921113586425781250e+01,9.192625427246093750e+01,8.929708862304687500e+01,1.392268466949462891e+01
1.677585693359375000e+03,4.739020919799804688e+01,9.259926605224609375e+01,6.955520629882812500e+01,1.234751224517822266e+01
3.113050537109375000e+03,8.816178131103515625e+01,9.101218414306640625e+01,7.976664066314697266e+00,1.255420589447021484e+01
1.615176025390625000e+03,4.486921691894531250e+01,8.660183715820312500e+01,4.068816375732421875e+01,1.393969058990478516e+01
1.257623657226562500e+03,3.578035736083984375e+01,8.873383331298828125e+01,9.441436767578125000e+01,1.326288318634033203e+01
2.550876464843750000e+03,7.190826416015625000e+01,8.782366180419921875e+01,4.036730957031250000e+01,1.239304351806640625e+01
1.520568481445312500e+03,4.295053100585937500e+01,9.347837066650390625e+01,9.948242187500000000e+01,1.418227958679199219e+01
2.699782470703125000e+03,7.591267395019531250e+01,9.295114898681640625e+01,9.460270690917968750e+01,1.263345813751220703e+01
3.841087402343750000e+03,1.069996643066406250e+02,9.055622100830078125e+01,9.019695281982421875e+00,1.342000198364257812e+01
3.951227294921875000e+03,1.107196807861328125e+02,8.910929870605468750e+01,8.733737182617187500e+01,1.425120162963867188e+01
3.434573730468750000e+03,9.620299530029296875e+01,8.794117736816406250e+01,2.491236305236816406e+01,1.307394409179687500e+01
3.176220947265625000e+03,8.843392181396484375e+01,8.660826110839843750e+01,3.578100204467773438e+01,1.393900871276855469e+01
3.593684814453125000e+03,1.009767837524414062e+02,8.573718261718750000e+01,6.256052017211914062e+01,1.376085853576660156e+01
3.105163818359375000e+03,8.775016021728515625e+01,8.981420898437500000e+01,7.114289855957031250e+01,1.231693744659423828e+01
2.593196533203125000e+03,7.170468902587890625e+01,8.788552856445312500e+01,2.413143348693847656e+01,1.220606994628906250e+01
3.320983398437500000e+03,9.337821960449218750e+01,9.477298736572265625e+01,9.383066558837890625e+01,1.346062088012695312e+01
1.117162109375000000e+03,3.174425697326660156e+01,9.402653503417968750e+01,9.795706939697265625e+01,1.400506496429443359e+01
1.267522216796875000e+03,3.564293670654296875e+01,8.863364410400390625e+01,6.395825576782226562e+01,1.330386066436767578e+01
1.153882934570312500e+03,3.115366935729980469e+01,9.379199981689453125e+01,2.839084434509277344e+01,1.409224128723144531e+01
3.603926757812500000e+03,1.008769989013671875e+02,8.569864654541015625e+01,5.998678588867187500e+01,1.226767635345458984e+01
3.441411376953125000e+03,9.599209594726562500e+01,8.539578247070312500e+01,7.744198608398437500e+01,1.296586608886718750e+01
